voxel ID,X,Y,Z,Saturated or Unsaturated,Recharge,Outflow or NotOutflow,ID of the next downstream voxel,Number of upstream voxels,Number of downstream voxels,Velocity
1,2588040.0,1109000.0,1080.0,Saturated,,NotOutflow,-1,0,0,0.0
2,2588120.0,1109000.0,1080.0,Unsaturated,,NotOutflow,-1,1,0,0.01
3,2588040.0,1109080.0,1080.0,Unsaturated,,NotOutflow,-1,1,0,0.01
4,2587960.0,1109160.0,1080.0,Unsaturated,,NotOutflow,-1,1,0,0.01
5,2588040.0,1109160.0,1080.0,Unsaturated,,NotOutflow,-1,0,0,0.01
6,2586040.0,1109240.0,1080.0,Saturated,,NotOutflow,-1,0,0,0.0
7,2587960.0,1109240.0,1080.0,Unsaturated,,NotOutflow,-1,1,0,0.01
8,2588040.0,1109240.0,1080.0,Saturated,,NotOutflow,-1,1,0,0.0
9,2586040.0,1109320.0,1080.0,Unsaturated,,NotOutflow,-1,0,0,0.01
10,2587960.0,1109320.0,1080.0,Unsaturated,,NotOutflow,-1,1,0,0.01
11,2588040.0,1109320.0,1080.0,Unsaturated,,NotOutflow,-1,0,0,0.01
12,2586040.0,1109400.0,1080.0,Saturated,,NotOutflow,-1,0,0,0.0
13,2586120.0,1109400.0,1080.0,Saturated,,NotOutflow,-1,0,0,0.0
14,2587880.0,1109400.0,1080.0,Unsaturated,,NotOutflow,-1,1,0,0.01
15,2587960.0,1109400.0,1080.0,Unsaturated,,NotOutflow,-1,1,0,0.01
16,2586040.0,1109480.0,1080.0,Saturated,,NotOutflow,-1,1,0,0.0
17,2586120.0,1109480.0,1080.0,Saturated,,NotOutflow,-1,0,0,0.0
18,2586200.0,1109480.0,1080.0,Saturated,,NotOutflow,-1,0,0,0.0
19,2587880.0,1109480.0,1080.0,Unsaturated,,NotOutflow,-1,0,0,0.01
20,2587960.0,1109480.0,1080.0,Saturated,,NotOutflow,-1,1,0,0.0
21,2586040.0,1109560.0,1080.0,Unsaturated,,NotOutflow,-1,0,0,0.01
22,2586120.0,1109560.0,1080.0,Unsaturated,,NotOutflow,-1,1,0,0.01
23,2586200.0,1109560.0,1080.0,Unsaturated,,NotOutflow,-1,0,0,0.01
24,2587880.0,1109560.0,1080.0,Unsaturated,,NotOutflow,-1,1,0,0.01
25,2587960.0,1109560.0,1080.0,Unsaturated,,NotOutflow,-1,0,0,0.01
26,2586040.0,1109640.0,1080.0,Saturated,,NotOutflow,-1,0,0,0.0
27,2586120.0,1109640.0,1080.0,Unsaturated,,NotOutflow,-1,1,0,0.01
28,2586200.0,1109640.0,1080.0,Unsaturated,,NotOutflow,-1,0,0,0.01
29,2586280.0,1109640.0,1080.0,Unsaturated,,NotOutflow,-1,0,0,0.01
30,2587880.0,1109640.0,1080.0,Saturated,,NotOutflow,-1,0,0,0.0
31,2586040.0,1109720.0,1080.0,Unsaturated,,NotOutflow,-1,1,0,0.01
32,2586120.0,1109720.0,1080.0,Unsaturated,,NotOutflow,-1,0,0,0.01
33,2586200.0,1109720.0,1080.0,Unsaturated,,NotOutflow,-1,1,0,0.01
34,2586280.0,1109720.0,1080.0,Saturated,,NotOutflow,-1,0,0,0.0
35,2586360.0,1109720.0,1080.0,Unsaturated,,NotOutflow,-1,0,0,0.01
36,2587800.0,1109720.0,1080.0,Unsaturated,,NotOutflow,-1,1,0,0.01
37,2587880.0,1109720.0,1080.0,Unsaturated,,NotOutflow,-1,1,0,0.01
38,2586120.0,1109800.0,1080.0,Unsaturated,,NotOutflow,-1,1,0,0.01
39,2586200.0,1109800.0,1080.0,Saturated,,NotOutflow,-1,0,0,0.0
40,2586280.0,1109800.0,1080.0,Unsaturated,,NotOutflow,-1,0,0,0.01
41,2586360.0,1109800.0,1080.0,Unsaturated,,NotOutflow,-1,0,0,0.01
42,2587800.0,1109800.0,1080.0,Unsaturated,,NotOutflow,-1,1,0,0.01
43,2587880.0,1109800.0,1080.0,Unsaturated,,NotOutflow,-1,1,0,0.01
44,2586120.0,1109880.0,1080.0,Saturated,,NotOutflow,-1,1,0,0.0
45,2586200.0,1109880.0,1080.0,Unsaturated,,NotOutflow,-1,1,0,0.01
46,2586280.0,1109880.0,1080.0,Unsaturated,,NotOutflow,-1,1,0,0.01
47,2586360.0,1109880.0,1080.0,Unsaturated,,NotOutflow,-1,0,0,0.01
48,2586440.0,1109880.0,1080.0,Unsaturated,,NotOutflow,-1,0,0,0.01
49,2587800.0,1109880.0,1080.0,Unsaturated,,NotOutflow,-1,1,0,0.01
50,2586200.0,1109960.0,1080.0,Unsaturated,,NotOutflow,-1,1,0,0.01
51,2586280.0,1109960.0,1080.0,Unsaturated,,NotOutflow,-1,1,0,0.01
52,2586360.0,1109960.0,1080.0,Unsaturated,,NotOutflow,-1,1,0,0.01
53,2586440.0,1109960.0,1080.0,Unsaturated,,NotOutflow,-1,0,0,0.01
54,2586520.0,1109960.0,1080.0,Saturated,,NotOutflow,-1,0,0,0.0
55,2587720.0,1109960.0,1080.0,Unsaturated,,NotOutflow,-1,1,0,0.01
56,2587800.0,1109960.0,1080.0,Unsaturated,,NotOutflow,-1,1,0,0.01
57,2586280.0,1110040.0,1080.0,Saturated,,NotOutflow,-1,0,0,0.0
58,2586360.0,1110040.0,1080.0,Unsaturated,,NotOutflow,-1,1,0,0.01
59,2586440.0,1110040.0,1080.0,Unsaturated,,NotOutflow,-1,0,0,0.01
60,2586520.0,1110040.0,1080.0,Unsaturated,,NotOutflow,-1,0,0,0.01
61,2587720.0,1110040.0,1080.0,Unsaturated,,NotOutflow,-1,0,0,0.01
62,2587800.0,1110040.0,1080.0,Saturated,,NotOutflow,-1,0,0,0.0
63,2586280.0,1110120.0,1080.0,Unsaturated,,NotOutflow,-1,1,0,0.01
64,2586360.0,1110120.0,1080.0,Saturated,,NotOutflow,-1,0,0,0.0
65,2586440.0,1110120.0,1080.0,Unsaturated,,NotOutflow,-1,1,0,0.01
66,2586520.0,1110120.0,1080.0,Unsaturated,,NotOutflow,-1,0,0,0.01
67,2586600.0,1110120.0,1080.0,Unsaturated,,NotOutflow,-1,0,0,0.01
68,2587720.0,1110120.0,1080.0,Unsaturated,,NotOutflow,-1,1,0,0.01
69,2587800.0,1110120.0,1080.0,Unsaturated,,NotOutflow,-1,0,0,0.01
70,2586360.0,1110200.0,1080.0,Unsaturated,,NotOutflow,-1,1,0,0.01
71,2586440.0,1110200.0,1080.0,Unsaturated,,NotOutflow,-1,1,0,0.01
72,2586520.0,1110200.0,1080.0,Unsaturated,,NotOutflow,-1,1,0,0.01
73,2586600.0,1110200.0,1080.0,Unsaturated,,NotOutflow,-1,0,0,0.01
74,2587640.0,1110200.0,1080.0,Unsaturated,,NotOutflow,-1,1,0,0.01
75,2587720.0,1110200.0,1080.0,Unsaturated,,NotOutflow,-1,1,0,0.01
76,2586440.0,1110280.0,1080.0,Unsaturated,,NotOutflow,-1,0,0,0.01
77,2586520.0,1110280.0,1080.0,Saturated,,NotOutflow,-1,1,0,0.0
78,2586600.0,1110280.0,1080.0,Unsaturated,,NotOutflow,-1,0,0,0.01
79,2586680.0,1110280.0,1080.0,Unsaturated,,NotOutflow,-1,0,0,0.01
80,2587640.0,1110280.0,1080.0,Unsaturated,,NotOutflow,-1,1,0,0.01
81,2587720.0,1110280.0,1080.0,Unsaturated,,NotOutflow,-1,1,0,0.01
82,2586440.0,1110360.0,1080.0,Unsaturated,,NotOutflow,-1,1,0,0.01
83,2586520.0,1110360.0,1080.0,Saturated,,NotOutflow,-1,0,0,0.0
84,2586600.0,1110360.0,1080.0,Unsaturated,,NotOutflow,-1,1,0,0.01
85,2586680.0,1110360.0,1080.0,Unsaturated,,NotOutflow,-1,0,0,0.01
86,2587640.0,1110360.0,1080.0,Saturated,,NotOutflow,-1,0,0,0.0
87,2587720.0,1110360.0,1080.0,Unsaturated,,NotOutflow,-1,1,0,0.01
88,2586520.0,1110440.0,1080.0,Unsaturated,,NotOutflow,-1,1,0,0.01
89,2586600.0,1110440.0,1080.0,Saturated,,NotOutflow,-1,0,0,0.0
90,2586680.0,1110440.0,1080.0,Unsaturated,,NotOutflow,-1,0,0,0.01
91,2586760.0,1110440.0,1080.0,Unsaturated,,NotOutflow,-1,0,0,0.01
92,2587640.0,1110440.0,1080.0,Unsaturated,,NotOutflow,-1,1,0,0.01
93,2586600.0,1110520.0,1080.0,Unsaturated,,NotOutflow,-1,0,0,0.01
94,2586680.0,1110520.0,1080.0,Saturated,,NotOutflow,-1,0,0,0.0
95,2586760.0,1110520.0,1080.0,Saturated,,NotOutflow,-1,0,0,0.0
96,2587560.0,1110520.0,1080.0,Unsaturated,,NotOutflow,-1,1,0,0.01
97,2587640.0,1110520.0,1080.0,Saturated,,NotOutflow,-1,0,0,0.0
98,2586600.0,1110600.0,1080.0,Unsaturated,,NotOutflow,-1,1,0,0.01
99,2586680.0,1110600.0,1080.0,Saturated,,NotOutflow,1051,1,2,1.5726391665118147e-10
100,2586760.0,1110600.0,1080.0,Saturated,,NotOutflow,106,1,1,3.9976091574049677e-11
101,2586840.0,1110600.0,1080.0,Unsaturated,,NotOutflow,-1,0,0,0.01
102,2587560.0,1110600.0,1080.0,Unsaturated,,NotOutflow,-1,1,0,0.01
103,2587640.0,1110600.0,1080.0,Unsaturated,,NotOutflow,-1,1,0,0.01
104,2586600.0,1110680.0,1080.0,Unsaturated,,NotOutflow,-1,1,0,0.01
105,2586680.0,1110680.0,1080.0,Saturated,,NotOutflow,-1,1,0,0.0
106,2586760.0,1110680.0,1080.0,Saturated,,NotOutflow,111,1,1,3.9976091574049677e-11
107,2586840.0,1110680.0,1080.0,Unsaturated,,NotOutflow,-1,1,0,0.01
108,2587560.0,1110680.0,1080.0,Unsaturated,,NotOutflow,-1,1,0,0.01
109,2587640.0,1110680.0,1080.0,Unsaturated,,NotOutflow,-1,0,0,0.01
110,2586680.0,1110760.0,1080.0,Unsaturated,,NotOutflow,-1,0,0,0.01
111,2586760.0,1110760.0,1080.0,Saturated,,NotOutflow,1065,1,1,3.9976091574049677e-11
112,2586840.0,1110760.0,1080.0,Unsaturated,,NotOutflow,-1,0,0,0.01
113,2587480.0,1110760.0,1080.0,Unsaturated,,NotOutflow,-1,1,0,0.01
114,2587560.0,1110760.0,1080.0,Unsaturated,,NotOutflow,-1,1,0,0.01
115,2586600.0,1110840.0,1080.0,Unsaturated,,NotOutflow,-1,1,0,0.01
116,2586680.0,1110840.0,1080.0,Unsaturated,,NotOutflow,-1,0,0,0.01
117,2586760.0,1110840.0,1080.0,Unsaturated,,NotOutflow,-1,1,0,0.01
118,2586840.0,1110840.0,1080.0,Unsaturated,,NotOutflow,-1,0,0,0.01
119,2586920.0,1110840.0,1080.0,Saturated,,NotOutflow,-1,0,0,0.0
120,2587480.0,1110840.0,1080.0,Unsaturated,,NotOutflow,-1,0,0,0.01
121,2587560.0,1110840.0,1080.0,Unsaturated,,NotOutflow,-1,1,0,0.01
122,2586040.0,1110920.0,1080.0,Unsaturated,,NotOutflow,-1,1,0,0.01
123,2586600.0,1110920.0,1080.0,Unsaturated,,NotOutflow,-1,0,0,0.01
124,2586680.0,1110920.0,1080.0,Unsaturated,,NotOutflow,-1,0,0,0.01
125,2586760.0,1110920.0,1080.0,Unsaturated,,NotOutflow,-1,1,0,0.01
126,2586840.0,1110920.0,1080.0,Unsaturated,,NotOutflow,-1,1,0,0.01
127,2586920.0,1110920.0,1080.0,Unsaturated,,NotOutflow,-1,0,0,0.01
128,2587000.0,1110920.0,1080.0,Unsaturated,,NotOutflow,-1,0,0,0.01
129,2587480.0,1110920.0,1080.0,Saturated,,NotOutflow,-1,0,0,0.0
130,2587560.0,1110920.0,1080.0,Unsaturated,,NotOutflow,-1,0,0,0.01
131,2586040.0,1111000.0,1080.0,Saturated,,NotOutflow,-1,0,0,0.0
132,2586120.0,1111000.0,1080.0,Unsaturated,,NotOutflow,-1,1,0,0.01
133,2586600.0,1111000.0,1080.0,Unsaturated,,NotOutflow,-1,0,0,0.01
134,2586680.0,1111000.0,1080.0,Unsaturated,,NotOutflow,-1,1,0,0.01
135,2586760.0,1111000.0,1080.0,Unsaturated,,NotOutflow,-1,1,0,0.01
136,2586840.0,1111000.0,1080.0,Saturated,,NotOutflow,-1,1,0,0.0
137,2586920.0,1111000.0,1080.0,Unsaturated,,NotOutflow,-1,1,0,0.01
138,2587000.0,1111000.0,1080.0,Saturated,,NotOutflow,-1,0,0,0.0
139,2587080.0,1111000.0,1080.0,Unsaturated,,NotOutflow,-1,1,0,0.01
140,2587480.0,1111000.0,1080.0,Saturated,,NotOutflow,-1,0,0,0.0
141,2586040.0,1111080.0,1080.0,Unsaturated,,NotOutflow,-1,1,0,0.01
142,2586120.0,1111080.0,1080.0,Unsaturated,,NotOutflow,-1,1,0,0.01
143,2586200.0,1111080.0,1080.0,Unsaturated,,NotOutflow,-1,1,0,0.01
144,2586600.0,1111080.0,1080.0,Unsaturated,,NotOutflow,-1,1,0,0.01
145,2586680.0,1111080.0,1080.0,Unsaturated,,NotOutflow,-1,1,0,0.01
146,2586760.0,1111080.0,1080.0,Unsaturated,,NotOutflow,-1,1,0,0.01
147,2586840.0,1111080.0,1080.0,Unsaturated,,NotOutflow,-1,1,0,0.01
148,2586920.0,1111080.0,1080.0,Saturated,,NotOutflow,-1,0,0,0.0
149,2587000.0,1111080.0,1080.0,Saturated,,NotOutflow,-1,0,0,0.0
150,2587080.0,1111080.0,1080.0,Unsaturated,,NotOutflow,-1,0,0,0.01
151,2587400.0,1111080.0,1080.0,Unsaturated,,NotOutflow,-1,0,0,0.01
152,2587480.0,1111080.0,1080.0,Unsaturated,,NotOutflow,-1,0,0,0.01
153,2586120.0,1111160.0,1080.0,Unsaturated,,NotOutflow,-1,1,0,0.01
154,2586200.0,1111160.0,1080.0,Unsaturated,,NotOutflow,-1,1,0,0.01
155,2586280.0,1111160.0,1080.0,Unsaturated,,NotOutflow,-1,1,0,0.01
156,2586600.0,1111160.0,1080.0,Unsaturated,,NotOutflow,-1,1,0,0.01
157,2586680.0,1111160.0,1080.0,Unsaturated,,NotOutflow,-1,1,0,0.01
158,2586840.0,1111160.0,1080.0,Unsaturated,,NotOutflow,-1,0,0,0.01
159,2586920.0,1111160.0,1080.0,Unsaturated,,NotOutflow,-1,1,0,0.01
160,2587000.0,1111160.0,1080.0,Saturated,,NotOutflow,-1,0,0,0.0
161,2587080.0,1111160.0,1080.0,Unsaturated,,NotOutflow,-1,1,0,0.01
162,2587160.0,1111160.0,1080.0,Unsaturated,,NotOutflow,-1,1,0,0.01
163,2587400.0,1111160.0,1080.0,Unsaturated,,NotOutflow,-1,1,0,0.01
164,2587480.0,1111160.0,1080.0,Unsaturated,,NotOutflow,-1,1,0,0.01
165,2586280.0,1111240.0,1080.0,Saturated,,NotOutflow,-1,0,0,0.0
166,2586360.0,1111240.0,1080.0,Unsaturated,,NotOutflow,-1,1,0,0.01
167,2586600.0,1111240.0,1080.0,Unsaturated,,NotOutflow,-1,1,0,0.01
168,2586840.0,1111240.0,1080.0,Unsaturated,,NotOutflow,-1,1,0,0.01
169,2586920.0,1111240.0,1080.0,Unsaturated,,NotOutflow,-1,1,0,0.01
170,2587000.0,1111240.0,1080.0,Unsaturated,,NotOutflow,-1,0,0,0.01
171,2587080.0,1111240.0,1080.0,Unsaturated,,NotOutflow,-1,1,0,0.01
172,2587160.0,1111240.0,1080.0,Unsaturated,,NotOutflow,-1,1,0,0.01
173,2587240.0,1111240.0,1080.0,Saturated,,NotOutflow,-1,1,0,0.0
174,2587400.0,1111240.0,1080.0,Unsaturated,,NotOutflow,-1,1,0,0.01
175,2586360.0,1111320.0,1080.0,Unsaturated,,NotOutflow,-1,1,0,0.01
176,2586440.0,1111320.0,1080.0,Unsaturated,,NotOutflow,-1,1,0,0.01
177,2586600.0,1111320.0,1080.0,Unsaturated,,NotOutflow,-1,1,0,0.01
178,2586920.0,1111320.0,1080.0,Unsaturated,,NotOutflow,-1,1,0,0.01
179,2587000.0,1111320.0,1080.0,Saturated,,NotOutflow,-1,1,0,0.0
180,2587080.0,1111320.0,1080.0,Unsaturated,,NotOutflow,-1,0,0,0.01
181,2587240.0,1111320.0,1080.0,Unsaturated,,NotOutflow,-1,1,0,0.01
182,2587320.0,1111320.0,1080.0,Unsaturated,,NotOutflow,-1,1,0,0.01
183,2587400.0,1111320.0,1080.0,Unsaturated,,NotOutflow,-1,1,0,0.01
184,2586440.0,1111400.0,1080.0,Unsaturated,,NotOutflow,-1,1,0,0.01
185,2586520.0,1111400.0,1080.0,Unsaturated,,NotOutflow,-1,1,0,0.01
186,2586600.0,1111400.0,1080.0,Unsaturated,,NotOutflow,-1,1,0,0.01
187,2586920.0,1111400.0,1080.0,Unsaturated,,NotOutflow,-1,1,0,0.01
188,2587000.0,1111400.0,1080.0,Unsaturated,,NotOutflow,-1,1,0,0.01
189,2587080.0,1111400.0,1080.0,Saturated,,NotOutflow,-1,0,0,0.0
190,2587240.0,1111400.0,1080.0,Unsaturated,,NotOutflow,-1,1,0,0.01
191,2587320.0,1111400.0,1080.0,Saturated,,NotOutflow,-1,0,0,0.0
192,2587400.0,1111400.0,1080.0,Unsaturated,,NotOutflow,-1,1,0,0.01
193,2586520.0,1111480.0,1080.0,Unsaturated,,NotOutflow,-1,1,0,0.01
194,2586600.0,1111480.0,1080.0,Saturated,,NotOutflow,-1,0,0,0.0
195,2586680.0,1111480.0,1080.0,Unsaturated,,NotOutflow,-1,1,0,0.01
196,2587000.0,1111480.0,1080.0,Unsaturated,,NotOutflow,-1,0,0,0.01
197,2587080.0,1111480.0,1080.0,Saturated,,NotOutflow,-1,0,0,0.0
198,2587160.0,1111480.0,1080.0,Unsaturated,,NotOutflow,-1,1,0,0.01
199,2587320.0,1111480.0,1080.0,Unsaturated,,NotOutflow,-1,1,0,0.01
200,2587400.0,1111480.0,1080.0,Unsaturated,,NotOutflow,-1,1,0,0.01
201,2587480.0,1111480.0,1080.0,Unsaturated,,NotOutflow,-1,0,0,0.01
202,2586520.0,1111560.0,1080.0,Unsaturated,,NotOutflow,-1,1,0,0.01
203,2586600.0,1111560.0,1080.0,Unsaturated,,NotOutflow,-1,1,0,0.01
204,2586680.0,1111560.0,1080.0,Unsaturated,,NotOutflow,-1,1,0,0.01
205,2586760.0,1111560.0,1080.0,Unsaturated,,NotOutflow,-1,1,0,0.01
206,2586840.0,1111560.0,1080.0,Unsaturated,,NotOutflow,-1,1,0,0.01
207,2587000.0,1111560.0,1080.0,Unsaturated,,NotOutflow,-1,1,0,0.01
208,2587080.0,1111560.0,1080.0,Unsaturated,,NotOutflow,-1,1,0,0.01
209,2587160.0,1111560.0,1080.0,Unsaturated,,NotOutflow,-1,1,0,0.01
210,2587320.0,1111560.0,1080.0,Unsaturated,,NotOutflow,-1,1,0,0.01
211,2587400.0,1111560.0,1080.0,Unsaturated,,NotOutflow,-1,1,0,0.01
212,2587480.0,1111560.0,1080.0,Unsaturated,,NotOutflow,-1,1,0,0.01
213,2586520.0,1111640.0,1080.0,Unsaturated,,NotOutflow,-1,1,0,0.01
214,2586600.0,1111640.0,1080.0,Unsaturated,,NotOutflow,-1,1,0,0.01
215,2586680.0,1111640.0,1080.0,Unsaturated,,NotOutflow,-1,1,0,0.01
216,2586760.0,1111640.0,1080.0,Unsaturated,,NotOutflow,-1,1,0,0.01
217,2586840.0,1111640.0,1080.0,Unsaturated,,NotOutflow,-1,1,0,0.01
218,2586920.0,1111640.0,1080.0,Unsaturated,,NotOutflow,-1,1,0,0.01
219,2587000.0,1111640.0,1080.0,Unsaturated,,NotOutflow,-1,1,0,0.01
220,2587080.0,1111640.0,1080.0,Unsaturated,,NotOutflow,-1,1,0,0.01
221,2587160.0,1111640.0,1080.0,Unsaturated,,NotOutflow,-1,1,0,0.01
222,2587240.0,1111640.0,1080.0,Unsaturated,,NotOutflow,-1,1,0,0.01
223,2587320.0,1111640.0,1080.0,Unsaturated,,NotOutflow,-1,1,0,0.01
224,2587480.0,1111640.0,1080.0,Saturated,,NotOutflow,-1,0,0,0.0
225,2587560.0,1111640.0,1080.0,Unsaturated,,NotOutflow,-1,1,0,0.01
226,2586520.0,1111720.0,1080.0,Saturated,,NotOutflow,-1,0,0,0.0
227,2586600.0,1111720.0,1080.0,Unsaturated,,NotOutflow,-1,1,0,0.01
228,2586760.0,1111720.0,1080.0,Unsaturated,,NotOutflow,-1,1,0,0.01
229,2586840.0,1111720.0,1080.0,Saturated,,NotOutflow,-1,1,0,0.0
230,2586920.0,1111720.0,1080.0,Unsaturated,,NotOutflow,-1,0,0,0.01
231,2587000.0,1111720.0,1080.0,Unsaturated,,NotOutflow,-1,1,0,0.01
232,2587080.0,1111720.0,1080.0,Unsaturated,,NotOutflow,-1,1,0,0.01
233,2587160.0,1111720.0,1080.0,Unsaturated,,NotOutflow,-1,1,0,0.01
234,2587240.0,1111720.0,1080.0,Unsaturated,,NotOutflow,-1,1,0,0.01
235,2587320.0,1111720.0,1080.0,Unsaturated,,NotOutflow,-1,1,0,0.01
236,2587560.0,1111720.0,1080.0,Unsaturated,,NotOutflow,-1,1,0,0.01
237,2587640.0,1111720.0,1080.0,Unsaturated,,NotOutflow,-1,1,0,0.01
238,2586520.0,1111800.0,1080.0,Unsaturated,,NotOutflow,-1,0,0,0.01
239,2586840.0,1111800.0,1080.0,Unsaturated,,NotOutflow,-1,1,0,0.01
240,2586920.0,1111800.0,1080.0,Unsaturated,,NotOutflow,-1,1,0,0.01
241,2587000.0,1111800.0,1080.0,Unsaturated,,NotOutflow,-1,0,0,0.01
242,2587080.0,1111800.0,1080.0,Saturated,,NotOutflow,-1,0,0,0.0
243,2587160.0,1111800.0,1080.0,Saturated,,NotOutflow,-1,1,0,0.0
244,2587240.0,1111800.0,1080.0,Unsaturated,,NotOutflow,-1,1,0,0.01
245,2587560.0,1111800.0,1080.0,Unsaturated,,NotOutflow,-1,1,0,0.01
246,2587640.0,1111800.0,1080.0,Saturated,,NotOutflow,-1,1,0,0.0
247,2587720.0,1111800.0,1080.0,Unsaturated,,NotOutflow,-1,1,0,0.01
248,2586440.0,1111880.0,1080.0,Unsaturated,,NotOutflow,-1,1,0,0.01
249,2586520.0,1111880.0,1080.0,Unsaturated,,NotOutflow,-1,0,0,0.01
250,2586920.0,1111880.0,1080.0,Unsaturated,,NotOutflow,-1,1,0,0.01
251,2587000.0,1111880.0,1080.0,Unsaturated,,NotOutflow,-1,1,0,0.01
252,2587080.0,1111880.0,1080.0,Unsaturated,,NotOutflow,-1,1,0,0.01
253,2587160.0,1111880.0,1080.0,Saturated,,NotOutflow,-1,1,0,0.0
254,2587240.0,1111880.0,1080.0,Unsaturated,,NotOutflow,-1,1,0,0.01
255,2587320.0,1111880.0,1080.0,Unsaturated,,NotOutflow,-1,1,0,0.01
256,2587400.0,1111880.0,1080.0,Unsaturated,,NotOutflow,-1,1,0,0.01
257,2587480.0,1111880.0,1080.0,Unsaturated,,NotOutflow,-1,1,0,0.01
258,2587560.0,1111880.0,1080.0,Unsaturated,,NotOutflow,-1,1,0,0.01
259,2587640.0,1111880.0,1080.0,Unsaturated,,NotOutflow,-1,0,0,0.01
260,2587720.0,1111880.0,1080.0,Unsaturated,,NotOutflow,-1,1,0,0.01
261,2587800.0,1111880.0,1080.0,Unsaturated,,NotOutflow,-1,1,0,0.01
262,2586440.0,1111960.0,1080.0,Unsaturated,,NotOutflow,-1,1,0,0.01
263,2586520.0,1111960.0,1080.0,Saturated,,NotOutflow,-1,1,0,0.0
264,2587000.0,1111960.0,1080.0,Unsaturated,,NotOutflow,-1,0,0,0.01
265,2587080.0,1111960.0,1080.0,Unsaturated,,NotOutflow,-1,0,0,0.01
266,2587160.0,1111960.0,1080.0,Unsaturated,,NotOutflow,-1,1,0,0.01
267,2587240.0,1111960.0,1080.0,Saturated,,NotOutflow,-1,1,0,0.0
268,2587320.0,1111960.0,1080.0,Unsaturated,,NotOutflow,-1,1,0,0.01
269,2587400.0,1111960.0,1080.0,Unsaturated,,NotOutflow,-1,1,0,0.01
270,2587480.0,1111960.0,1080.0,Saturated,,NotOutflow,-1,0,0,0.0
271,2587560.0,1111960.0,1080.0,Saturated,,NotOutflow,-1,0,0,0.0
272,2587640.0,1111960.0,1080.0,Unsaturated,,NotOutflow,-1,1,0,0.01
273,2587720.0,1111960.0,1080.0,Unsaturated,,NotOutflow,-1,1,0,0.01
274,2587800.0,1111960.0,1080.0,Unsaturated,,NotOutflow,-1,0,0,0.01
275,2587880.0,1111960.0,1080.0,Saturated,,NotOutflow,-1,1,0,0.0
276,2587960.0,1111960.0,1080.0,Unsaturated,,NotOutflow,-1,1,0,0.01
277,2586440.0,1112040.0,1080.0,Unsaturated,,NotOutflow,-1,0,0,0.01
278,2586520.0,1112040.0,1080.0,Saturated,,NotOutflow,-1,1,0,0.0
279,2587080.0,1112040.0,1080.0,Unsaturated,,NotOutflow,-1,0,0,0.01
280,2587160.0,1112040.0,1080.0,Saturated,,NotOutflow,-1,0,0,0.0
281,2587240.0,1112040.0,1080.0,Unsaturated,,NotOutflow,-1,1,0,0.01
282,2587400.0,1112040.0,1080.0,Unsaturated,,NotOutflow,-1,0,0,0.01
283,2587480.0,1112040.0,1080.0,Saturated,,NotOutflow,-1,0,0,0.0
284,2587560.0,1112040.0,1080.0,Unsaturated,,NotOutflow,-1,1,0,0.01
285,2587640.0,1112040.0,1080.0,Unsaturated,,NotOutflow,-1,1,0,0.01
286,2587720.0,1112040.0,1080.0,Unsaturated,,NotOutflow,-1,1,0,0.01
287,2587800.0,1112040.0,1080.0,Unsaturated,,NotOutflow,-1,1,0,0.01
288,2587880.0,1112040.0,1080.0,Saturated,,NotOutflow,-1,1,0,0.0
289,2587960.0,1112040.0,1080.0,Unsaturated,,NotOutflow,-1,1,0,0.01
290,2588040.0,1112040.0,1080.0,Unsaturated,,NotOutflow,-1,1,0,0.01
291,2588120.0,1112040.0,1080.0,Unsaturated,,NotOutflow,-1,0,0,0.01
292,2588200.0,1112040.0,1080.0,Saturated,,NotOutflow,-1,1,0,0.0
293,2588280.0,1112040.0,1080.0,Unsaturated,,NotOutflow,-1,1,0,0.01
294,2588360.0,1112040.0,1080.0,Unsaturated,,NotOutflow,-1,1,0,0.01
295,2588440.0,1112040.0,1080.0,Unsaturated,,NotOutflow,-1,1,0,0.01
296,2586040.0,1112120.0,1080.0,Saturated,,NotOutflow,-1,0,0,0.0
297,2586440.0,1112120.0,1080.0,Saturated,,NotOutflow,-1,1,0,0.0
298,2586520.0,1112120.0,1080.0,Unsaturated,,NotOutflow,-1,1,0,0.01
299,2587160.0,1112120.0,1080.0,Saturated,,NotOutflow,-1,0,0,0.0
300,2587240.0,1112120.0,1080.0,Unsaturated,,NotOutflow,-1,1,0,0.01
301,2587560.0,1112120.0,1080.0,Unsaturated,,NotOutflow,-1,1,0,0.01
302,2587640.0,1112120.0,1080.0,Unsaturated,,NotOutflow,-1,1,0,0.01
303,2587720.0,1112120.0,1080.0,Saturated,,NotOutflow,-1,1,0,0.0
304,2587800.0,1112120.0,1080.0,Unsaturated,,NotOutflow,-1,1,0,0.01
305,2587880.0,1112120.0,1080.0,Unsaturated,,NotOutflow,-1,1,0,0.01
306,2587960.0,1112120.0,1080.0,Unsaturated,,NotOutflow,-1,1,0,0.01
307,2588120.0,1112120.0,1080.0,Unsaturated,,NotOutflow,-1,1,0,0.01
308,2588200.0,1112120.0,1080.0,Unsaturated,,NotOutflow,-1,1,0,0.01
309,2588280.0,1112120.0,1080.0,Unsaturated,,NotOutflow,-1,1,0,0.01
310,2588360.0,1112120.0,1080.0,Unsaturated,,NotOutflow,-1,1,0,0.01
311,2588440.0,1112120.0,1080.0,Saturated,,NotOutflow,-1,0,0,0.0
312,2588520.0,1112120.0,1080.0,Saturated,,NotOutflow,-1,0,0,0.0
313,2588600.0,1112120.0,1080.0,Unsaturated,,NotOutflow,-1,1,0,0.01
314,2588680.0,1112120.0,1080.0,Unsaturated,,NotOutflow,-1,1,0,0.01
315,2588760.0,1112120.0,1080.0,Unsaturated,,NotOutflow,-1,1,0,0.01
316,2588840.0,1112120.0,1080.0,Unsaturated,,NotOutflow,-1,1,0,0.01
317,2588920.0,1112120.0,1080.0,Unsaturated,,NotOutflow,-1,1,0,0.01
318,2589000.0,1112120.0,1080.0,Unsaturated,,NotOutflow,-1,1,0,0.01
319,2586040.0,1112200.0,1080.0,Unsaturated,,NotOutflow,-1,1,0,0.01
320,2586120.0,1112200.0,1080.0,Unsaturated,,NotOutflow,-1,1,0,0.01
321,2586200.0,1112200.0,1080.0,Unsaturated,,NotOutflow,-1,1,0,0.01
322,2586440.0,1112200.0,1080.0,Unsaturated,,NotOutflow,-1,1,0,0.01
323,2586520.0,1112200.0,1080.0,Unsaturated,,NotOutflow,-1,1,0,0.01
324,2587080.0,1112200.0,1080.0,Unsaturated,,NotOutflow,-1,0,0,0.01
325,2587160.0,1112200.0,1080.0,Unsaturated,,NotOutflow,-1,0,0,0.01
326,2587240.0,1112200.0,1080.0,Unsaturated,,NotOutflow,-1,1,0,0.01
327,2587320.0,1112200.0,1080.0,Unsaturated,,NotOutflow,-1,0,0,0.01
328,2587800.0,1112200.0,1080.0,Unsaturated,,NotOutflow,-1,1,0,0.01
329,2587880.0,1112200.0,1080.0,Unsaturated,,NotOutflow,-1,0,0,0.01
330,2587960.0,1112200.0,1080.0,Saturated,,NotOutflow,-1,0,0,0.0
331,2588040.0,1112200.0,1080.0,Saturated,,NotOutflow,-1,0,0,0.0
332,2588120.0,1112200.0,1080.0,Unsaturated,,NotOutflow,-1,1,0,0.01
333,2588680.0,1112200.0,1080.0,Unsaturated,,NotOutflow,-1,1,0,0.01
334,2588760.0,1112200.0,1080.0,Unsaturated,,NotOutflow,-1,1,0,0.01
335,2588840.0,1112200.0,1080.0,Saturated,,NotOutflow,-1,0,0,0.0
336,2588920.0,1112200.0,1080.0,Unsaturated,,NotOutflow,-1,1,0,0.01
337,2589000.0,1112200.0,1080.0,Saturated,,NotOutflow,-1,0,0,0.0
338,2589080.0,1112200.0,1080.0,Unsaturated,,NotOutflow,-1,1,0,0.01
339,2589160.0,1112200.0,1080.0,Unsaturated,,NotOutflow,-1,1,0,0.01
340,2589240.0,1112200.0,1080.0,Saturated,,NotOutflow,-1,0,0,0.0
341,2589320.0,1112200.0,1080.0,Unsaturated,,NotOutflow,-1,1,0,0.01
342,2589400.0,1112200.0,1080.0,Unsaturated,,NotOutflow,-1,1,0,0.01
343,2589480.0,1112200.0,1080.0,Unsaturated,,NotOutflow,-1,1,0,0.01
344,2586120.0,1112280.0,1080.0,Unsaturated,,NotOutflow,-1,0,0,0.01
345,2586200.0,1112280.0,1080.0,Saturated,,NotOutflow,-1,1,0,0.0
346,2586280.0,1112280.0,1080.0,Unsaturated,,NotOutflow,-1,0,0,0.01
347,2586360.0,1112280.0,1080.0,Unsaturated,,NotOutflow,-1,1,0,0.01
348,2586440.0,1112280.0,1080.0,Unsaturated,,NotOutflow,-1,1,0,0.01
349,2587080.0,1112280.0,1080.0,Unsaturated,,NotOutflow,-1,0,0,0.01
350,2587160.0,1112280.0,1080.0,Unsaturated,,NotOutflow,-1,1,0,0.01
351,2587240.0,1112280.0,1080.0,Unsaturated,,NotOutflow,-1,1,0,0.01
352,2587320.0,1112280.0,1080.0,Saturated,,NotOutflow,-1,1,0,0.0
353,2587960.0,1112280.0,1080.0,Unsaturated,,NotOutflow,-1,0,0,0.01
354,2588040.0,1112280.0,1080.0,Unsaturated,,NotOutflow,-1,0,0,0.01
355,2588120.0,1112280.0,1080.0,Unsaturated,,NotOutflow,-1,1,0,0.01
356,2588200.0,1112280.0,1080.0,Saturated,,NotOutflow,-1,1,0,0.0
357,2588280.0,1112280.0,1080.0,Unsaturated,,NotOutflow,-1,1,0,0.01
358,2588360.0,1112280.0,1080.0,Unsaturated,,NotOutflow,-1,1,0,0.01
359,2588440.0,1112280.0,1080.0,Unsaturated,,NotOutflow,-1,0,0,0.01
360,2589160.0,1112280.0,1080.0,Unsaturated,,NotOutflow,-1,1,0,0.01
361,2589240.0,1112280.0,1080.0,Unsaturated,,NotOutflow,-1,1,0,0.01
362,2589320.0,1112280.0,1080.0,Unsaturated,,NotOutflow,-1,1,0,0.01
363,2589400.0,1112280.0,1080.0,Unsaturated,,NotOutflow,-1,1,0,0.01
364,2589480.0,1112280.0,1080.0,Saturated,,NotOutflow,-1,0,0,0.0
365,2589560.0,1112280.0,1080.0,Unsaturated,,NotOutflow,-1,1,0,0.01
366,2589640.0,1112280.0,1080.0,Unsaturated,,NotOutflow,-1,1,0,0.01
367,2589720.0,1112280.0,1080.0,Saturated,,NotOutflow,-1,0,0,0.0
368,2589800.0,1112280.0,1080.0,Unsaturated,,NotOutflow,-1,1,0,0.01
369,2589880.0,1112280.0,1080.0,Unsaturated,,NotOutflow,-1,1,0,0.01
370,2589960.0,1112280.0,1080.0,Unsaturated,,NotOutflow,-1,1,0,0.01
371,2590040.0,1112280.0,1080.0,Unsaturated,,NotOutflow,-1,1,0,0.01
372,2586360.0,1112360.0,1080.0,Unsaturated,,NotOutflow,-1,1,0,0.01
373,2586440.0,1112360.0,1080.0,Saturated,,NotOutflow,1332,1,1,1.7857015933620746e-15
374,2586520.0,1112360.0,1080.0,Unsaturated,,NotOutflow,-1,1,0,0.01
375,2586600.0,1112360.0,1080.0,Unsaturated,,NotOutflow,-1,1,0,0.01
376,2587080.0,1112360.0,1080.0,Unsaturated,,NotOutflow,-1,1,0,0.01
377,2587160.0,1112360.0,1080.0,Unsaturated,,NotOutflow,-1,1,0,0.01
378,2587240.0,1112360.0,1080.0,Unsaturated,,NotOutflow,-1,1,0,0.01
379,2587320.0,1112360.0,1080.0,Unsaturated,,NotOutflow,-1,1,0,0.01
380,2587400.0,1112360.0,1080.0,Unsaturated,,NotOutflow,-1,1,0,0.01
381,2587960.0,1112360.0,1080.0,Unsaturated,,NotOutflow,-1,1,0,0.01
382,2588040.0,1112360.0,1080.0,Unsaturated,,NotOutflow,-1,1,0,0.01
383,2588120.0,1112360.0,1080.0,Unsaturated,,NotOutflow,-1,0,0,0.01
384,2588200.0,1112360.0,1080.0,Unsaturated,,NotOutflow,-1,1,0,0.01
385,2588280.0,1112360.0,1080.0,Unsaturated,,NotOutflow,-1,1,0,0.01
386,2588360.0,1112360.0,1080.0,Unsaturated,,NotOutflow,-1,0,0,0.01
387,2588440.0,1112360.0,1080.0,Saturated,,NotOutflow,-1,0,0,0.0
388,2588520.0,1112360.0,1080.0,Unsaturated,,NotOutflow,-1,1,0,0.01
389,2588600.0,1112360.0,1080.0,Unsaturated,,NotOutflow,-1,1,0,0.01
390,2588680.0,1112360.0,1080.0,Unsaturated,,NotOutflow,-1,1,0,0.01
391,2589720.0,1112360.0,1080.0,Unsaturated,,NotOutflow,-1,1,0,0.01
392,2589800.0,1112360.0,1080.0,Unsaturated,,NotOutflow,-1,1,0,0.01
393,2589880.0,1112360.0,1080.0,Unsaturated,,NotOutflow,-1,1,0,0.01
394,2589960.0,1112360.0,1080.0,Unsaturated,,NotOutflow,-1,1,0,0.01
395,2590040.0,1112360.0,1080.0,Saturated,,NotOutflow,-1,0,0,0.0
396,2590120.0,1112360.0,1080.0,Saturated,,NotOutflow,-1,0,0,0.0
397,2590200.0,1112360.0,1080.0,Unsaturated,,NotOutflow,-1,1,0,0.01
398,2590280.0,1112360.0,1080.0,Unsaturated,,NotOutflow,-1,1,0,0.01
399,2590360.0,1112360.0,1080.0,Unsaturated,,NotOutflow,-1,1,0,0.01
400,2590440.0,1112360.0,1080.0,Unsaturated,,NotOutflow,-1,1,0,0.01
401,2590520.0,1112360.0,1080.0,Unsaturated,,NotOutflow,-1,1,0,0.01
402,2586360.0,1112440.0,1080.0,Unsaturated,,NotOutflow,-1,1,0,0.01
403,2586440.0,1112440.0,1080.0,Unsaturated,,NotOutflow,-1,1,0,0.01
404,2586520.0,1112440.0,1080.0,Unsaturated,,NotOutflow,-1,1,0,0.01
405,2586600.0,1112440.0,1080.0,Unsaturated,,NotOutflow,-1,1,0,0.01
406,2586680.0,1112440.0,1080.0,Unsaturated,,NotOutflow,-1,1,0,0.01
407,2587000.0,1112440.0,1080.0,Unsaturated,,NotOutflow,-1,1,0,0.01
408,2587080.0,1112440.0,1080.0,Unsaturated,,NotOutflow,-1,1,0,0.01
409,2587160.0,1112440.0,1080.0,Unsaturated,,NotOutflow,-1,1,0,0.01
410,2587240.0,1112440.0,1080.0,Saturated,,NotOutflow,-1,1,0,0.0
411,2587320.0,1112440.0,1080.0,Unsaturated,,NotOutflow,-1,1,0,0.01
412,2587400.0,1112440.0,1080.0,Unsaturated,,NotOutflow,-1,1,0,0.01
413,2587480.0,1112440.0,1080.0,Saturated,,NotOutflow,-1,1,0,0.0
414,2588040.0,1112440.0,1080.0,Saturated,,NotOutflow,-1,0,0,0.0
415,2588120.0,1112440.0,1080.0,Unsaturated,,NotOutflow,-1,1,0,0.01
416,2588200.0,1112440.0,1080.0,Unsaturated,,NotOutflow,-1,1,0,0.01
417,2588280.0,1112440.0,1080.0,Unsaturated,,NotOutflow,-1,1,0,0.01
418,2588440.0,1112440.0,1080.0,Unsaturated,,NotOutflow,-1,0,0,0.01
419,2588520.0,1112440.0,1080.0,Unsaturated,,NotOutflow,-1,0,0,0.01
420,2588600.0,1112440.0,1080.0,Unsaturated,,NotOutflow,-1,1,0,0.01
421,2588680.0,1112440.0,1080.0,Unsaturated,,NotOutflow,-1,1,0,0.01
422,2588760.0,1112440.0,1080.0,Unsaturated,,NotOutflow,-1,1,0,0.01
423,2588840.0,1112440.0,1080.0,Unsaturated,,NotOutflow,-1,1,0,0.01
424,2588920.0,1112440.0,1080.0,Unsaturated,,NotOutflow,-1,1,0,0.01
425,2589000.0,1112440.0,1080.0,Unsaturated,,NotOutflow,-1,1,0,0.01
426,2590200.0,1112440.0,1080.0,Unsaturated,,NotOutflow,-1,1,0,0.01
427,2590280.0,1112440.0,1080.0,Unsaturated,,NotOutflow,-1,1,0,0.01
428,2590360.0,1112440.0,1080.0,Unsaturated,,NotOutflow,-1,1,0,0.01
429,2590440.0,1112440.0,1080.0,Unsaturated,,NotOutflow,-1,1,0,0.01
430,2590520.0,1112440.0,1080.0,Saturated,,NotOutflow,-1,0,0,0.0
431,2590600.0,1112440.0,1080.0,Saturated,,NotOutflow,-1,0,0,0.0
432,2590680.0,1112440.0,1080.0,Unsaturated,,NotOutflow,-1,1,0,0.01
433,2590760.0,1112440.0,1080.0,Unsaturated,,NotOutflow,-1,1,0,0.01
434,2590840.0,1112440.0,1080.0,Unsaturated,,NotOutflow,-1,1,0,0.01
435,2590920.0,1112440.0,1080.0,Unsaturated,,NotOutflow,-1,1,0,0.01
436,2591000.0,1112440.0,1080.0,Unsaturated,,NotOutflow,-1,1,0,0.01
437,2586360.0,1112520.0,1080.0,Unsaturated,,NotOutflow,-1,1,0,0.01
438,2586440.0,1112520.0,1080.0,Unsaturated,,NotOutflow,-1,1,0,0.01
439,2586680.0,1112520.0,1080.0,Unsaturated,,NotOutflow,-1,1,0,0.01
440,2586760.0,1112520.0,1080.0,Unsaturated,,NotOutflow,-1,0,0,0.01
441,2586840.0,1112520.0,1080.0,Unsaturated,,NotOutflow,-1,0,0,0.01
442,2587000.0,1112520.0,1080.0,Unsaturated,,NotOutflow,-1,1,0,0.01
443,2587080.0,1112520.0,1080.0,Unsaturated,,NotOutflow,-1,1,0,0.01
444,2587160.0,1112520.0,1080.0,Unsaturated,,NotOutflow,-1,1,0,0.01
445,2587240.0,1112520.0,1080.0,Unsaturated,,NotOutflow,-1,1,0,0.01
446,2587320.0,1112520.0,1080.0,Saturated,,NotOutflow,-1,1,0,0.0
447,2587400.0,1112520.0,1080.0,Unsaturated,,NotOutflow,-1,1,0,0.01
448,2587480.0,1112520.0,1080.0,Saturated,,NotOutflow,-1,0,0,0.0
449,2587560.0,1112520.0,1080.0,Unsaturated,,NotOutflow,-1,1,0,0.01
450,2587640.0,1112520.0,1080.0,Unsaturated,,NotOutflow,-1,0,0,0.01
451,2588040.0,1112520.0,1080.0,Saturated,,NotOutflow,-1,0,0,0.0
452,2588120.0,1112520.0,1080.0,Unsaturated,,NotOutflow,-1,1,0,0.01
453,2588280.0,1112520.0,1080.0,Unsaturated,,NotOutflow,-1,0,0,0.01
454,2588360.0,1112520.0,1080.0,Saturated,,NotOutflow,-1,1,0,0.0
455,2588520.0,1112520.0,1080.0,Unsaturated,,NotOutflow,-1,0,0,0.01
456,2588600.0,1112520.0,1080.0,Unsaturated,,NotOutflow,-1,0,0,0.01
457,2588680.0,1112520.0,1080.0,Unsaturated,,NotOutflow,-1,0,0,0.01
458,2588840.0,1112520.0,1080.0,Unsaturated,,NotOutflow,-1,1,0,0.01
459,2588920.0,1112520.0,1080.0,Unsaturated,,NotOutflow,-1,0,0,0.01
460,2589000.0,1112520.0,1080.0,Saturated,,NotOutflow,-1,0,0,0.0
461,2589080.0,1112520.0,1080.0,Unsaturated,,NotOutflow,-1,1,0,0.01
462,2589160.0,1112520.0,1080.0,Unsaturated,,NotOutflow,-1,1,0,0.01
463,2589240.0,1112520.0,1080.0,Unsaturated,,NotOutflow,-1,1,0,0.01
464,2590680.0,1112520.0,1080.0,Unsaturated,,NotOutflow,-1,0,0,0.01
465,2590760.0,1112520.0,1080.0,Unsaturated,,NotOutflow,-1,1,0,0.01
466,2590840.0,1112520.0,1080.0,Unsaturated,,NotOutflow,-1,1,0,0.01
467,2590920.0,1112520.0,1080.0,Unsaturated,,NotOutflow,-1,1,0,0.01
468,2591000.0,1112520.0,1080.0,Saturated,,NotOutflow,-1,0,0,0.0
469,2586360.0,1112600.0,1080.0,Saturated,,NotOutflow,-1,0,0,0.0
470,2586440.0,1112600.0,1080.0,Unsaturated,,NotOutflow,-1,1,0,0.01
471,2586840.0,1112600.0,1080.0,Unsaturated,,NotOutflow,-1,1,0,0.01
472,2586920.0,1112600.0,1080.0,Saturated,,NotOutflow,-1,1,0,0.0
473,2587000.0,1112600.0,1080.0,Saturated,,NotOutflow,-1,1,0,0.0
474,2587080.0,1112600.0,1080.0,Unsaturated,,NotOutflow,-1,1,0,0.01
475,2587160.0,1112600.0,1080.0,Unsaturated,,NotOutflow,-1,1,0,0.01
476,2587240.0,1112600.0,1080.0,Unsaturated,,NotOutflow,-1,1,0,0.01
477,2587320.0,1112600.0,1080.0,Unsaturated,,NotOutflow,-1,1,0,0.01
478,2587400.0,1112600.0,1080.0,Unsaturated,,NotOutflow,-1,1,0,0.01
479,2587480.0,1112600.0,1080.0,Unsaturated,,NotOutflow,-1,0,0,0.01
480,2587560.0,1112600.0,1080.0,Unsaturated,,NotOutflow,-1,0,0,0.01
481,2587640.0,1112600.0,1080.0,Unsaturated,,NotOutflow,-1,1,0,0.01
482,2587720.0,1112600.0,1080.0,Unsaturated,,NotOutflow,-1,1,0,0.01
483,2587800.0,1112600.0,1080.0,Unsaturated,,NotOutflow,-1,1,0,0.01
484,2588040.0,1112600.0,1080.0,Unsaturated,,NotOutflow,-1,1,0,0.01
485,2588120.0,1112600.0,1080.0,Unsaturated,,NotOutflow,-1,1,0,0.01
486,2588360.0,1112600.0,1080.0,Unsaturated,,NotOutflow,-1,0,0,0.01
487,2588440.0,1112600.0,1080.0,Saturated,,NotOutflow,-1,1,0,0.0
488,2588600.0,1112600.0,1080.0,Unsaturated,,NotOutflow,-1,0,0,0.01
489,2588680.0,1112600.0,1080.0,Unsaturated,,NotOutflow,-1,1,0,0.01
490,2588760.0,1112600.0,1080.0,Unsaturated,,NotOutflow,-1,0,0,0.01
491,2589080.0,1112600.0,1080.0,Unsaturated,,NotOutflow,-1,1,0,0.01
492,2589160.0,1112600.0,1080.0,Unsaturated,,NotOutflow,-1,1,0,0.01
493,2589240.0,1112600.0,1080.0,Unsaturated,,NotOutflow,-1,1,0,0.01
494,2589320.0,1112600.0,1080.0,Unsaturated,,NotOutflow,-1,1,0,0.01
495,2589400.0,1112600.0,1080.0,Saturated,,NotOutflow,-1,0,0,0.0
496,2589480.0,1112600.0,1080.0,Unsaturated,,NotOutflow,-1,1,0,0.01
497,2589560.0,1112600.0,1080.0,Unsaturated,,NotOutflow,-1,1,0,0.01
498,2586360.0,1112680.0,1080.0,Unsaturated,,NotOutflow,-1,1,0,0.01
499,2586440.0,1112680.0,1080.0,Unsaturated,,NotOutflow,-1,1,0,0.01
500,2586920.0,1112680.0,1080.0,Unsaturated,,NotOutflow,-1,1,0,0.01
501,2587000.0,1112680.0,1080.0,Saturated,,NotOutflow,-1,0,0,0.0
502,2587080.0,1112680.0,1080.0,Unsaturated,,NotOutflow,-1,1,0,0.01
503,2587160.0,1112680.0,1080.0,Unsaturated,,NotOutflow,-1,0,0,0.01
504,2587240.0,1112680.0,1080.0,Unsaturated,,NotOutflow,-1,1,0,0.01
505,2587320.0,1112680.0,1080.0,Unsaturated,,NotOutflow,-1,1,0,0.01
506,2587400.0,1112680.0,1080.0,Unsaturated,,NotOutflow,-1,1,0,0.01
507,2587480.0,1112680.0,1080.0,Unsaturated,,NotOutflow,-1,1,0,0.01
508,2587560.0,1112680.0,1080.0,Unsaturated,,NotOutflow,-1,0,0,0.01
509,2587640.0,1112680.0,1080.0,Unsaturated,,NotOutflow,-1,1,0,0.01
510,2587720.0,1112680.0,1080.0,Unsaturated,,NotOutflow,-1,1,0,0.01
511,2587800.0,1112680.0,1080.0,Saturated,,NotOutflow,-1,1,0,0.0
512,2587880.0,1112680.0,1080.0,Unsaturated,,NotOutflow,-1,0,0,0.01
513,2588040.0,1112680.0,1080.0,Unsaturated,,NotOutflow,-1,1,0,0.01
514,2588120.0,1112680.0,1080.0,Unsaturated,,NotOutflow,-1,1,0,0.01
515,2588440.0,1112680.0,1080.0,Unsaturated,,NotOutflow,-1,1,0,0.01
516,2588520.0,1112680.0,1080.0,Saturated,,NotOutflow,-1,1,0,0.0
517,2588680.0,1112680.0,1080.0,Unsaturated,,NotOutflow,-1,0,0,0.01
518,2588760.0,1112680.0,1080.0,Saturated,,NotOutflow,-1,1,0,0.0
519,2588840.0,1112680.0,1080.0,Unsaturated,,NotOutflow,-1,0,0,0.01
520,2589400.0,1112680.0,1080.0,Unsaturated,,NotOutflow,-1,1,0,0.01
521,2589480.0,1112680.0,1080.0,Saturated,,NotOutflow,-1,0,0,0.0
522,2589560.0,1112680.0,1080.0,Unsaturated,,NotOutflow,-1,1,0,0.01
523,2589640.0,1112680.0,1080.0,Unsaturated,,NotOutflow,-1,1,0,0.01
524,2589720.0,1112680.0,1080.0,Unsaturated,,NotOutflow,-1,1,0,0.01
525,2589800.0,1112680.0,1080.0,Saturated,,NotOutflow,-1,1,0,0.0
526,2589880.0,1112680.0,1080.0,Unsaturated,,NotOutflow,-1,1,0,0.01
527,2586360.0,1112760.0,1080.0,Unsaturated,,NotOutflow,-1,1,0,0.01
528,2586920.0,1112760.0,1080.0,Unsaturated,,NotOutflow,-1,1,0,0.01
529,2587000.0,1112760.0,1080.0,Unsaturated,,NotOutflow,-1,0,0,0.01
530,2587080.0,1112760.0,1080.0,Unsaturated,,NotOutflow,-1,1,0,0.01
531,2587160.0,1112760.0,1080.0,Unsaturated,,NotOutflow,-1,1,0,0.01
532,2587240.0,1112760.0,1080.0,Saturated,,NotOutflow,-1,0,0,0.0
533,2587320.0,1112760.0,1080.0,Unsaturated,,NotOutflow,-1,1,0,0.01
534,2587400.0,1112760.0,1080.0,Unsaturated,,NotOutflow,-1,1,0,0.01
535,2587480.0,1112760.0,1080.0,Unsaturated,,NotOutflow,-1,1,0,0.01
536,2587560.0,1112760.0,1080.0,Unsaturated,,NotOutflow,-1,1,0,0.01
537,2587640.0,1112760.0,1080.0,Saturated,,NotOutflow,-1,1,0,0.0
538,2587720.0,1112760.0,1080.0,Saturated,,NotOutflow,-1,1,0,0.0
539,2587800.0,1112760.0,1080.0,Unsaturated,,NotOutflow,-1,1,0,0.01
540,2587880.0,1112760.0,1080.0,Unsaturated,,NotOutflow,-1,1,0,0.01
541,2587960.0,1112760.0,1080.0,Unsaturated,,NotOutflow,-1,0,0,0.01
542,2588040.0,1112760.0,1080.0,Unsaturated,,NotOutflow,-1,1,0,0.01
543,2588120.0,1112760.0,1080.0,Unsaturated,,NotOutflow,-1,1,0,0.01
544,2588440.0,1112760.0,1080.0,Unsaturated,,NotOutflow,-1,1,0,0.01
545,2588520.0,1112760.0,1080.0,Unsaturated,,NotOutflow,-1,0,0,0.01
546,2588600.0,1112760.0,1080.0,Unsaturated,,NotOutflow,-1,1,0,0.01
547,2588760.0,1112760.0,1080.0,Unsaturated,,NotOutflow,-1,0,0,0.01
548,2588840.0,1112760.0,1080.0,Unsaturated,,NotOutflow,-1,1,0,0.01
549,2589720.0,1112760.0,1080.0,Unsaturated,,NotOutflow,-1,1,0,0.01
550,2589800.0,1112760.0,1080.0,Unsaturated,,NotOutflow,-1,0,0,0.01
551,2589880.0,1112760.0,1080.0,Unsaturated,,NotOutflow,-1,1,0,0.01
552,2589960.0,1112760.0,1080.0,Unsaturated,,NotOutflow,-1,1,0,0.01
553,2590040.0,1112760.0,1080.0,Saturated,,NotOutflow,-1,0,0,0.0
554,2590120.0,1112760.0,1080.0,Unsaturated,,NotOutflow,-1,1,0,0.01
555,2586360.0,1112840.0,1080.0,Unsaturated,,NotOutflow,-1,1,0,0.01
556,2586920.0,1112840.0,1080.0,Unsaturated,,NotOutflow,-1,1,0,0.01
557,2587000.0,1112840.0,1080.0,Unsaturated,,NotOutflow,-1,1,0,0.01
558,2587080.0,1112840.0,1080.0,Unsaturated,,NotOutflow,-1,1,0,0.01
559,2587160.0,1112840.0,1080.0,Unsaturated,,NotOutflow,-1,1,0,0.01
560,2587240.0,1112840.0,1080.0,Unsaturated,,NotOutflow,-1,1,0,0.01
561,2587320.0,1112840.0,1080.0,Unsaturated,,NotOutflow,-1,1,0,0.01
562,2587400.0,1112840.0,1080.0,Saturated,,NotOutflow,-1,1,0,0.0
563,2587480.0,1112840.0,1080.0,Unsaturated,,NotOutflow,-1,1,0,0.01
564,2587560.0,1112840.0,1080.0,Unsaturated,,NotOutflow,-1,1,0,0.01
565,2587640.0,1112840.0,1080.0,Unsaturated,,NotOutflow,-1,1,0,0.01
566,2587720.0,1112840.0,1080.0,Saturated,,NotOutflow,-1,1,0,0.0
567,2587800.0,1112840.0,1080.0,Unsaturated,,NotOutflow,-1,1,0,0.01
568,2587880.0,1112840.0,1080.0,Unsaturated,,NotOutflow,-1,1,0,0.01
569,2587960.0,1112840.0,1080.0,Unsaturated,,NotOutflow,-1,1,0,0.01
570,2588040.0,1112840.0,1080.0,Unsaturated,,NotOutflow,-1,1,0,0.01
571,2588120.0,1112840.0,1080.0,Saturated,,NotOutflow,-1,1,0,0.0
572,2588200.0,1112840.0,1080.0,Unsaturated,,NotOutflow,-1,1,0,0.01
573,2588600.0,1112840.0,1080.0,Unsaturated,,NotOutflow,-1,1,0,0.01
574,2588680.0,1112840.0,1080.0,Saturated,,NotOutflow,-1,1,0,0.0
575,2588840.0,1112840.0,1080.0,Unsaturated,,NotOutflow,-1,0,0,0.01
576,2588920.0,1112840.0,1080.0,Unsaturated,,NotOutflow,-1,1,0,0.01
577,2589960.0,1112840.0,1080.0,Unsaturated,,NotOutflow,-1,1,0,0.01
578,2590040.0,1112840.0,1080.0,Unsaturated,,NotOutflow,-1,1,0,0.01
579,2590120.0,1112840.0,1080.0,Unsaturated,,NotOutflow,-1,1,0,0.01
580,2590200.0,1112840.0,1080.0,Saturated,,NotOutflow,-1,0,0,0.0
581,2590280.0,1112840.0,1080.0,Unsaturated,,NotOutflow,-1,1,0,0.01
582,2590360.0,1112840.0,1080.0,Unsaturated,,NotOutflow,-1,1,0,0.01
583,2590440.0,1112840.0,1080.0,Unsaturated,,NotOutflow,-1,1,0,0.01
584,2586280.0,1112920.0,1080.0,Unsaturated,,NotOutflow,-1,1,0,0.01
585,2586360.0,1112920.0,1080.0,Unsaturated,,NotOutflow,-1,1,0,0.01
586,2586920.0,1112920.0,1080.0,Unsaturated,,NotOutflow,-1,1,0,0.01
587,2587000.0,1112920.0,1080.0,Unsaturated,,NotOutflow,-1,1,0,0.01
588,2587240.0,1112920.0,1080.0,Unsaturated,,NotOutflow,-1,0,0,0.01
589,2587320.0,1112920.0,1080.0,Saturated,,NotOutflow,-1,1,0,0.0
590,2587400.0,1112920.0,1080.0,Saturated,,NotOutflow,-1,1,0,0.0
591,2587480.0,1112920.0,1080.0,Unsaturated,,NotOutflow,-1,1,0,0.01
592,2587560.0,1112920.0,1080.0,Unsaturated,,NotOutflow,-1,1,0,0.01
593,2587640.0,1112920.0,1080.0,Unsaturated,,NotOutflow,-1,1,0,0.01
594,2587720.0,1112920.0,1080.0,Unsaturated,,NotOutflow,-1,1,0,0.01
595,2587800.0,1112920.0,1080.0,Unsaturated,,NotOutflow,-1,1,0,0.01
596,2587880.0,1112920.0,1080.0,Unsaturated,,NotOutflow,-1,1,0,0.01
597,2587960.0,1112920.0,1080.0,Unsaturated,,NotOutflow,-1,1,0,0.01
598,2588040.0,1112920.0,1080.0,Unsaturated,,NotOutflow,-1,1,0,0.01
599,2588120.0,1112920.0,1080.0,Saturated,,NotOutflow,-1,1,0,0.0
600,2588200.0,1112920.0,1080.0,Unsaturated,,NotOutflow,-1,0,0,0.01
601,2588280.0,1112920.0,1080.0,Unsaturated,,NotOutflow,-1,1,0,0.01
602,2588360.0,1112920.0,1080.0,Unsaturated,,NotOutflow,-1,0,0,0.01
603,2588680.0,1112920.0,1080.0,Unsaturated,,NotOutflow,-1,1,0,0.01
604,2588760.0,1112920.0,1080.0,Unsaturated,,NotOutflow,-1,1,0,0.01
605,2588840.0,1112920.0,1080.0,Unsaturated,,NotOutflow,-1,1,0,0.01
606,2588920.0,1112920.0,1080.0,Unsaturated,,NotOutflow,-1,1,0,0.01
607,2589000.0,1112920.0,1080.0,Saturated,,NotOutflow,-1,1,0,0.0
608,2590280.0,1112920.0,1080.0,Unsaturated,,NotOutflow,-1,1,0,0.01
609,2590360.0,1112920.0,1080.0,Unsaturated,,NotOutflow,-1,1,0,0.01
610,2590440.0,1112920.0,1080.0,Unsaturated,,NotOutflow,-1,1,0,0.01
611,2590520.0,1112920.0,1080.0,Saturated,,NotOutflow,-1,0,0,0.0
612,2590600.0,1112920.0,1080.0,Saturated,,NotOutflow,-1,0,0,0.0
613,2590680.0,1112920.0,1080.0,Unsaturated,,NotOutflow,-1,1,0,0.01
614,2586280.0,1113000.0,1080.0,Unsaturated,,NotOutflow,-1,0,0,0.01
615,2586360.0,1113000.0,1080.0,Saturated,,NotOutflow,-1,0,0,0.0
616,2586840.0,1113000.0,1080.0,Unsaturated,,NotOutflow,-1,1,0,0.01
617,2586920.0,1113000.0,1080.0,Saturated,,NotOutflow,-1,0,0,0.0
618,2587240.0,1113000.0,1080.0,Unsaturated,,NotOutflow,-1,1,0,0.01
619,2587320.0,1113000.0,1080.0,Unsaturated,,NotOutflow,-1,1,0,0.01
620,2587400.0,1113000.0,1080.0,Unsaturated,,NotOutflow,-1,1,0,0.01
621,2587480.0,1113000.0,1080.0,Unsaturated,,NotOutflow,-1,1,0,0.01
622,2587560.0,1113000.0,1080.0,Saturated,,NotOutflow,-1,1,0,0.0
623,2587640.0,1113000.0,1080.0,Unsaturated,,NotOutflow,-1,1,0,0.01
624,2587720.0,1113000.0,1080.0,Unsaturated,,NotOutflow,-1,1,0,0.01
625,2587800.0,1113000.0,1080.0,Unsaturated,,NotOutflow,-1,1,0,0.01
626,2587880.0,1113000.0,1080.0,Unsaturated,,NotOutflow,-1,1,0,0.01
627,2587960.0,1113000.0,1080.0,Unsaturated,,NotOutflow,-1,1,0,0.01
628,2588040.0,1113000.0,1080.0,Unsaturated,,NotOutflow,-1,1,0,0.01
629,2588120.0,1113000.0,1080.0,Saturated,,NotOutflow,-1,1,0,0.0
630,2588200.0,1113000.0,1080.0,Saturated,,NotOutflow,-1,0,0,0.0
631,2588280.0,1113000.0,1080.0,Unsaturated,,NotOutflow,-1,1,0,0.01
632,2588360.0,1113000.0,1080.0,Saturated,,NotOutflow,-1,1,0,0.0
633,2588440.0,1113000.0,1080.0,Unsaturated,,NotOutflow,-1,1,0,0.01
634,2588760.0,1113000.0,1080.0,Unsaturated,,NotOutflow,-1,0,0,0.01
635,2588840.0,1113000.0,1080.0,Saturated,,NotOutflow,-1,0,0,0.0
636,2588920.0,1113000.0,1080.0,Saturated,,NotOutflow,-1,1,0,0.0
637,2589000.0,1113000.0,1080.0,Saturated,,NotOutflow,-1,0,0,0.0
638,2589080.0,1113000.0,1080.0,Unsaturated,,NotOutflow,-1,1,0,0.01
639,2590600.0,1113000.0,1080.0,Unsaturated,,NotOutflow,-1,1,0,0.01
640,2590680.0,1113000.0,1080.0,Unsaturated,,NotOutflow,-1,1,0,0.01
641,2590760.0,1113000.0,1080.0,Saturated,,NotOutflow,-1,0,0,0.0
642,2590840.0,1113000.0,1080.0,Unsaturated,,NotOutflow,-1,1,0,0.01
643,2590920.0,1113000.0,1080.0,Unsaturated,,NotOutflow,-1,1,0,0.01
644,2591000.0,1113000.0,1080.0,Unsaturated,,NotOutflow,-1,1,0,0.01
645,2586280.0,1113080.0,1080.0,Unsaturated,,NotOutflow,-1,1,0,0.01
646,2586360.0,1113080.0,1080.0,Unsaturated,,NotOutflow,-1,1,0,0.01
647,2586840.0,1113080.0,1080.0,Unsaturated,,NotOutflow,-1,1,0,0.01
648,2586920.0,1113080.0,1080.0,Saturated,,NotOutflow,-1,1,0,0.0
649,2587240.0,1113080.0,1080.0,Unsaturated,,NotOutflow,-1,1,0,0.01
650,2587320.0,1113080.0,1080.0,Unsaturated,,NotOutflow,-1,1,0,0.01
651,2587400.0,1113080.0,1080.0,Unsaturated,,NotOutflow,-1,0,0,0.01
652,2587480.0,1113080.0,1080.0,Saturated,,NotOutflow,-1,0,0,0.0
653,2587560.0,1113080.0,1080.0,Unsaturated,,NotOutflow,-1,1,0,0.01
654,2587640.0,1113080.0,1080.0,Unsaturated,,NotOutflow,-1,1,0,0.01
655,2587720.0,1113080.0,1080.0,Unsaturated,,NotOutflow,-1,1,0,0.01
656,2587800.0,1113080.0,1080.0,Unsaturated,,NotOutflow,-1,1,0,0.01
657,2587880.0,1113080.0,1080.0,Saturated,,NotOutflow,-1,1,0,0.0
658,2587960.0,1113080.0,1080.0,Unsaturated,,NotOutflow,-1,1,0,0.01
659,2588040.0,1113080.0,1080.0,Unsaturated,,NotOutflow,-1,1,0,0.01
660,2588120.0,1113080.0,1080.0,Unsaturated,,NotOutflow,-1,1,0,0.01
661,2588200.0,1113080.0,1080.0,Unsaturated,,NotOutflow,-1,0,0,0.01
662,2588280.0,1113080.0,1080.0,Unsaturated,,NotOutflow,-1,0,0,0.01
663,2588360.0,1113080.0,1080.0,Unsaturated,,NotOutflow,-1,1,0,0.01
664,2588440.0,1113080.0,1080.0,Saturated,,NotOutflow,-1,1,0,0.0
665,2588520.0,1113080.0,1080.0,Saturated,,NotOutflow,-1,0,0,0.0
666,2588600.0,1113080.0,1080.0,Unsaturated,,NotOutflow,-1,1,0,0.01
667,2588920.0,1113080.0,1080.0,Saturated,,NotOutflow,-1,0,0,0.0
668,2589000.0,1113080.0,1080.0,Saturated,,NotOutflow,-1,0,0,0.0
669,2589080.0,1113080.0,1080.0,Unsaturated,,NotOutflow,-1,1,0,0.01
670,2589160.0,1113080.0,1080.0,Unsaturated,,NotOutflow,-1,0,0,0.01
671,2590840.0,1113080.0,1080.0,Unsaturated,,NotOutflow,-1,1,0,0.01
672,2590920.0,1113080.0,1080.0,Saturated,,NotOutflow,-1,0,0,0.0
673,2591000.0,1113080.0,1080.0,Saturated,,NotOutflow,-1,0,0,0.0
674,2586280.0,1113160.0,1080.0,Saturated,,NotOutflow,-1,1,0,0.0
675,2586360.0,1113160.0,1080.0,Unsaturated,,NotOutflow,-1,1,0,0.01
676,2586840.0,1113160.0,1080.0,Unsaturated,,NotOutflow,-1,0,0,0.01
677,2586920.0,1113160.0,1080.0,Unsaturated,,NotOutflow,-1,1,0,0.01
678,2587320.0,1113160.0,1080.0,Unsaturated,,NotOutflow,-1,0,0,0.01
679,2587400.0,1113160.0,1080.0,Unsaturated,,NotOutflow,-1,1,0,0.01
680,2587480.0,1113160.0,1080.0,Unsaturated,,NotOutflow,-1,0,0,0.01
681,2587560.0,1113160.0,1080.0,Unsaturated,,NotOutflow,-1,1,0,0.01
682,2587720.0,1113160.0,1080.0,Unsaturated,,NotOutflow,-1,1,0,0.01
683,2587800.0,1113160.0,1080.0,Unsaturated,,NotOutflow,-1,1,0,0.01
684,2587880.0,1113160.0,1080.0,Unsaturated,,NotOutflow,-1,1,0,0.01
685,2587960.0,1113160.0,1080.0,Saturated,,NotOutflow,-1,1,0,0.0
686,2588040.0,1113160.0,1080.0,Saturated,,NotOutflow,-1,1,0,0.0
687,2588120.0,1113160.0,1080.0,Unsaturated,,NotOutflow,-1,1,0,0.01
688,2588200.0,1113160.0,1080.0,Unsaturated,,NotOutflow,-1,1,0,0.01
689,2588280.0,1113160.0,1080.0,Unsaturated,,NotOutflow,-1,0,0,0.01
690,2588360.0,1113160.0,1080.0,Unsaturated,,NotOutflow,-1,1,0,0.01
691,2588440.0,1113160.0,1080.0,Unsaturated,,NotOutflow,-1,1,0,0.01
692,2588520.0,1113160.0,1080.0,Saturated,,NotOutflow,-1,1,0,0.0
693,2588600.0,1113160.0,1080.0,Unsaturated,,NotOutflow,-1,1,0,0.01
694,2588680.0,1113160.0,1080.0,Unsaturated,,NotOutflow,-1,1,0,0.01
695,2588760.0,1113160.0,1080.0,Unsaturated,,NotOutflow,-1,0,0,0.01
696,2589000.0,1113160.0,1080.0,Unsaturated,,NotOutflow,-1,0,0,0.01
697,2589080.0,1113160.0,1080.0,Unsaturated,,NotOutflow,-1,1,0,0.01
698,2589160.0,1113160.0,1080.0,Unsaturated,,NotOutflow,-1,1,0,0.01
699,2589240.0,1113160.0,1080.0,Unsaturated,,NotOutflow,-1,0,0,0.01
700,2586280.0,1113240.0,1080.0,Unsaturated,,NotOutflow,-1,0,0,0.01
701,2586360.0,1113240.0,1080.0,Unsaturated,,NotOutflow,-1,0,0,0.01
702,2586840.0,1113240.0,1080.0,Unsaturated,,NotOutflow,-1,1,0,0.01
703,2586920.0,1113240.0,1080.0,Unsaturated,,NotOutflow,-1,0,0,0.01
704,2587320.0,1113240.0,1080.0,Unsaturated,,NotOutflow,-1,1,0,0.01
705,2587400.0,1113240.0,1080.0,Unsaturated,,NotOutflow,-1,1,0,0.01
706,2587480.0,1113240.0,1080.0,Unsaturated,,NotOutflow,-1,1,0,0.01
707,2587560.0,1113240.0,1080.0,Unsaturated,,NotOutflow,-1,1,0,0.01
708,2587640.0,1113240.0,1080.0,Unsaturated,,NotOutflow,-1,1,0,0.01
709,2587960.0,1113240.0,1080.0,Unsaturated,,NotOutflow,-1,1,0,0.01
710,2588040.0,1113240.0,1080.0,Unsaturated,,NotOutflow,-1,1,0,0.01
711,2588120.0,1113240.0,1080.0,Unsaturated,,NotOutflow,-1,1,0,0.01
712,2588200.0,1113240.0,1080.0,Unsaturated,,NotOutflow,-1,1,0,0.01
713,2588280.0,1113240.0,1080.0,Unsaturated,,NotOutflow,-1,1,0,0.01
714,2588360.0,1113240.0,1080.0,Unsaturated,,NotOutflow,-1,0,0,0.01
715,2588440.0,1113240.0,1080.0,Unsaturated,,NotOutflow,-1,1,0,0.01
716,2588520.0,1113240.0,1080.0,Unsaturated,,NotOutflow,-1,1,0,0.01
717,2588600.0,1113240.0,1080.0,Unsaturated,,NotOutflow,-1,1,0,0.01
718,2588680.0,1113240.0,1080.0,Unsaturated,,NotOutflow,-1,1,0,0.01
719,2588760.0,1113240.0,1080.0,Saturated,,NotOutflow,-1,1,0,0.0
720,2588840.0,1113240.0,1080.0,Unsaturated,,NotOutflow,-1,0,0,0.01
721,2588920.0,1113240.0,1080.0,Unsaturated,,NotOutflow,-1,1,0,0.01
722,2589160.0,1113240.0,1080.0,Saturated,,NotOutflow,-1,0,0,0.0
723,2589240.0,1113240.0,1080.0,Saturated,,NotOutflow,-1,0,0,0.0
724,2589320.0,1113240.0,1080.0,Unsaturated,,NotOutflow,-1,1,0,0.01
725,2589400.0,1113240.0,1080.0,Unsaturated,,NotOutflow,-1,0,0,0.01
726,2586280.0,1113320.0,1080.0,Unsaturated,,NotOutflow,-1,1,0,0.01
727,2586840.0,1113320.0,1080.0,Unsaturated,,NotOutflow,-1,1,0,0.01
728,2587400.0,1113320.0,1080.0,Unsaturated,,NotOutflow,-1,1,0,0.01
729,2587480.0,1113320.0,1080.0,Saturated,,NotOutflow,-1,1,0,0.0
730,2587560.0,1113320.0,1080.0,Unsaturated,,NotOutflow,-1,1,0,0.01
731,2587640.0,1113320.0,1080.0,Saturated,,NotOutflow,-1,1,0,0.0
732,2587720.0,1113320.0,1080.0,Unsaturated,,NotOutflow,-1,1,0,0.01
733,2588200.0,1113320.0,1080.0,Unsaturated,,NotOutflow,-1,1,0,0.01
734,2588280.0,1113320.0,1080.0,Unsaturated,,NotOutflow,-1,1,0,0.01
735,2588360.0,1113320.0,1080.0,Saturated,,NotOutflow,-1,0,0,0.0
736,2588440.0,1113320.0,1080.0,Unsaturated,,NotOutflow,-1,1,0,0.01
737,2588600.0,1113320.0,1080.0,Unsaturated,,NotOutflow,-1,1,0,0.01
738,2588680.0,1113320.0,1080.0,Unsaturated,,NotOutflow,-1,1,0,0.01
739,2588760.0,1113320.0,1080.0,Unsaturated,,NotOutflow,-1,1,0,0.01
740,2588840.0,1113320.0,1080.0,Unsaturated,,NotOutflow,-1,1,0,0.01
741,2588920.0,1113320.0,1080.0,Unsaturated,,NotOutflow,-1,1,0,0.01
742,2589000.0,1113320.0,1080.0,Saturated,,NotOutflow,-1,1,0,0.0
743,2589080.0,1113320.0,1080.0,Unsaturated,,NotOutflow,-1,1,0,0.01
744,2589240.0,1113320.0,1080.0,Unsaturated,,NotOutflow,-1,0,0,0.01
745,2589320.0,1113320.0,1080.0,Unsaturated,,NotOutflow,-1,1,0,0.01
746,2589400.0,1113320.0,1080.0,Unsaturated,,NotOutflow,-1,1,0,0.01
747,2589480.0,1113320.0,1080.0,Saturated,,NotOutflow,-1,1,0,0.0
748,2586280.0,1113400.0,1080.0,Unsaturated,,NotOutflow,-1,1,0,0.01
749,2586760.0,1113400.0,1080.0,Unsaturated,,NotOutflow,-1,1,0,0.01
750,2586840.0,1113400.0,1080.0,Unsaturated,,NotOutflow,-1,1,0,0.01
751,2587400.0,1113400.0,1080.0,Unsaturated,,NotOutflow,-1,1,0,0.01
752,2587480.0,1113400.0,1080.0,Unsaturated,,NotOutflow,-1,1,0,0.01
753,2587560.0,1113400.0,1080.0,Unsaturated,,NotOutflow,-1,1,0,0.01
754,2587640.0,1113400.0,1080.0,Saturated,,NotOutflow,-1,1,0,0.0
755,2587720.0,1113400.0,1080.0,Unsaturated,,NotOutflow,-1,1,0,0.01
756,2588360.0,1113400.0,1080.0,Unsaturated,,NotOutflow,-1,1,0,0.01
757,2588440.0,1113400.0,1080.0,Unsaturated,,NotOutflow,-1,0,0,0.01
758,2588520.0,1113400.0,1080.0,Unsaturated,,NotOutflow,-1,1,0,0.01
759,2588600.0,1113400.0,1080.0,Unsaturated,,NotOutflow,-1,1,0,0.01
760,2588760.0,1113400.0,1080.0,Unsaturated,,NotOutflow,-1,1,0,0.01
761,2588840.0,1113400.0,1080.0,Unsaturated,,NotOutflow,-1,1,0,0.01
762,2588920.0,1113400.0,1080.0,Unsaturated,,NotOutflow,-1,1,0,0.01
763,2589000.0,1113400.0,1080.0,Saturated,,NotOutflow,-1,1,0,0.0
764,2589080.0,1113400.0,1080.0,Saturated,,NotOutflow,-1,1,0,0.0
765,2589160.0,1113400.0,1080.0,Unsaturated,,NotOutflow,-1,1,0,0.01
766,2589240.0,1113400.0,1080.0,Unsaturated,,NotOutflow,-1,1,0,0.01
767,2589320.0,1113400.0,1080.0,Unsaturated,,NotOutflow,-1,1,0,0.01
768,2589400.0,1113400.0,1080.0,Unsaturated,,NotOutflow,-1,1,0,0.01
769,2589480.0,1113400.0,1080.0,Saturated,,NotOutflow,-1,0,0,0.0
770,2589560.0,1113400.0,1080.0,Saturated,,NotOutflow,-1,1,0,0.0
771,2589640.0,1113400.0,1080.0,Unsaturated,,NotOutflow,-1,1,0,0.01
772,2586200.0,1113480.0,1080.0,Unsaturated,,NotOutflow,-1,1,0,0.01
773,2586280.0,1113480.0,1080.0,Saturated,,NotOutflow,-1,0,0,0.0
774,2586760.0,1113480.0,1080.0,Unsaturated,,NotOutflow,-1,0,0,0.01
775,2586840.0,1113480.0,1080.0,Saturated,,NotOutflow,-1,1,0,0.0
776,2587480.0,1113480.0,1080.0,Unsaturated,,NotOutflow,-1,0,0,0.01
777,2587560.0,1113480.0,1080.0,Unsaturated,,NotOutflow,-1,1,0,0.01
778,2587640.0,1113480.0,1080.0,Saturated,,NotOutflow,-1,1,0,0.0
779,2587720.0,1113480.0,1080.0,Unsaturated,,NotOutflow,-1,1,0,0.01
780,2587800.0,1113480.0,1080.0,Saturated,,NotOutflow,-1,1,0,0.0
781,2587880.0,1113480.0,1080.0,Unsaturated,,NotOutflow,-1,1,0,0.01
782,2588520.0,1113480.0,1080.0,Unsaturated,,NotOutflow,-1,1,0,0.01
783,2588600.0,1113480.0,1080.0,Unsaturated,,NotOutflow,-1,1,0,0.01
784,2588680.0,1113480.0,1080.0,Unsaturated,,NotOutflow,-1,0,0,0.01
785,2588760.0,1113480.0,1080.0,Unsaturated,,NotOutflow,-1,0,0,0.01
786,2588920.0,1113480.0,1080.0,Unsaturated,,NotOutflow,-1,1,0,0.01
787,2589000.0,1113480.0,1080.0,Unsaturated,,NotOutflow,-1,1,0,0.01
788,2589080.0,1113480.0,1080.0,Unsaturated,,NotOutflow,-1,1,0,0.01
789,2589160.0,1113480.0,1080.0,Saturated,,NotOutflow,-1,1,0,0.0
790,2589240.0,1113480.0,1080.0,Saturated,,NotOutflow,-1,1,0,0.0
791,2589320.0,1113480.0,1080.0,Saturated,,NotOutflow,-1,1,0,0.0
792,2589400.0,1113480.0,1080.0,Unsaturated,,NotOutflow,-1,0,0,0.01
793,2589480.0,1113480.0,1080.0,Saturated,,NotOutflow,-1,1,0,0.0
794,2589560.0,1113480.0,1080.0,Unsaturated,,NotOutflow,-1,0,0,0.01
795,2589640.0,1113480.0,1080.0,Unsaturated,,NotOutflow,-1,0,0,0.01
796,2589720.0,1113480.0,1080.0,Saturated,,NotOutflow,-1,1,0,0.0
797,2586200.0,1113560.0,1080.0,Unsaturated,,NotOutflow,-1,1,0,0.01
798,2586280.0,1113560.0,1080.0,Unsaturated,,NotOutflow,-1,1,0,0.01
799,2586760.0,1113560.0,1080.0,Unsaturated,,NotOutflow,-1,1,0,0.01
800,2586840.0,1113560.0,1080.0,Unsaturated,,NotOutflow,-1,0,0,0.01
801,2587560.0,1113560.0,1080.0,Unsaturated,,NotOutflow,-1,1,0,0.01
802,2587640.0,1113560.0,1080.0,Unsaturated,,NotOutflow,-1,1,0,0.01
803,2587720.0,1113560.0,1080.0,Unsaturated,,NotOutflow,-1,1,0,0.01
804,2587800.0,1113560.0,1080.0,Unsaturated,,NotOutflow,-1,1,0,0.01
805,2587880.0,1113560.0,1080.0,Unsaturated,,NotOutflow,-1,1,0,0.01
806,2587960.0,1113560.0,1080.0,Saturated,,NotOutflow,-1,1,0,0.0
807,2588680.0,1113560.0,1080.0,Unsaturated,,NotOutflow,-1,1,0,0.01
808,2588760.0,1113560.0,1080.0,Unsaturated,,NotOutflow,-1,1,0,0.01
809,2588840.0,1113560.0,1080.0,Unsaturated,,NotOutflow,-1,0,0,0.01
810,2588920.0,1113560.0,1080.0,Unsaturated,,NotOutflow,-1,0,0,0.01
811,2589000.0,1113560.0,1080.0,Unsaturated,,NotOutflow,-1,1,0,0.01
812,2589080.0,1113560.0,1080.0,Unsaturated,,NotOutflow,-1,1,0,0.01
813,2589160.0,1113560.0,1080.0,Unsaturated,,NotOutflow,-1,1,0,0.01
814,2589240.0,1113560.0,1080.0,Unsaturated,,NotOutflow,-1,1,0,0.01
815,2589320.0,1113560.0,1080.0,Unsaturated,,NotOutflow,-1,1,0,0.01
816,2589400.0,1113560.0,1080.0,Unsaturated,,NotOutflow,-1,1,0,0.01
817,2589480.0,1113560.0,1080.0,Unsaturated,,NotOutflow,-1,0,0,0.01
818,2589560.0,1113560.0,1080.0,Unsaturated,,NotOutflow,-1,1,0,0.01
819,2589720.0,1113560.0,1080.0,Unsaturated,,NotOutflow,-1,1,0,0.01
820,2589800.0,1113560.0,1080.0,Unsaturated,,NotOutflow,-1,1,0,0.01
821,2589880.0,1113560.0,1080.0,Unsaturated,,NotOutflow,-1,0,0,0.01
822,2586280.0,1113640.0,1080.0,Unsaturated,,NotOutflow,-1,1,0,0.01
823,2586680.0,1113640.0,1080.0,Unsaturated,,NotOutflow,-1,1,0,0.01
824,2586760.0,1113640.0,1080.0,Unsaturated,,NotOutflow,-1,1,0,0.01
825,2587640.0,1113640.0,1080.0,Unsaturated,,NotOutflow,-1,1,0,0.01
826,2587720.0,1113640.0,1080.0,Unsaturated,,NotOutflow,-1,1,0,0.01
827,2587800.0,1113640.0,1080.0,Unsaturated,,NotOutflow,-1,1,0,0.01
828,2587880.0,1113640.0,1080.0,Unsaturated,,NotOutflow,-1,1,0,0.01
829,2587960.0,1113640.0,1080.0,Unsaturated,,NotOutflow,-1,1,0,0.01
830,2588040.0,1113640.0,1080.0,Saturated,,NotOutflow,-1,1,0,0.0
831,2588120.0,1113640.0,1080.0,Unsaturated,,NotOutflow,-1,1,0,0.01
832,2588760.0,1113640.0,1080.0,Unsaturated,,NotOutflow,-1,1,0,0.01
833,2588840.0,1113640.0,1080.0,Unsaturated,,NotOutflow,-1,1,0,0.01
834,2588920.0,1113640.0,1080.0,Unsaturated,,NotOutflow,-1,1,0,0.01
835,2589000.0,1113640.0,1080.0,Saturated,,NotOutflow,-1,1,0,0.0
836,2589080.0,1113640.0,1080.0,Saturated,,NotOutflow,-1,0,0,0.0
837,2589160.0,1113640.0,1080.0,Unsaturated,,NotOutflow,-1,1,0,0.01
838,2589240.0,1113640.0,1080.0,Unsaturated,,NotOutflow,-1,1,0,0.01
839,2589320.0,1113640.0,1080.0,Unsaturated,,NotOutflow,-1,1,0,0.01
840,2589400.0,1113640.0,1080.0,Saturated,,NotOutflow,-1,1,0,0.0
841,2589480.0,1113640.0,1080.0,Saturated,,NotOutflow,-1,1,0,0.0
842,2589560.0,1113640.0,1080.0,Unsaturated,,NotOutflow,-1,1,0,0.01
843,2589640.0,1113640.0,1080.0,Saturated,,NotOutflow,-1,1,0,0.0
844,2589800.0,1113640.0,1080.0,Unsaturated,,NotOutflow,-1,1,0,0.01
845,2589880.0,1113640.0,1080.0,Saturated,,NotOutflow,-1,0,0,0.0
846,2589960.0,1113640.0,1080.0,Unsaturated,,NotOutflow,-1,1,0,0.01
847,2586280.0,1113720.0,1080.0,Unsaturated,,NotOutflow,-1,1,0,0.01
848,2586680.0,1113720.0,1080.0,Unsaturated,,NotOutflow,-1,1,0,0.01
849,2586760.0,1113720.0,1080.0,Unsaturated,,NotOutflow,-1,1,0,0.01
850,2587800.0,1113720.0,1080.0,Unsaturated,,NotOutflow,-1,0,0,0.01
851,2587880.0,1113720.0,1080.0,Unsaturated,,NotOutflow,-1,1,0,0.01
852,2587960.0,1113720.0,1080.0,Unsaturated,,NotOutflow,-1,1,0,0.01
853,2588040.0,1113720.0,1080.0,Unsaturated,,NotOutflow,-1,1,0,0.01
854,2588120.0,1113720.0,1080.0,Unsaturated,,NotOutflow,-1,1,0,0.01
855,2588200.0,1113720.0,1080.0,Unsaturated,,NotOutflow,-1,1,0,0.01
856,2588280.0,1113720.0,1080.0,Saturated,,NotOutflow,-1,1,0,0.0
857,2588920.0,1113720.0,1080.0,Unsaturated,,NotOutflow,-1,1,0,0.01
858,2589000.0,1113720.0,1080.0,Unsaturated,,NotOutflow,-1,1,0,0.01
859,2589080.0,1113720.0,1080.0,Saturated,,NotOutflow,-1,0,0,0.0
860,2589160.0,1113720.0,1080.0,Saturated,,NotOutflow,-1,1,0,0.0
861,2589240.0,1113720.0,1080.0,Saturated,,NotOutflow,-1,0,0,0.0
862,2589320.0,1113720.0,1080.0,Unsaturated,,NotOutflow,-1,1,0,0.01
863,2589400.0,1113720.0,1080.0,Unsaturated,,NotOutflow,-1,1,0,0.01
864,2589480.0,1113720.0,1080.0,Unsaturated,,NotOutflow,-1,1,0,0.01
865,2589560.0,1113720.0,1080.0,Unsaturated,,NotOutflow,-1,1,0,0.01
866,2589640.0,1113720.0,1080.0,Unsaturated,,NotOutflow,-1,1,0,0.01
867,2589720.0,1113720.0,1080.0,Unsaturated,,NotOutflow,-1,1,0,0.01
868,2589800.0,1113720.0,1080.0,Unsaturated,,NotOutflow,-1,1,0,0.01
869,2589880.0,1113720.0,1080.0,Unsaturated,,NotOutflow,-1,1,0,0.01
870,2589960.0,1113720.0,1080.0,Unsaturated,,NotOutflow,-1,1,0,0.01
871,2590040.0,1113720.0,1080.0,Saturated,,NotOutflow,-1,0,0,0.0
872,2586280.0,1113800.0,1080.0,Unsaturated,,NotOutflow,-1,0,0,0.01
873,2586360.0,1113800.0,1080.0,Unsaturated,,NotOutflow,-1,1,0,0.01
874,2586440.0,1113800.0,1080.0,Unsaturated,,NotOutflow,-1,1,0,0.01
875,2586520.0,1113800.0,1080.0,Unsaturated,,NotOutflow,-1,1,0,0.01
876,2586600.0,1113800.0,1080.0,Unsaturated,,NotOutflow,-1,1,0,0.01
877,2586680.0,1113800.0,1080.0,Unsaturated,,NotOutflow,-1,0,0,0.01
878,2586760.0,1113800.0,1080.0,Unsaturated,,NotOutflow,-1,1,0,0.01
879,2587880.0,1113800.0,1080.0,Unsaturated,,NotOutflow,-1,1,0,0.01
880,2587960.0,1113800.0,1080.0,Unsaturated,,NotOutflow,-1,1,0,0.01
881,2588040.0,1113800.0,1080.0,Saturated,,NotOutflow,-1,1,0,0.0
882,2588120.0,1113800.0,1080.0,Unsaturated,,NotOutflow,-1,1,0,0.01
883,2588200.0,1113800.0,1080.0,Saturated,,NotOutflow,-1,1,0,0.0
884,2588280.0,1113800.0,1080.0,Unsaturated,,NotOutflow,-1,1,0,0.01
885,2588360.0,1113800.0,1080.0,Unsaturated,,NotOutflow,-1,1,0,0.01
886,2589080.0,1113800.0,1080.0,Unsaturated,,NotOutflow,-1,1,0,0.01
887,2589160.0,1113800.0,1080.0,Unsaturated,,NotOutflow,-1,1,0,0.01
888,2589240.0,1113800.0,1080.0,Saturated,,NotOutflow,-1,0,0,0.0
889,2589320.0,1113800.0,1080.0,Saturated,,NotOutflow,-1,0,0,0.0
890,2589400.0,1113800.0,1080.0,Unsaturated,,NotOutflow,-1,0,0,0.01
891,2589480.0,1113800.0,1080.0,Unsaturated,,NotOutflow,-1,1,0,0.01
892,2589560.0,1113800.0,1080.0,Unsaturated,,NotOutflow,-1,1,0,0.01
893,2589640.0,1113800.0,1080.0,Saturated,,NotOutflow,-1,1,0,0.0
894,2589720.0,1113800.0,1080.0,Saturated,,NotOutflow,-1,0,0,0.0
895,2589800.0,1113800.0,1080.0,Unsaturated,,NotOutflow,-1,1,0,0.01
896,2589880.0,1113800.0,1080.0,Unsaturated,,NotOutflow,-1,1,0,0.01
897,2589960.0,1113800.0,1080.0,Unsaturated,,NotOutflow,-1,1,0,0.01
898,2590040.0,1113800.0,1080.0,Unsaturated,,NotOutflow,-1,0,0,0.01
899,2590120.0,1113800.0,1080.0,Unsaturated,,NotOutflow,-1,1,0,0.01
900,2586280.0,1113880.0,1080.0,Saturated,,NotOutflow,-1,1,0,0.0
901,2586360.0,1113880.0,1080.0,Unsaturated,,NotOutflow,-1,1,0,0.01
902,2586440.0,1113880.0,1080.0,Unsaturated,,NotOutflow,-1,0,0,0.01
903,2586520.0,1113880.0,1080.0,Unsaturated,,NotOutflow,-1,0,0,0.01
904,2586600.0,1113880.0,1080.0,Unsaturated,,NotOutflow,-1,1,0,0.01
905,2586680.0,1113880.0,1080.0,Saturated,,NotOutflow,-1,0,0,0.0
906,2586760.0,1113880.0,1080.0,Unsaturated,,NotOutflow,-1,1,0,0.01
907,2586840.0,1113880.0,1080.0,Unsaturated,,NotOutflow,-1,1,0,0.01
908,2586920.0,1113880.0,1080.0,Unsaturated,,NotOutflow,-1,1,0,0.01
909,2587000.0,1113880.0,1080.0,Unsaturated,,NotOutflow,-1,0,0,0.01
910,2588040.0,1113880.0,1080.0,Unsaturated,,NotOutflow,-1,1,0,0.01
911,2588120.0,1113880.0,1080.0,Unsaturated,,NotOutflow,-1,1,0,0.01
912,2588200.0,1113880.0,1080.0,Unsaturated,,NotOutflow,-1,1,0,0.01
913,2588280.0,1113880.0,1080.0,Unsaturated,,NotOutflow,-1,1,0,0.01
914,2588360.0,1113880.0,1080.0,Unsaturated,,NotOutflow,-1,1,0,0.01
915,2588440.0,1113880.0,1080.0,Unsaturated,,NotOutflow,-1,1,0,0.01
916,2589320.0,1113880.0,1080.0,Unsaturated,,NotOutflow,-1,1,0,0.01
917,2589400.0,1113880.0,1080.0,Saturated,,NotOutflow,-1,0,0,0.0
918,2589480.0,1113880.0,1080.0,Saturated,,NotOutflow,-1,0,0,0.0
919,2589560.0,1113880.0,1080.0,Saturated,,NotOutflow,-1,0,0,0.0
920,2589640.0,1113880.0,1080.0,Unsaturated,,NotOutflow,-1,1,0,0.01
921,2589720.0,1113880.0,1080.0,Unsaturated,,NotOutflow,-1,0,0,0.01
922,2589800.0,1113880.0,1080.0,Saturated,,NotOutflow,-1,0,0,0.0
923,2589880.0,1113880.0,1080.0,Unsaturated,,NotOutflow,-1,1,0,0.01
924,2589960.0,1113880.0,1080.0,Unsaturated,,NotOutflow,-1,1,0,0.01
925,2590040.0,1113880.0,1080.0,Saturated,,NotOutflow,-1,1,0,0.0
926,2590120.0,1113880.0,1080.0,Saturated,,NotOutflow,-1,0,0,0.0
927,2590200.0,1113880.0,1080.0,Unsaturated,,NotOutflow,-1,1,0,0.01
928,2586280.0,1113960.0,1080.0,Unsaturated,,NotOutflow,-1,1,0,0.01
929,2586360.0,1113960.0,1080.0,Unsaturated,,NotOutflow,-1,1,0,0.01
930,2586600.0,1113960.0,1080.0,Unsaturated,,NotOutflow,-1,1,0,0.01
931,2586680.0,1113960.0,1080.0,Unsaturated,,NotOutflow,-1,1,0,0.01
932,2586840.0,1113960.0,1080.0,Unsaturated,,NotOutflow,-1,0,0,0.01
933,2586920.0,1113960.0,1080.0,Unsaturated,,NotOutflow,-1,1,0,0.01
934,2587000.0,1113960.0,1080.0,Saturated,,NotOutflow,-1,1,0,0.0
935,2587080.0,1113960.0,1080.0,Saturated,,NotOutflow,-1,0,0,0.0
936,2587160.0,1113960.0,1080.0,Unsaturated,,NotOutflow,-1,1,0,0.01
937,2588120.0,1113960.0,1080.0,Unsaturated,,NotOutflow,-1,1,0,0.01
938,2588200.0,1113960.0,1080.0,Unsaturated,,NotOutflow,-1,1,0,0.01
939,2588280.0,1113960.0,1080.0,Unsaturated,,NotOutflow,-1,1,0,0.01
940,2588360.0,1113960.0,1080.0,Unsaturated,,NotOutflow,-1,1,0,0.01
941,2588440.0,1113960.0,1080.0,Unsaturated,,NotOutflow,-1,1,0,0.01
942,2588520.0,1113960.0,1080.0,Saturated,,NotOutflow,-1,1,0,0.0
943,2588600.0,1113960.0,1080.0,Unsaturated,,NotOutflow,-1,1,0,0.01
944,2589480.0,1113960.0,1080.0,Unsaturated,,NotOutflow,-1,1,0,0.01
945,2589560.0,1113960.0,1080.0,Saturated,,NotOutflow,-1,0,0,0.0
946,2589640.0,1113960.0,1080.0,Unsaturated,,NotOutflow,-1,0,0,0.01
947,2589720.0,1113960.0,1080.0,Unsaturated,,NotOutflow,-1,1,0,0.01
948,2589800.0,1113960.0,1080.0,Saturated,,NotOutflow,-1,0,0,0.0
949,2589880.0,1113960.0,1080.0,Unsaturated,,NotOutflow,-1,1,0,0.01
950,2589960.0,1113960.0,1080.0,Unsaturated,,NotOutflow,-1,1,0,0.01
951,2590040.0,1113960.0,1080.0,Saturated,,NotOutflow,-1,1,0,0.0
952,2590120.0,1113960.0,1080.0,Unsaturated,,NotOutflow,-1,1,0,0.01
953,2590200.0,1113960.0,1080.0,Unsaturated,,NotOutflow,-1,1,0,0.01
954,2590280.0,1113960.0,1080.0,Unsaturated,,NotOutflow,-1,1,0,0.01
955,2588040.0,1109000.0,1160.0,Saturated,,NotOutflow,-1,0,0,0.0
956,2588120.0,1109000.0,1160.0,Unsaturated,,NotOutflow,2,0,1,0.01
957,2587960.0,1109080.0,1160.0,Unsaturated,,NotOutflow,-1,1,0,0.01
958,2588040.0,1109080.0,1160.0,Unsaturated,,NotOutflow,3,1,1,0.01
959,2587960.0,1109160.0,1160.0,Unsaturated,,NotOutflow,4,1,1,0.01
960,2588040.0,1109160.0,1160.0,Saturated,,NotOutflow,-1,1,0,0.0
961,2587960.0,1109240.0,1160.0,Unsaturated,,NotOutflow,7,1,1,0.01
962,2588040.0,1109240.0,1160.0,Unsaturated,,NotOutflow,8,1,1,0.01
963,2587960.0,1109320.0,1160.0,Unsaturated,,NotOutflow,10,1,1,0.01
964,2587880.0,1109400.0,1160.0,Unsaturated,,NotOutflow,14,1,1,0.01
965,2587960.0,1109400.0,1160.0,Unsaturated,,NotOutflow,15,1,1,0.01
966,2586040.0,1109480.0,1160.0,Unsaturated,,NotOutflow,16,1,1,0.01
967,2587880.0,1109480.0,1160.0,Saturated,,NotOutflow,-1,1,0,0.0
968,2587960.0,1109480.0,1160.0,Unsaturated,,NotOutflow,20,1,1,0.01
969,2586040.0,1109560.0,1160.0,Saturated,,NotOutflow,-1,1,0,0.0
970,2587880.0,1109560.0,1160.0,Unsaturated,,NotOutflow,24,1,1,0.01
971,2586040.0,1109640.0,1160.0,Saturated,,NotOutflow,-1,1,0,0.0
972,2586120.0,1109640.0,1160.0,Unsaturated,,NotOutflow,27,1,1,0.01
973,2587800.0,1109640.0,1160.0,Unsaturated,,NotOutflow,-1,1,0,0.01
974,2587880.0,1109640.0,1160.0,Saturated,,NotOutflow,-1,1,0,0.0
975,2586040.0,1109720.0,1160.0,Unsaturated,,NotOutflow,31,1,1,0.01
976,2586120.0,1109720.0,1160.0,Saturated,,NotOutflow,-1,1,0,0.0
977,2587800.0,1109720.0,1160.0,Unsaturated,,NotOutflow,36,1,1,0.01
978,2587880.0,1109720.0,1160.0,Unsaturated,,NotOutflow,37,1,1,0.01
979,2586040.0,1109800.0,1160.0,Unsaturated,,NotOutflow,-1,0,0,0.01
980,2586120.0,1109800.0,1160.0,Unsaturated,,NotOutflow,38,1,1,0.01
981,2586200.0,1109800.0,1160.0,Saturated,,NotOutflow,-1,0,0,0.0
982,2587800.0,1109800.0,1160.0,Unsaturated,,NotOutflow,42,1,1,0.01
983,2587880.0,1109800.0,1160.0,Unsaturated,,NotOutflow,43,0,1,0.01
984,2586040.0,1109880.0,1160.0,Saturated,,NotOutflow,-1,1,0,0.0
985,2586120.0,1109880.0,1160.0,Unsaturated,,NotOutflow,44,1,1,0.01
986,2586200.0,1109880.0,1160.0,Unsaturated,,NotOutflow,45,1,1,0.01
987,2586280.0,1109880.0,1160.0,Unsaturated,,NotOutflow,46,1,1,0.01
988,2587720.0,1109880.0,1160.0,Unsaturated,,NotOutflow,-1,1,0,0.01
989,2587800.0,1109880.0,1160.0,Unsaturated,,NotOutflow,49,1,1,0.01
990,2586040.0,1109960.0,1160.0,Saturated,,NotOutflow,-1,0,0,0.0
991,2586120.0,1109960.0,1160.0,Unsaturated,,NotOutflow,-1,1,0,0.01
992,2586200.0,1109960.0,1160.0,Unsaturated,,NotOutflow,50,1,1,0.01
993,2586280.0,1109960.0,1160.0,Unsaturated,,NotOutflow,51,1,1,0.01
994,2586360.0,1109960.0,1160.0,Unsaturated,,NotOutflow,52,1,1,0.01
995,2587720.0,1109960.0,1160.0,Unsaturated,,NotOutflow,55,1,1,0.01
996,2587800.0,1109960.0,1160.0,Unsaturated,,NotOutflow,56,1,1,0.01
997,2586040.0,1110040.0,1160.0,Saturated,,NotOutflow,-1,0,0,0.0
998,2586120.0,1110040.0,1160.0,Unsaturated,,NotOutflow,-1,1,0,0.01
999,2586200.0,1110040.0,1160.0,Unsaturated,,NotOutflow,-1,0,0,0.01
1000,2586280.0,1110040.0,1160.0,Saturated,,NotOutflow,-1,0,0,0.0
1001,2586360.0,1110040.0,1160.0,Unsaturated,,NotOutflow,58,1,1,0.01
1002,2587720.0,1110040.0,1160.0,Saturated,,NotOutflow,-1,0,0,0.0
1003,2587800.0,1110040.0,1160.0,Saturated,,NotOutflow,-1,1,0,0.0
1004,2586040.0,1110120.0,1160.0,Unsaturated,,NotOutflow,-1,0,0,0.01
1005,2586120.0,1110120.0,1160.0,Unsaturated,,NotOutflow,-1,0,0,0.01
1006,2586200.0,1110120.0,1160.0,Unsaturated,,NotOutflow,-1,1,0,0.01
1007,2586280.0,1110120.0,1160.0,Unsaturated,,NotOutflow,63,1,1,0.01
1008,2586360.0,1110120.0,1160.0,Saturated,,NotOutflow,-1,1,0,0.0
1009,2586440.0,1110120.0,1160.0,Unsaturated,,NotOutflow,65,1,1,0.01
1010,2587720.0,1110120.0,1160.0,Unsaturated,,NotOutflow,68,1,1,0.01
1011,2586120.0,1110200.0,1160.0,Unsaturated,,NotOutflow,-1,1,0,0.01
1012,2586200.0,1110200.0,1160.0,Saturated,,NotOutflow,-1,1,0,0.0
1013,2586280.0,1110200.0,1160.0,Saturated,,NotOutflow,-1,0,0,0.0
1014,2586360.0,1110200.0,1160.0,Unsaturated,,NotOutflow,70,1,1,0.01
1015,2586440.0,1110200.0,1160.0,Unsaturated,,NotOutflow,71,1,1,0.01
1016,2586520.0,1110200.0,1160.0,Unsaturated,,NotOutflow,72,0,1,0.01
1017,2587640.0,1110200.0,1160.0,Unsaturated,,NotOutflow,74,1,1,0.01
1018,2587720.0,1110200.0,1160.0,Unsaturated,,NotOutflow,75,1,1,0.01
1019,2586200.0,1110280.0,1160.0,Saturated,,NotOutflow,-1,1,0,0.0
1020,2586280.0,1110280.0,1160.0,Unsaturated,,NotOutflow,-1,1,0,0.01
1021,2586360.0,1110280.0,1160.0,Saturated,,NotOutflow,-1,0,0,0.0
1022,2586440.0,1110280.0,1160.0,Saturated,,NotOutflow,-1,1,0,0.0
1023,2586520.0,1110280.0,1160.0,Unsaturated,,NotOutflow,77,1,1,0.01
1024,2587640.0,1110280.0,1160.0,Unsaturated,,NotOutflow,80,1,1,0.01
1025,2587720.0,1110280.0,1160.0,Unsaturated,,NotOutflow,81,1,1,0.01
1026,2586200.0,1110360.0,1160.0,Unsaturated,,NotOutflow,-1,1,0,0.01
1027,2586280.0,1110360.0,1160.0,Unsaturated,,NotOutflow,-1,1,0,0.01
1028,2586360.0,1110360.0,1160.0,Unsaturated,,NotOutflow,-1,1,0,0.01
1029,2586440.0,1110360.0,1160.0,Unsaturated,,NotOutflow,82,1,1,0.01
1030,2586520.0,1110360.0,1160.0,Saturated,,NotOutflow,-1,0,0,0.0
1031,2587640.0,1110360.0,1160.0,Saturated,,NotOutflow,-1,0,0,0.0
1032,2587720.0,1110360.0,1160.0,Unsaturated,,NotOutflow,87,0,1,0.01
1033,2586280.0,1110440.0,1160.0,Unsaturated,,NotOutflow,-1,1,0,0.01
1034,2586360.0,1110440.0,1160.0,Unsaturated,,NotOutflow,-1,1,0,0.01
1035,2586440.0,1110440.0,1160.0,Unsaturated,,NotOutflow,-1,1,0,0.01
1036,2586520.0,1110440.0,1160.0,Unsaturated,,NotOutflow,88,0,1,0.01
1037,2586600.0,1110440.0,1160.0,Saturated,,NotOutflow,1043,1,1,1.5343673927256165e-10
1038,2587560.0,1110440.0,1160.0,Unsaturated,,NotOutflow,-1,1,0,0.01
1039,2587640.0,1110440.0,1160.0,Unsaturated,,NotOutflow,92,1,1,0.01
1040,2586360.0,1110520.0,1160.0,Unsaturated,,NotOutflow,-1,1,0,0.01
1041,2586440.0,1110520.0,1160.0,Saturated,,NotOutflow,-1,1,0,0.0
1042,2586520.0,1110520.0,1160.0,Saturated,,NotOutflow,-1,0,0,0.0
1043,2586600.0,1110520.0,1160.0,Saturated,,NotOutflow,1044,1,1,1.5343673927256165e-10
1044,2586680.0,1110520.0,1160.0,Saturated,,NotOutflow,1051,2,1,1.9724000822523114e-10
1045,2587560.0,1110520.0,1160.0,Unsaturated,,NotOutflow,96,0,1,0.01
1046,2587640.0,1110520.0,1160.0,Saturated,,NotOutflow,-1,1,0,0.0
1047,2586360.0,1110600.0,1160.0,Unsaturated,,NotOutflow,-1,1,0,0.01
1048,2586440.0,1110600.0,1160.0,Unsaturated,,NotOutflow,-1,1,0,0.01
1049,2586520.0,1110600.0,1160.0,Saturated,,NotOutflow,-1,1,0,0.0
1050,2586600.0,1110600.0,1160.0,Unsaturated,,NotOutflow,98,0,1,0.01
1051,2586680.0,1110600.0,1160.0,Saturated,,NotOutflow,99,2,3,1.9724000822523114e-10
1052,2586760.0,1110600.0,1160.0,Saturated,,NotOutflow,1059,2,1,8.684259411707066e-11
1053,2587560.0,1110600.0,1160.0,Unsaturated,,NotOutflow,102,1,1,0.01
1054,2587640.0,1110600.0,1160.0,Unsaturated,,NotOutflow,103,0,1,0.01
1055,2586440.0,1110680.0,1160.0,Unsaturated,,NotOutflow,-1,1,0,0.01
1056,2586520.0,1110680.0,1160.0,Unsaturated,,NotOutflow,-1,1,0,0.01
1057,2586600.0,1110680.0,1160.0,Unsaturated,,NotOutflow,104,0,1,0.01
1058,2586680.0,1110680.0,1160.0,Unsaturated,,NotOutflow,105,1,1,0.01
1059,2586760.0,1110680.0,1160.0,Saturated,,NotOutflow,2052,1,1,8.684259411707066e-11
1060,2586840.0,1110680.0,1160.0,Unsaturated,,NotOutflow,107,1,1,0.01
1061,2587560.0,1110680.0,1160.0,Unsaturated,,NotOutflow,108,0,1,0.01
1062,2586520.0,1110760.0,1160.0,Unsaturated,,NotOutflow,-1,1,0,0.01
1063,2586600.0,1110760.0,1160.0,Unsaturated,,NotOutflow,-1,1,0,0.01
1064,2586680.0,1110760.0,1160.0,Saturated,,NotOutflow,-1,0,0,0.0
1065,2586760.0,1110760.0,1160.0,Saturated,,NotOutflow,1066,1,1,3.9976091574049677e-11
1066,2586840.0,1110760.0,1160.0,Saturated,,NotOutflow,1073,1,1,3.9976091574049677e-11
1067,2587480.0,1110760.0,1160.0,Unsaturated,,NotOutflow,113,0,1,0.01
1068,2587560.0,1110760.0,1160.0,Unsaturated,,NotOutflow,114,0,1,0.01
1069,2586520.0,1110840.0,1160.0,Unsaturated,,NotOutflow,-1,1,0,0.01
1070,2586600.0,1110840.0,1160.0,Unsaturated,,NotOutflow,115,1,1,0.01
1071,2586680.0,1110840.0,1160.0,Saturated,,NotOutflow,-1,0,0,0.0
1072,2586760.0,1110840.0,1160.0,Unsaturated,,NotOutflow,117,0,1,0.01
1073,2586840.0,1110840.0,1160.0,Saturated,,NotOutflow,1074,1,1,3.9976091574049677e-11
1074,2586920.0,1110840.0,1160.0,Saturated,,NotOutflow,1082,1,1,3.9976091574049677e-11
1075,2587480.0,1110840.0,1160.0,Saturated,,NotOutflow,-1,0,0,0.0
1076,2587560.0,1110840.0,1160.0,Unsaturated,,NotOutflow,121,1,1,0.01
1077,2586040.0,1110920.0,1160.0,Unsaturated,,NotOutflow,122,0,1,0.01
1078,2586600.0,1110920.0,1160.0,Saturated,,NotOutflow,-1,1,0,0.0
1079,2586680.0,1110920.0,1160.0,Saturated,,NotOutflow,-1,1,0,0.0
1080,2586760.0,1110920.0,1160.0,Unsaturated,,NotOutflow,125,0,1,0.01
1081,2586840.0,1110920.0,1160.0,Unsaturated,,NotOutflow,126,0,1,0.01
1082,2586920.0,1110920.0,1160.0,Saturated,,NotOutflow,1083,1,1,3.9976091574049677e-11
1083,2587000.0,1110920.0,1160.0,Saturated,,NotOutflow,1092,1,1,3.9976091574049677e-11
1084,2587480.0,1110920.0,1160.0,Saturated,,NotOutflow,-1,0,0,0.0
1085,2586040.0,1111000.0,1160.0,Saturated,,NotOutflow,-1,0,0,0.0
1086,2586120.0,1111000.0,1160.0,Unsaturated,,NotOutflow,132,1,1,0.01
1087,2586600.0,1111000.0,1160.0,Saturated,,NotOutflow,-1,0,0,0.0
1088,2586680.0,1111000.0,1160.0,Unsaturated,,NotOutflow,134,1,1,0.01
1089,2586760.0,1111000.0,1160.0,Unsaturated,,NotOutflow,135,0,1,0.01
1090,2586840.0,1111000.0,1160.0,Unsaturated,,NotOutflow,136,0,1,0.01
1091,2586920.0,1111000.0,1160.0,Unsaturated,,NotOutflow,137,1,1,0.01
1092,2587000.0,1111000.0,1160.0,Saturated,,NotOutflow,2090,2,2,4.534575154635112e-11
1093,2587080.0,1111000.0,1160.0,Unsaturated,,NotOutflow,139,1,1,0.01
1094,2587400.0,1111000.0,1160.0,Unsaturated,,NotOutflow,-1,0,0,0.01
1095,2587480.0,1111000.0,1160.0,Saturated,,NotOutflow,2093,1,1,1.3713311879306378e-13
1096,2586040.0,1111080.0,1160.0,Unsaturated,,NotOutflow,141,1,1,0.01
1097,2586120.0,1111080.0,1160.0,Unsaturated,,NotOutflow,142,1,1,0.01
1098,2586200.0,1111080.0,1160.0,Unsaturated,,NotOutflow,143,1,1,0.01
1099,2586600.0,1111080.0,1160.0,Unsaturated,,NotOutflow,144,0,1,0.01
1100,2586680.0,1111080.0,1160.0,Unsaturated,,NotOutflow,145,1,1,0.01
1101,2586760.0,1111080.0,1160.0,Unsaturated,,NotOutflow,146,0,1,0.01
1102,2586840.0,1111080.0,1160.0,Unsaturated,,NotOutflow,147,0,1,0.01
1103,2587000.0,1111080.0,1160.0,Saturated,,NotOutflow,1104,1,1,4.533387200364559e-12
1104,2587080.0,1111080.0,1160.0,Saturated,,NotOutflow,2101,1,1,4.533387200364559e-12
1105,2587400.0,1111080.0,1160.0,Saturated,,NotOutflow,-1,0,0,0.0
1106,2587480.0,1111080.0,1160.0,Saturated,,NotOutflow,-1,1,0,0.0
1107,2586120.0,1111160.0,1160.0,Unsaturated,,NotOutflow,153,1,1,0.01
1108,2586200.0,1111160.0,1160.0,Unsaturated,,NotOutflow,154,1,1,0.01
1109,2586280.0,1111160.0,1160.0,Unsaturated,,NotOutflow,155,1,1,0.01
1110,2586600.0,1111160.0,1160.0,Unsaturated,,NotOutflow,156,0,1,0.01
1111,2586680.0,1111160.0,1160.0,Unsaturated,,NotOutflow,157,1,1,0.01
1112,2586760.0,1111160.0,1160.0,Unsaturated,,NotOutflow,-1,1,0,0.01
1113,2586840.0,1111160.0,1160.0,Saturated,,NotOutflow,-1,0,0,0.0
1114,2586920.0,1111160.0,1160.0,Unsaturated,,NotOutflow,159,0,1,0.01
1115,2587080.0,1111160.0,1160.0,Unsaturated,,NotOutflow,161,0,1,0.01
1116,2587160.0,1111160.0,1160.0,Unsaturated,,NotOutflow,162,0,1,0.01
1117,2587400.0,1111160.0,1160.0,Unsaturated,,NotOutflow,163,1,1,0.01
1118,2587480.0,1111160.0,1160.0,Unsaturated,,NotOutflow,164,0,1,0.01
1119,2586200.0,1111240.0,1160.0,Unsaturated,,NotOutflow,-1,1,0,0.01
1120,2586280.0,1111240.0,1160.0,Saturated,,NotOutflow,-1,1,0,0.0
1121,2586360.0,1111240.0,1160.0,Unsaturated,,NotOutflow,166,1,1,0.01
1122,2586600.0,1111240.0,1160.0,Unsaturated,,NotOutflow,167,0,1,0.01
1123,2586680.0,1111240.0,1160.0,Unsaturated,,NotOutflow,-1,1,0,0.01
1124,2586760.0,1111240.0,1160.0,Unsaturated,,NotOutflow,-1,1,0,0.01
1125,2586840.0,1111240.0,1160.0,Unsaturated,,NotOutflow,168,0,1,0.01
1126,2586920.0,1111240.0,1160.0,Unsaturated,,NotOutflow,169,0,1,0.01
1127,2587160.0,1111240.0,1160.0,Unsaturated,,NotOutflow,172,0,1,0.01
1128,2587240.0,1111240.0,1160.0,Unsaturated,,NotOutflow,173,0,1,0.01
1129,2587320.0,1111240.0,1160.0,Unsaturated,,NotOutflow,-1,1,0,0.01
1130,2587400.0,1111240.0,1160.0,Unsaturated,,NotOutflow,174,0,1,0.01
1131,2586360.0,1111320.0,1160.0,Unsaturated,,NotOutflow,175,1,1,0.01
1132,2586440.0,1111320.0,1160.0,Unsaturated,,NotOutflow,176,1,1,0.01
1133,2586520.0,1111320.0,1160.0,Unsaturated,,NotOutflow,-1,1,0,0.01
1134,2586600.0,1111320.0,1160.0,Unsaturated,,NotOutflow,177,1,1,0.01
1135,2586760.0,1111320.0,1160.0,Unsaturated,,NotOutflow,-1,1,0,0.01
1136,2586840.0,1111320.0,1160.0,Unsaturated,,NotOutflow,-1,1,0,0.01
1137,2586920.0,1111320.0,1160.0,Unsaturated,,NotOutflow,178,0,1,0.01
1138,2587000.0,1111320.0,1160.0,Unsaturated,,NotOutflow,179,0,1,0.01
1139,2587240.0,1111320.0,1160.0,Unsaturated,,NotOutflow,181,0,1,0.01
1140,2587320.0,1111320.0,1160.0,Unsaturated,,NotOutflow,182,0,1,0.01
1141,2587400.0,1111320.0,1160.0,Unsaturated,,NotOutflow,183,0,1,0.01
1142,2586440.0,1111400.0,1160.0,Unsaturated,,NotOutflow,184,1,1,0.01
1143,2586520.0,1111400.0,1160.0,Unsaturated,,NotOutflow,185,1,1,0.01
1144,2586600.0,1111400.0,1160.0,Unsaturated,,NotOutflow,186,1,1,0.01
1145,2586760.0,1111400.0,1160.0,Unsaturated,,NotOutflow,-1,1,0,0.01
1146,2586840.0,1111400.0,1160.0,Unsaturated,,NotOutflow,-1,1,0,0.01
1147,2586920.0,1111400.0,1160.0,Unsaturated,,NotOutflow,187,0,1,0.01
1148,2587000.0,1111400.0,1160.0,Unsaturated,,NotOutflow,188,0,1,0.01
1149,2587240.0,1111400.0,1160.0,Unsaturated,,NotOutflow,190,0,1,0.01
1150,2587320.0,1111400.0,1160.0,Saturated,,NotOutflow,-1,0,0,0.0
1151,2587400.0,1111400.0,1160.0,Unsaturated,,NotOutflow,192,1,1,0.01
1152,2586520.0,1111480.0,1160.0,Unsaturated,,NotOutflow,193,1,1,0.01
1153,2586600.0,1111480.0,1160.0,Saturated,,NotOutflow,-1,1,0,0.0
1154,2586680.0,1111480.0,1160.0,Unsaturated,,NotOutflow,195,1,1,0.01
1155,2586840.0,1111480.0,1160.0,Unsaturated,,NotOutflow,-1,1,0,0.01
1156,2586920.0,1111480.0,1160.0,Unsaturated,,NotOutflow,-1,1,0,0.01
1157,2587000.0,1111480.0,1160.0,Saturated,,NotOutflow,-1,0,0,0.0
1158,2587320.0,1111480.0,1160.0,Unsaturated,,NotOutflow,199,1,1,0.01
1159,2587400.0,1111480.0,1160.0,Unsaturated,,NotOutflow,200,1,1,0.01
1160,2586520.0,1111560.0,1160.0,Unsaturated,,NotOutflow,202,1,1,0.01
1161,2586600.0,1111560.0,1160.0,Unsaturated,,NotOutflow,203,1,1,0.01
1162,2586680.0,1111560.0,1160.0,Unsaturated,,NotOutflow,204,1,1,0.01
1163,2586760.0,1111560.0,1160.0,Unsaturated,,NotOutflow,205,1,1,0.01
1164,2586840.0,1111560.0,1160.0,Unsaturated,,NotOutflow,206,1,1,0.01
1165,2586920.0,1111560.0,1160.0,Unsaturated,,NotOutflow,-1,1,0,0.01
1166,2587000.0,1111560.0,1160.0,Unsaturated,,NotOutflow,207,0,1,0.01
1167,2587080.0,1111560.0,1160.0,Unsaturated,,NotOutflow,208,0,1,0.01
1168,2587240.0,1111560.0,1160.0,Unsaturated,,NotOutflow,-1,1,0,0.01
1169,2587320.0,1111560.0,1160.0,Unsaturated,,NotOutflow,210,1,1,0.01
1170,2587400.0,1111560.0,1160.0,Unsaturated,,NotOutflow,211,1,1,0.01
1171,2587480.0,1111560.0,1160.0,Unsaturated,,NotOutflow,212,1,1,0.01
1172,2586520.0,1111640.0,1160.0,Unsaturated,,NotOutflow,213,1,1,0.01
1173,2586600.0,1111640.0,1160.0,Unsaturated,,NotOutflow,214,1,1,0.01
1174,2586680.0,1111640.0,1160.0,Unsaturated,,NotOutflow,215,1,1,0.01
1175,2586760.0,1111640.0,1160.0,Unsaturated,,NotOutflow,216,1,1,0.01
1176,2586840.0,1111640.0,1160.0,Unsaturated,,NotOutflow,217,0,1,0.01
1177,2586920.0,1111640.0,1160.0,Unsaturated,,NotOutflow,218,1,1,0.01
1178,2587000.0,1111640.0,1160.0,Unsaturated,,NotOutflow,219,0,1,0.01
1179,2587080.0,1111640.0,1160.0,Unsaturated,,NotOutflow,220,0,1,0.01
1180,2587240.0,1111640.0,1160.0,Unsaturated,,NotOutflow,222,1,1,0.01
1181,2587320.0,1111640.0,1160.0,Unsaturated,,NotOutflow,223,1,1,0.01
1182,2587480.0,1111640.0,1160.0,Saturated,,NotOutflow,-1,1,0,0.0
1183,2587560.0,1111640.0,1160.0,Unsaturated,,NotOutflow,225,1,1,0.01
1184,2586520.0,1111720.0,1160.0,Saturated,,NotOutflow,-1,1,0,0.0
1185,2586760.0,1111720.0,1160.0,Unsaturated,,NotOutflow,228,0,1,0.01
1186,2586840.0,1111720.0,1160.0,Unsaturated,,NotOutflow,229,0,1,0.01
1187,2586920.0,1111720.0,1160.0,Saturated,,NotOutflow,-1,0,0,0.0
1188,2587000.0,1111720.0,1160.0,Unsaturated,,NotOutflow,231,1,1,0.01
1189,2587080.0,1111720.0,1160.0,Unsaturated,,NotOutflow,232,1,1,0.01
1190,2587240.0,1111720.0,1160.0,Unsaturated,,NotOutflow,234,1,1,0.01
1191,2587320.0,1111720.0,1160.0,Unsaturated,,NotOutflow,235,0,1,0.01
1192,2587480.0,1111720.0,1160.0,Unsaturated,,NotOutflow,-1,1,0,0.01
1193,2587560.0,1111720.0,1160.0,Unsaturated,,NotOutflow,236,1,1,0.01
1194,2587640.0,1111720.0,1160.0,Unsaturated,,NotOutflow,237,0,1,0.01
1195,2586520.0,1111800.0,1160.0,Saturated,,NotOutflow,-1,0,0,0.0
1196,2586840.0,1111800.0,1160.0,Unsaturated,,NotOutflow,239,1,1,0.01
1197,2586920.0,1111800.0,1160.0,Unsaturated,,NotOutflow,240,0,1,0.01
1198,2587000.0,1111800.0,1160.0,Saturated,,NotOutflow,-1,0,0,0.0
1199,2587080.0,1111800.0,1160.0,Saturated,,NotOutflow,-1,1,0,0.0
1200,2587160.0,1111800.0,1160.0,Unsaturated,,NotOutflow,243,1,1,0.01
1201,2587240.0,1111800.0,1160.0,Unsaturated,,NotOutflow,244,1,1,0.01
1202,2587560.0,1111800.0,1160.0,Unsaturated,,NotOutflow,245,1,1,0.01
1203,2587640.0,1111800.0,1160.0,Unsaturated,,NotOutflow,246,1,1,0.01
1204,2587720.0,1111800.0,1160.0,Unsaturated,,NotOutflow,247,0,1,0.01
1205,2586440.0,1111880.0,1160.0,Unsaturated,,NotOutflow,248,1,1,0.01
1206,2586520.0,1111880.0,1160.0,Saturated,,NotOutflow,-1,0,0,0.0
1207,2586920.0,1111880.0,1160.0,Unsaturated,,NotOutflow,250,1,1,0.01
1208,2587000.0,1111880.0,1160.0,Unsaturated,,NotOutflow,251,0,1,0.01
1209,2587080.0,1111880.0,1160.0,Unsaturated,,NotOutflow,252,1,1,0.01
1210,2587160.0,1111880.0,1160.0,Unsaturated,,NotOutflow,253,0,1,0.01
1211,2587240.0,1111880.0,1160.0,Unsaturated,,NotOutflow,254,0,1,0.01
1212,2587320.0,1111880.0,1160.0,Unsaturated,,NotOutflow,255,1,1,0.01
1213,2587400.0,1111880.0,1160.0,Unsaturated,,NotOutflow,256,1,1,0.01
1214,2587480.0,1111880.0,1160.0,Unsaturated,,NotOutflow,257,1,1,0.01
1215,2587560.0,1111880.0,1160.0,Unsaturated,,NotOutflow,258,1,1,0.01
1216,2587640.0,1111880.0,1160.0,Saturated,,NotOutflow,-1,1,0,0.0
1217,2587720.0,1111880.0,1160.0,Unsaturated,,NotOutflow,260,0,1,0.01
1218,2587800.0,1111880.0,1160.0,Unsaturated,,NotOutflow,261,0,1,0.01
1219,2586440.0,1111960.0,1160.0,Unsaturated,,NotOutflow,262,1,1,0.01
1220,2586520.0,1111960.0,1160.0,Unsaturated,,NotOutflow,263,1,1,0.01
1221,2587000.0,1111960.0,1160.0,Saturated,,NotOutflow,-1,0,0,0.0
1222,2587080.0,1111960.0,1160.0,Saturated,,NotOutflow,-1,1,0,0.0
1223,2587160.0,1111960.0,1160.0,Unsaturated,,NotOutflow,266,0,1,0.01
1224,2587240.0,1111960.0,1160.0,Unsaturated,,NotOutflow,267,1,1,0.01
1225,2587320.0,1111960.0,1160.0,Unsaturated,,NotOutflow,268,1,1,0.01
1226,2587400.0,1111960.0,1160.0,Unsaturated,,NotOutflow,269,1,1,0.01
1227,2587480.0,1111960.0,1160.0,Saturated,,NotOutflow,-1,0,0,0.0
1228,2587560.0,1111960.0,1160.0,Saturated,,NotOutflow,-1,0,0,0.0
1229,2587640.0,1111960.0,1160.0,Unsaturated,,NotOutflow,272,1,1,0.01
1230,2587720.0,1111960.0,1160.0,Unsaturated,,NotOutflow,273,0,1,0.01
1231,2587800.0,1111960.0,1160.0,Saturated,,NotOutflow,-1,0,0,0.0
1232,2587880.0,1111960.0,1160.0,Unsaturated,,NotOutflow,275,1,1,0.01
1233,2587960.0,1111960.0,1160.0,Unsaturated,,NotOutflow,276,1,1,0.01
1234,2586440.0,1112040.0,1160.0,Saturated,,NotOutflow,-1,1,0,0.0
1235,2586520.0,1112040.0,1160.0,Unsaturated,,NotOutflow,278,1,1,0.01
1236,2587000.0,1112040.0,1160.0,Unsaturated,,NotOutflow,-1,1,0,0.01
1237,2587080.0,1112040.0,1160.0,Saturated,,NotOutflow,-1,1,0,0.0
1238,2587160.0,1112040.0,1160.0,Saturated,,NotOutflow,-1,0,0,0.0
1239,2587400.0,1112040.0,1160.0,Saturated,,NotOutflow,-1,1,0,0.0
1240,2587480.0,1112040.0,1160.0,Saturated,,NotOutflow,-1,1,0,0.0
1241,2587560.0,1112040.0,1160.0,Unsaturated,,NotOutflow,284,1,1,0.01
1242,2587640.0,1112040.0,1160.0,Unsaturated,,NotOutflow,285,1,1,0.01
1243,2587720.0,1112040.0,1160.0,Unsaturated,,NotOutflow,286,1,1,0.01
1244,2587800.0,1112040.0,1160.0,Unsaturated,,NotOutflow,287,0,1,0.01
1245,2587880.0,1112040.0,1160.0,Unsaturated,,NotOutflow,288,1,1,0.01
1246,2587960.0,1112040.0,1160.0,Unsaturated,,NotOutflow,289,1,1,0.01
1247,2588040.0,1112040.0,1160.0,Unsaturated,,NotOutflow,290,1,1,0.01
1248,2588120.0,1112040.0,1160.0,Saturated,,NotOutflow,-1,0,0,0.0
1249,2588200.0,1112040.0,1160.0,Unsaturated,,NotOutflow,292,1,1,0.01
1250,2588280.0,1112040.0,1160.0,Unsaturated,,NotOutflow,293,1,1,0.01
1251,2588360.0,1112040.0,1160.0,Unsaturated,,NotOutflow,294,1,1,0.01
1252,2588440.0,1112040.0,1160.0,Unsaturated,,NotOutflow,295,1,1,0.01
1253,2586040.0,1112120.0,1160.0,Saturated,,NotOutflow,-1,1,0,0.0
1254,2586120.0,1112120.0,1160.0,Unsaturated,,NotOutflow,-1,1,0,0.01
1255,2586440.0,1112120.0,1160.0,Unsaturated,,NotOutflow,297,1,1,0.01
1256,2586520.0,1112120.0,1160.0,Unsaturated,,NotOutflow,298,1,1,0.01
1257,2587000.0,1112120.0,1160.0,Unsaturated,,NotOutflow,-1,1,0,0.01
1258,2587080.0,1112120.0,1160.0,Unsaturated,,NotOutflow,-1,1,0,0.01
1259,2587160.0,1112120.0,1160.0,Saturated,,NotOutflow,-1,1,0,0.0
1260,2587240.0,1112120.0,1160.0,Unsaturated,,NotOutflow,300,1,1,0.01
1261,2587560.0,1112120.0,1160.0,Unsaturated,,NotOutflow,301,1,1,0.01
1262,2587640.0,1112120.0,1160.0,Unsaturated,,NotOutflow,302,1,1,0.01
1263,2587720.0,1112120.0,1160.0,Unsaturated,,NotOutflow,303,1,1,0.01
1264,2587800.0,1112120.0,1160.0,Unsaturated,,NotOutflow,304,1,1,0.01
1265,2587880.0,1112120.0,1160.0,Unsaturated,,NotOutflow,305,1,1,0.01
1266,2587960.0,1112120.0,1160.0,Unsaturated,,NotOutflow,306,1,1,0.01
1267,2588120.0,1112120.0,1160.0,Unsaturated,,NotOutflow,307,1,1,0.01
1268,2588200.0,1112120.0,1160.0,Unsaturated,,NotOutflow,308,1,1,0.01
1269,2588280.0,1112120.0,1160.0,Unsaturated,,NotOutflow,309,1,1,0.01
1270,2588360.0,1112120.0,1160.0,Unsaturated,,NotOutflow,310,1,1,0.01
1271,2588440.0,1112120.0,1160.0,Saturated,,NotOutflow,-1,1,0,0.0
1272,2588520.0,1112120.0,1160.0,Saturated,,NotOutflow,-1,1,0,0.0
1273,2588600.0,1112120.0,1160.0,Unsaturated,,NotOutflow,313,1,1,0.01
1274,2588680.0,1112120.0,1160.0,Unsaturated,,NotOutflow,314,1,1,0.01
1275,2588760.0,1112120.0,1160.0,Unsaturated,,NotOutflow,315,1,1,0.01
1276,2588840.0,1112120.0,1160.0,Unsaturated,,NotOutflow,316,1,1,0.01
1277,2588920.0,1112120.0,1160.0,Unsaturated,,NotOutflow,317,1,1,0.01
1278,2589000.0,1112120.0,1160.0,Unsaturated,,NotOutflow,318,1,1,0.01
1279,2586040.0,1112200.0,1160.0,Unsaturated,,NotOutflow,319,1,1,0.01
1280,2586120.0,1112200.0,1160.0,Unsaturated,,NotOutflow,320,1,1,0.01
1281,2586200.0,1112200.0,1160.0,Unsaturated,,NotOutflow,321,1,1,0.01
1282,2586280.0,1112200.0,1160.0,Unsaturated,,NotOutflow,-1,1,0,0.01
1283,2586440.0,1112200.0,1160.0,Unsaturated,,NotOutflow,322,1,1,0.01
1284,2586520.0,1112200.0,1160.0,Unsaturated,,NotOutflow,323,1,1,0.01
1285,2587080.0,1112200.0,1160.0,Saturated,,NotOutflow,-1,0,0,0.0
1286,2587160.0,1112200.0,1160.0,Saturated,,NotOutflow,-1,1,0,0.0
1287,2587240.0,1112200.0,1160.0,Unsaturated,,NotOutflow,326,1,1,0.01
1288,2587800.0,1112200.0,1160.0,Unsaturated,,NotOutflow,328,0,1,0.01
1289,2587880.0,1112200.0,1160.0,Saturated,,NotOutflow,2285,1,1,4.839951207834055e-13
1290,2587960.0,1112200.0,1160.0,Saturated,,NotOutflow,2286,1,1,8.303561537562327e-21
1291,2588040.0,1112200.0,1160.0,Saturated,,NotOutflow,-1,0,0,0.0
1292,2588120.0,1112200.0,1160.0,Unsaturated,,NotOutflow,332,1,1,0.01
1293,2588680.0,1112200.0,1160.0,Unsaturated,,NotOutflow,333,1,1,0.01
1294,2588760.0,1112200.0,1160.0,Unsaturated,,NotOutflow,334,1,1,0.01
1295,2588840.0,1112200.0,1160.0,Saturated,,NotOutflow,-1,1,0,0.0
1296,2588920.0,1112200.0,1160.0,Unsaturated,,NotOutflow,336,1,1,0.01
1297,2589000.0,1112200.0,1160.0,Saturated,,NotOutflow,-1,1,0,0.0
1298,2589080.0,1112200.0,1160.0,Unsaturated,,NotOutflow,338,1,1,0.01
1299,2589160.0,1112200.0,1160.0,Unsaturated,,NotOutflow,339,1,1,0.01
1300,2589240.0,1112200.0,1160.0,Saturated,,NotOutflow,-1,0,0,0.0
1301,2589320.0,1112200.0,1160.0,Unsaturated,,NotOutflow,341,1,1,0.01
1302,2589400.0,1112200.0,1160.0,Unsaturated,,NotOutflow,342,1,1,0.01
1303,2589480.0,1112200.0,1160.0,Unsaturated,,NotOutflow,343,1,1,0.01
1304,2586200.0,1112280.0,1160.0,Unsaturated,,NotOutflow,345,1,1,0.01
1305,2586280.0,1112280.0,1160.0,Saturated,,NotOutflow,-1,1,0,0.0
1306,2586360.0,1112280.0,1160.0,Unsaturated,,NotOutflow,347,1,1,0.01
1307,2586440.0,1112280.0,1160.0,Unsaturated,,NotOutflow,348,1,1,0.01
1308,2587080.0,1112280.0,1160.0,Saturated,,NotOutflow,-1,0,0,0.0
1309,2587160.0,1112280.0,1160.0,Unsaturated,,NotOutflow,350,1,1,0.01
1310,2587240.0,1112280.0,1160.0,Unsaturated,,NotOutflow,351,0,1,0.01
1311,2587320.0,1112280.0,1160.0,Unsaturated,,NotOutflow,352,1,1,0.01
1312,2587880.0,1112280.0,1160.0,Unsaturated,,NotOutflow,-1,1,0,0.01
1313,2587960.0,1112280.0,1160.0,Saturated,,NotOutflow,1290,1,1,8.303561537562327e-21
1314,2588040.0,1112280.0,1160.0,Saturated,,NotOutflow,1313,1,1,8.303561537562327e-21
1315,2588120.0,1112280.0,1160.0,Unsaturated,,NotOutflow,355,1,1,0.01
1316,2588200.0,1112280.0,1160.0,Unsaturated,,NotOutflow,356,1,1,0.01
1317,2588280.0,1112280.0,1160.0,Unsaturated,,NotOutflow,357,1,1,0.01
1318,2588360.0,1112280.0,1160.0,Unsaturated,,NotOutflow,358,1,1,0.01
1319,2589160.0,1112280.0,1160.0,Unsaturated,,NotOutflow,360,0,1,0.01
1320,2589240.0,1112280.0,1160.0,Unsaturated,,NotOutflow,361,1,1,0.01
1321,2589320.0,1112280.0,1160.0,Unsaturated,,NotOutflow,362,1,1,0.01
1322,2589400.0,1112280.0,1160.0,Unsaturated,,NotOutflow,363,1,1,0.01
1323,2589480.0,1112280.0,1160.0,Saturated,,NotOutflow,-1,0,0,0.0
1324,2589560.0,1112280.0,1160.0,Unsaturated,,NotOutflow,365,1,1,0.01
1325,2589640.0,1112280.0,1160.0,Unsaturated,,NotOutflow,366,1,1,0.01
1326,2589720.0,1112280.0,1160.0,Saturated,,NotOutflow,-1,0,0,0.0
1327,2589800.0,1112280.0,1160.0,Unsaturated,,NotOutflow,368,1,1,0.01
1328,2589880.0,1112280.0,1160.0,Unsaturated,,NotOutflow,369,1,1,0.01
1329,2589960.0,1112280.0,1160.0,Unsaturated,,NotOutflow,370,1,1,0.01
1330,2590040.0,1112280.0,1160.0,Unsaturated,,NotOutflow,371,1,1,0.01
1331,2586360.0,1112360.0,1160.0,Unsaturated,,NotOutflow,372,1,1,0.01
1332,2586440.0,1112360.0,1160.0,Saturated,,NotOutflow,373,2,2,1.7857015933620742e-15
1333,2586520.0,1112360.0,1160.0,Unsaturated,,NotOutflow,374,0,1,0.01
1334,2586600.0,1112360.0,1160.0,Unsaturated,,NotOutflow,375,1,1,0.01
1335,2587000.0,1112360.0,1160.0,Unsaturated,,NotOutflow,-1,1,0,0.01
1336,2587080.0,1112360.0,1160.0,Unsaturated,,NotOutflow,376,0,1,0.01
1337,2587160.0,1112360.0,1160.0,Unsaturated,,NotOutflow,377,1,1,0.01
1338,2587240.0,1112360.0,1160.0,Unsaturated,,NotOutflow,378,1,1,0.01
1339,2587320.0,1112360.0,1160.0,Unsaturated,,NotOutflow,379,1,1,0.01
1340,2587400.0,1112360.0,1160.0,Unsaturated,,NotOutflow,380,1,1,0.01
1341,2587960.0,1112360.0,1160.0,Unsaturated,,NotOutflow,381,1,1,0.01
1342,2588040.0,1112360.0,1160.0,Unsaturated,,NotOutflow,382,0,1,0.01
1343,2588120.0,1112360.0,1160.0,Saturated,,NotOutflow,-1,0,0,0.0
1344,2588200.0,1112360.0,1160.0,Unsaturated,,NotOutflow,384,1,1,0.01
1345,2588280.0,1112360.0,1160.0,Unsaturated,,NotOutflow,385,1,1,0.01
1346,2588360.0,1112360.0,1160.0,Saturated,,NotOutflow,2344,2,2,2.8331867119037555e-11
1347,2588440.0,1112360.0,1160.0,Saturated,,NotOutflow,1346,1,3,1.3182130126378604e-11
1348,2588520.0,1112360.0,1160.0,Unsaturated,,NotOutflow,388,1,1,0.01
1349,2588600.0,1112360.0,1160.0,Unsaturated,,NotOutflow,389,1,1,0.01
1350,2588680.0,1112360.0,1160.0,Unsaturated,,NotOutflow,390,1,1,0.01
1351,2589720.0,1112360.0,1160.0,Unsaturated,,NotOutflow,391,1,1,0.01
1352,2589800.0,1112360.0,1160.0,Unsaturated,,NotOutflow,392,1,1,0.01
1353,2589880.0,1112360.0,1160.0,Unsaturated,,NotOutflow,393,1,1,0.01
1354,2589960.0,1112360.0,1160.0,Unsaturated,,NotOutflow,394,1,1,0.01
1355,2590040.0,1112360.0,1160.0,Saturated,,NotOutflow,-1,0,0,0.0
1356,2590120.0,1112360.0,1160.0,Saturated,,NotOutflow,-1,0,0,0.0
1357,2590200.0,1112360.0,1160.0,Unsaturated,,NotOutflow,397,1,1,0.01
1358,2590280.0,1112360.0,1160.0,Unsaturated,,NotOutflow,398,1,1,0.01
1359,2590360.0,1112360.0,1160.0,Unsaturated,,NotOutflow,399,1,1,0.01
1360,2590440.0,1112360.0,1160.0,Unsaturated,,NotOutflow,400,1,1,0.01
1361,2590520.0,1112360.0,1160.0,Unsaturated,,NotOutflow,401,1,1,0.01
1362,2586360.0,1112440.0,1160.0,Unsaturated,,NotOutflow,402,1,1,0.01
1363,2586440.0,1112440.0,1160.0,Unsaturated,,NotOutflow,403,1,1,0.01
1364,2586520.0,1112440.0,1160.0,Unsaturated,,NotOutflow,404,1,1,0.01
1365,2586600.0,1112440.0,1160.0,Unsaturated,,NotOutflow,405,0,1,0.01
1366,2586680.0,1112440.0,1160.0,Unsaturated,,NotOutflow,406,0,1,0.01
1367,2586760.0,1112440.0,1160.0,Unsaturated,,NotOutflow,-1,1,0,0.01
1368,2587000.0,1112440.0,1160.0,Unsaturated,,NotOutflow,407,1,1,0.01
1369,2587080.0,1112440.0,1160.0,Unsaturated,,NotOutflow,408,0,1,0.01
1370,2587160.0,1112440.0,1160.0,Unsaturated,,NotOutflow,409,1,1,0.01
1371,2587240.0,1112440.0,1160.0,Unsaturated,,NotOutflow,410,1,1,0.01
1372,2587320.0,1112440.0,1160.0,Unsaturated,,NotOutflow,411,1,1,0.01
1373,2587400.0,1112440.0,1160.0,Unsaturated,,NotOutflow,412,1,1,0.01
1374,2587480.0,1112440.0,1160.0,Unsaturated,,NotOutflow,413,1,1,0.01
1375,2587960.0,1112440.0,1160.0,Unsaturated,,NotOutflow,-1,1,0,0.01
1376,2588040.0,1112440.0,1160.0,Saturated,,NotOutflow,-1,0,0,0.0
1377,2588120.0,1112440.0,1160.0,Unsaturated,,NotOutflow,415,0,1,0.01
1378,2588200.0,1112440.0,1160.0,Unsaturated,,NotOutflow,416,0,1,0.01
1379,2588280.0,1112440.0,1160.0,Unsaturated,,NotOutflow,417,1,1,0.01
1380,2588440.0,1112440.0,1160.0,Saturated,,NotOutflow,2379,1,2,7.851230026314091e-13
1381,2588520.0,1112440.0,1160.0,Saturated,,NotOutflow,1418,2,1,4.1637832126957955e-13
1382,2588600.0,1112440.0,1160.0,Unsaturated,,NotOutflow,420,1,1,0.01
1383,2588680.0,1112440.0,1160.0,Unsaturated,,NotOutflow,421,1,1,0.01
1384,2588760.0,1112440.0,1160.0,Unsaturated,,NotOutflow,422,1,1,0.01
1385,2588840.0,1112440.0,1160.0,Unsaturated,,NotOutflow,423,1,1,0.01
1386,2588920.0,1112440.0,1160.0,Unsaturated,,NotOutflow,424,1,1,0.01
1387,2589000.0,1112440.0,1160.0,Unsaturated,,NotOutflow,425,0,1,0.01
1388,2590200.0,1112440.0,1160.0,Unsaturated,,NotOutflow,426,0,1,0.01
1389,2590280.0,1112440.0,1160.0,Unsaturated,,NotOutflow,427,1,1,0.01
1390,2590360.0,1112440.0,1160.0,Unsaturated,,NotOutflow,428,1,1,0.01
1391,2590440.0,1112440.0,1160.0,Unsaturated,,NotOutflow,429,1,1,0.01
1392,2590520.0,1112440.0,1160.0,Saturated,,NotOutflow,-1,0,0,0.0
1393,2590600.0,1112440.0,1160.0,Saturated,,NotOutflow,-1,0,0,0.0
1394,2590680.0,1112440.0,1160.0,Unsaturated,,NotOutflow,432,1,1,0.01
1395,2590760.0,1112440.0,1160.0,Unsaturated,,NotOutflow,433,1,1,0.01
1396,2590840.0,1112440.0,1160.0,Unsaturated,,NotOutflow,434,1,1,0.01
1397,2590920.0,1112440.0,1160.0,Unsaturated,,NotOutflow,435,1,1,0.01
1398,2591000.0,1112440.0,1160.0,Unsaturated,,NotOutflow,436,1,1,0.01
1399,2586360.0,1112520.0,1160.0,Unsaturated,,NotOutflow,437,1,1,0.01
1400,2586440.0,1112520.0,1160.0,Unsaturated,,NotOutflow,438,1,1,0.01
1401,2586680.0,1112520.0,1160.0,Unsaturated,,NotOutflow,439,0,1,0.01
1402,2586760.0,1112520.0,1160.0,Saturated,,NotOutflow,-1,0,0,0.0
1403,2586840.0,1112520.0,1160.0,Saturated,,NotOutflow,-1,1,0,0.0
1404,2586920.0,1112520.0,1160.0,Unsaturated,,NotOutflow,-1,1,0,0.01
1405,2587000.0,1112520.0,1160.0,Unsaturated,,NotOutflow,442,1,1,0.01
1406,2587080.0,1112520.0,1160.0,Unsaturated,,NotOutflow,443,1,1,0.01
1407,2587160.0,1112520.0,1160.0,Unsaturated,,NotOutflow,444,1,1,0.01
1408,2587240.0,1112520.0,1160.0,Unsaturated,,NotOutflow,445,1,1,0.01
1409,2587320.0,1112520.0,1160.0,Unsaturated,,NotOutflow,446,0,1,0.01
1410,2587400.0,1112520.0,1160.0,Unsaturated,,NotOutflow,447,1,1,0.01
1411,2587480.0,1112520.0,1160.0,Saturated,,NotOutflow,-1,1,0,0.0
1412,2587560.0,1112520.0,1160.0,Unsaturated,,NotOutflow,449,0,1,0.01
1413,2588040.0,1112520.0,1160.0,Saturated,,NotOutflow,-1,0,0,0.0
1414,2588120.0,1112520.0,1160.0,Unsaturated,,NotOutflow,452,1,1,0.01
1415,2588200.0,1112520.0,1160.0,Unsaturated,,NotOutflow,-1,0,0,0.01
1416,2588280.0,1112520.0,1160.0,Saturated,,NotOutflow,-1,0,0,0.0
1417,2588360.0,1112520.0,1160.0,Unsaturated,,NotOutflow,454,1,1,0.01
1418,2588520.0,1112520.0,1160.0,Saturated,,NotOutflow,1419,1,1,4.1637832126957955e-13
1419,2588600.0,1112520.0,1160.0,Saturated,,NotOutflow,1449,2,1,4.1637832126957955e-13
1420,2588840.0,1112520.0,1160.0,Unsaturated,,NotOutflow,458,1,1,0.01
1421,2588920.0,1112520.0,1160.0,Saturated,,NotOutflow,-1,1,0,0.0
1422,2589000.0,1112520.0,1160.0,Saturated,,NotOutflow,-1,1,0,0.0
1423,2589080.0,1112520.0,1160.0,Unsaturated,,NotOutflow,461,1,1,0.01
1424,2589160.0,1112520.0,1160.0,Unsaturated,,NotOutflow,462,1,1,0.01
1425,2589240.0,1112520.0,1160.0,Unsaturated,,NotOutflow,463,1,1,0.01
1426,2590760.0,1112520.0,1160.0,Unsaturated,,NotOutflow,465,1,1,0.01
1427,2590840.0,1112520.0,1160.0,Unsaturated,,NotOutflow,466,1,1,0.01
1428,2590920.0,1112520.0,1160.0,Unsaturated,,NotOutflow,467,1,1,0.01
1429,2591000.0,1112520.0,1160.0,Saturated,,NotOutflow,-1,1,0,0.0
1430,2586360.0,1112600.0,1160.0,Saturated,,NotOutflow,-1,1,0,0.0
1431,2586440.0,1112600.0,1160.0,Unsaturated,,NotOutflow,470,1,1,0.01
1432,2586760.0,1112600.0,1160.0,Unsaturated,,NotOutflow,-1,1,0,0.01
1433,2586840.0,1112600.0,1160.0,Unsaturated,,NotOutflow,471,1,1,0.01
1434,2586920.0,1112600.0,1160.0,Unsaturated,,NotOutflow,472,1,1,0.01
1435,2587000.0,1112600.0,1160.0,Unsaturated,,NotOutflow,473,1,1,0.01
1436,2587080.0,1112600.0,1160.0,Unsaturated,,NotOutflow,474,1,1,0.01
1437,2587160.0,1112600.0,1160.0,Unsaturated,,NotOutflow,475,1,1,0.01
1438,2587240.0,1112600.0,1160.0,Unsaturated,,NotOutflow,476,1,1,0.01
1439,2587320.0,1112600.0,1160.0,Unsaturated,,NotOutflow,477,1,1,0.01
1440,2587400.0,1112600.0,1160.0,Unsaturated,,NotOutflow,478,1,1,0.01
1441,2587480.0,1112600.0,1160.0,Saturated,,NotOutflow,1442,1,2,1.4668924904343503e-09
1442,2587560.0,1112600.0,1160.0,Saturated,,NotOutflow,1441,2,2,1.837952893600421e-09
1443,2587640.0,1112600.0,1160.0,Unsaturated,,NotOutflow,481,1,1,0.01
1444,2588040.0,1112600.0,1160.0,Unsaturated,,NotOutflow,484,1,1,0.01
1445,2588120.0,1112600.0,1160.0,Unsaturated,,NotOutflow,485,1,1,0.01
1446,2588280.0,1112600.0,1160.0,Saturated,,NotOutflow,-1,0,0,0.0
1447,2588360.0,1112600.0,1160.0,Saturated,,NotOutflow,-1,1,0,0.0
1448,2588440.0,1112600.0,1160.0,Unsaturated,,NotOutflow,487,1,1,0.01
1449,2588600.0,1112600.0,1160.0,Saturated,,NotOutflow,2444,1,1,4.1637832126957955e-13
1450,2588680.0,1112600.0,1160.0,Unsaturated,,NotOutflow,489,1,1,0.01
1451,2589080.0,1112600.0,1160.0,Unsaturated,,NotOutflow,491,1,1,0.01
1452,2589160.0,1112600.0,1160.0,Unsaturated,,NotOutflow,492,1,1,0.01
1453,2589240.0,1112600.0,1160.0,Unsaturated,,NotOutflow,493,1,1,0.01
1454,2589320.0,1112600.0,1160.0,Unsaturated,,NotOutflow,494,1,1,0.01
1455,2589400.0,1112600.0,1160.0,Saturated,,NotOutflow,-1,1,0,0.0
1456,2589480.0,1112600.0,1160.0,Unsaturated,,NotOutflow,496,1,1,0.01
1457,2589560.0,1112600.0,1160.0,Unsaturated,,NotOutflow,497,1,1,0.01
1458,2586360.0,1112680.0,1160.0,Unsaturated,,NotOutflow,498,1,1,0.01
1459,2586440.0,1112680.0,1160.0,Unsaturated,,NotOutflow,499,0,1,0.01
1460,2586840.0,1112680.0,1160.0,Unsaturated,,NotOutflow,-1,1,0,0.01
1461,2586920.0,1112680.0,1160.0,Unsaturated,,NotOutflow,500,1,1,0.01
1462,2587000.0,1112680.0,1160.0,Saturated,,NotOutflow,-1,1,0,0.0
1463,2587080.0,1112680.0,1160.0,Unsaturated,,NotOutflow,502,0,1,0.01
1464,2587160.0,1112680.0,1160.0,Saturated,,NotOutflow,-1,1,0,0.0
1465,2587240.0,1112680.0,1160.0,Unsaturated,,NotOutflow,504,1,1,0.01
1466,2587320.0,1112680.0,1160.0,Unsaturated,,NotOutflow,505,1,1,0.01
1467,2587400.0,1112680.0,1160.0,Unsaturated,,NotOutflow,506,1,1,0.01
1468,2587480.0,1112680.0,1160.0,Unsaturated,,NotOutflow,507,1,1,0.01
1469,2587560.0,1112680.0,1160.0,Saturated,,NotOutflow,1442,2,2,1.837952893600421e-09
1470,2587640.0,1112680.0,1160.0,Unsaturated,,NotOutflow,509,0,1,0.01
1471,2587720.0,1112680.0,1160.0,Unsaturated,,NotOutflow,510,1,1,0.01
1472,2587800.0,1112680.0,1160.0,Unsaturated,,NotOutflow,511,0,1,0.01
1473,2588040.0,1112680.0,1160.0,Unsaturated,,NotOutflow,513,1,1,0.01
1474,2588120.0,1112680.0,1160.0,Unsaturated,,NotOutflow,514,1,1,0.01
1475,2588360.0,1112680.0,1160.0,Unsaturated,,NotOutflow,-1,0,0,0.01
1476,2588440.0,1112680.0,1160.0,Unsaturated,,NotOutflow,515,1,1,0.01
1477,2588520.0,1112680.0,1160.0,Unsaturated,,NotOutflow,516,0,1,0.01
1478,2588680.0,1112680.0,1160.0,Saturated,,NotOutflow,-1,0,0,0.0
1479,2588760.0,1112680.0,1160.0,Unsaturated,,NotOutflow,518,1,1,0.01
1480,2589400.0,1112680.0,1160.0,Unsaturated,,NotOutflow,520,1,1,0.01
1481,2589480.0,1112680.0,1160.0,Saturated,,NotOutflow,-1,1,0,0.0
1482,2589560.0,1112680.0,1160.0,Unsaturated,,NotOutflow,522,1,1,0.01
1483,2589640.0,1112680.0,1160.0,Unsaturated,,NotOutflow,523,1,1,0.01
1484,2589720.0,1112680.0,1160.0,Unsaturated,,NotOutflow,524,1,1,0.01
1485,2589800.0,1112680.0,1160.0,Unsaturated,,NotOutflow,525,1,1,0.01
1486,2589880.0,1112680.0,1160.0,Unsaturated,,NotOutflow,526,0,1,0.01
1487,2586360.0,1112760.0,1160.0,Unsaturated,,NotOutflow,527,1,1,0.01
1488,2586920.0,1112760.0,1160.0,Unsaturated,,NotOutflow,528,0,1,0.01
1489,2587000.0,1112760.0,1160.0,Saturated,,NotOutflow,-1,1,0,0.0
1490,2587080.0,1112760.0,1160.0,Unsaturated,,NotOutflow,530,0,1,0.01
1491,2587160.0,1112760.0,1160.0,Unsaturated,,NotOutflow,531,1,1,0.01
1492,2587240.0,1112760.0,1160.0,Saturated,,NotOutflow,-1,1,0,0.0
1493,2587320.0,1112760.0,1160.0,Unsaturated,,NotOutflow,533,1,1,0.01
1494,2587400.0,1112760.0,1160.0,Unsaturated,,NotOutflow,534,1,1,0.01
1495,2587480.0,1112760.0,1160.0,Unsaturated,,NotOutflow,535,1,1,0.01
1496,2587560.0,1112760.0,1160.0,Unsaturated,,NotOutflow,536,0,1,0.01
1497,2587640.0,1112760.0,1160.0,Unsaturated,,NotOutflow,537,0,1,0.01
1498,2587720.0,1112760.0,1160.0,Unsaturated,,NotOutflow,538,0,1,0.01
1499,2587800.0,1112760.0,1160.0,Unsaturated,,NotOutflow,539,1,1,0.01
1500,2587880.0,1112760.0,1160.0,Unsaturated,,NotOutflow,540,0,1,0.01
1501,2588040.0,1112760.0,1160.0,Unsaturated,,NotOutflow,542,1,1,0.01
1502,2588120.0,1112760.0,1160.0,Unsaturated,,NotOutflow,543,1,1,0.01
1503,2588440.0,1112760.0,1160.0,Unsaturated,,NotOutflow,544,0,1,0.01
1504,2588520.0,1112760.0,1160.0,Saturated,,NotOutflow,-1,1,0,0.0
1505,2588600.0,1112760.0,1160.0,Unsaturated,,NotOutflow,546,1,1,0.01
1506,2588680.0,1112760.0,1160.0,Unsaturated,,NotOutflow,-1,0,0,0.01
1507,2588760.0,1112760.0,1160.0,Saturated,,NotOutflow,-1,0,0,0.0
1508,2588840.0,1112760.0,1160.0,Unsaturated,,NotOutflow,548,0,1,0.01
1509,2589720.0,1112760.0,1160.0,Unsaturated,,NotOutflow,549,1,1,0.01
1510,2589800.0,1112760.0,1160.0,Saturated,,NotOutflow,-1,0,0,0.0
1511,2589880.0,1112760.0,1160.0,Unsaturated,,NotOutflow,551,1,1,0.01
1512,2589960.0,1112760.0,1160.0,Unsaturated,,NotOutflow,552,1,1,0.01
1513,2590040.0,1112760.0,1160.0,Saturated,,NotOutflow,-1,0,0,0.0
1514,2590120.0,1112760.0,1160.0,Unsaturated,,NotOutflow,554,1,1,0.01
1515,2586280.0,1112840.0,1160.0,Unsaturated,,NotOutflow,-1,1,0,0.01
1516,2586360.0,1112840.0,1160.0,Unsaturated,,NotOutflow,555,1,1,0.01
1517,2586920.0,1112840.0,1160.0,Unsaturated,,NotOutflow,556,1,1,0.01
1518,2587000.0,1112840.0,1160.0,Unsaturated,,NotOutflow,557,1,1,0.01
1519,2587080.0,1112840.0,1160.0,Unsaturated,,NotOutflow,558,0,1,0.01
1520,2587160.0,1112840.0,1160.0,Unsaturated,,NotOutflow,559,1,1,0.01
1521,2587240.0,1112840.0,1160.0,Unsaturated,,NotOutflow,560,0,1,0.01
1522,2587320.0,1112840.0,1160.0,Unsaturated,,NotOutflow,561,1,1,0.01
1523,2587400.0,1112840.0,1160.0,Unsaturated,,NotOutflow,562,1,1,0.01
1524,2587480.0,1112840.0,1160.0,Unsaturated,,NotOutflow,563,0,1,0.01
1525,2587560.0,1112840.0,1160.0,Unsaturated,,NotOutflow,564,1,1,0.01
1526,2587640.0,1112840.0,1160.0,Unsaturated,,NotOutflow,565,0,1,0.01
1527,2587720.0,1112840.0,1160.0,Unsaturated,,NotOutflow,566,0,1,0.01
1528,2587800.0,1112840.0,1160.0,Unsaturated,,NotOutflow,567,0,1,0.01
1529,2587880.0,1112840.0,1160.0,Unsaturated,,NotOutflow,568,1,1,0.01
1530,2587960.0,1112840.0,1160.0,Unsaturated,,NotOutflow,569,0,1,0.01
1531,2588040.0,1112840.0,1160.0,Unsaturated,,NotOutflow,570,0,1,0.01
1532,2588120.0,1112840.0,1160.0,Unsaturated,,NotOutflow,571,1,1,0.01
1533,2588200.0,1112840.0,1160.0,Unsaturated,,NotOutflow,572,1,1,0.01
1534,2588520.0,1112840.0,1160.0,Unsaturated,,NotOutflow,-1,0,0,0.01
1535,2588600.0,1112840.0,1160.0,Unsaturated,,NotOutflow,573,1,1,0.01
1536,2588680.0,1112840.0,1160.0,Unsaturated,,NotOutflow,574,1,1,0.01
1537,2588760.0,1112840.0,1160.0,Unsaturated,,NotOutflow,-1,1,0,0.01
1538,2588840.0,1112840.0,1160.0,Saturated,,NotOutflow,-1,1,0,0.0
1539,2588920.0,1112840.0,1160.0,Unsaturated,,NotOutflow,576,0,1,0.01
1540,2589960.0,1112840.0,1160.0,Unsaturated,,NotOutflow,577,1,1,0.01
1541,2590040.0,1112840.0,1160.0,Unsaturated,,NotOutflow,578,1,1,0.01
1542,2590120.0,1112840.0,1160.0,Unsaturated,,NotOutflow,579,1,1,0.01
1543,2590200.0,1112840.0,1160.0,Saturated,,NotOutflow,-1,0,0,0.0
1544,2590280.0,1112840.0,1160.0,Unsaturated,,NotOutflow,581,1,1,0.01
1545,2590360.0,1112840.0,1160.0,Unsaturated,,NotOutflow,582,1,1,0.01
1546,2590440.0,1112840.0,1160.0,Unsaturated,,NotOutflow,583,1,1,0.01
1547,2586280.0,1112920.0,1160.0,Unsaturated,,NotOutflow,584,1,1,0.01
1548,2586360.0,1112920.0,1160.0,Unsaturated,,NotOutflow,585,1,1,0.01
1549,2586920.0,1112920.0,1160.0,Unsaturated,,NotOutflow,586,1,1,0.01
1550,2587080.0,1112920.0,1160.0,Unsaturated,,NotOutflow,-1,0,0,0.01
1551,2587160.0,1112920.0,1160.0,Saturated,,NotOutflow,-1,0,0,0.0
1552,2587240.0,1112920.0,1160.0,Saturated,,NotOutflow,-1,1,0,0.0
1553,2587320.0,1112920.0,1160.0,Unsaturated,,NotOutflow,589,1,1,0.01
1554,2587480.0,1112920.0,1160.0,Unsaturated,,NotOutflow,591,0,1,0.01
1555,2587560.0,1112920.0,1160.0,Unsaturated,,NotOutflow,592,0,1,0.01
1556,2587640.0,1112920.0,1160.0,Unsaturated,,NotOutflow,593,1,1,0.01
1557,2587720.0,1112920.0,1160.0,Unsaturated,,NotOutflow,594,1,1,0.01
1558,2587800.0,1112920.0,1160.0,Unsaturated,,NotOutflow,595,0,1,0.01
1559,2587880.0,1112920.0,1160.0,Unsaturated,,NotOutflow,596,1,1,0.01
1560,2587960.0,1112920.0,1160.0,Unsaturated,,NotOutflow,597,1,1,0.01
1561,2588040.0,1112920.0,1160.0,Unsaturated,,NotOutflow,598,1,1,0.01
1562,2588120.0,1112920.0,1160.0,Unsaturated,,NotOutflow,599,1,1,0.01
1563,2588200.0,1112920.0,1160.0,Saturated,,NotOutflow,-1,1,0,0.0
1564,2588600.0,1112920.0,1160.0,Saturated,,NotOutflow,-1,0,0,0.0
1565,2588680.0,1112920.0,1160.0,Unsaturated,,NotOutflow,603,1,1,0.01
1566,2588760.0,1112920.0,1160.0,Unsaturated,,NotOutflow,604,1,1,0.01
1567,2588840.0,1112920.0,1160.0,Unsaturated,,NotOutflow,605,0,1,0.01
1568,2588920.0,1112920.0,1160.0,Unsaturated,,NotOutflow,606,1,1,0.01
1569,2589000.0,1112920.0,1160.0,Unsaturated,,NotOutflow,607,0,1,0.01
1570,2590280.0,1112920.0,1160.0,Unsaturated,,NotOutflow,608,1,1,0.01
1571,2590360.0,1112920.0,1160.0,Unsaturated,,NotOutflow,609,1,1,0.01
1572,2590440.0,1112920.0,1160.0,Unsaturated,,NotOutflow,610,1,1,0.01
1573,2590520.0,1112920.0,1160.0,Saturated,,NotOutflow,-1,0,0,0.0
1574,2590600.0,1112920.0,1160.0,Saturated,,NotOutflow,-1,1,0,0.0
1575,2590680.0,1112920.0,1160.0,Unsaturated,,NotOutflow,613,1,1,0.01
1576,2586280.0,1113000.0,1160.0,Saturated,,NotOutflow,-1,1,0,0.0
1577,2586360.0,1113000.0,1160.0,Saturated,,NotOutflow,-1,1,0,0.0
1578,2586840.0,1113000.0,1160.0,Unsaturated,,NotOutflow,616,1,1,0.01
1579,2586920.0,1113000.0,1160.0,Saturated,,NotOutflow,-1,1,0,0.0
1580,2587080.0,1113000.0,1160.0,Unsaturated,,NotOutflow,-1,1,0,0.01
1581,2587160.0,1113000.0,1160.0,Unsaturated,,NotOutflow,-1,1,0,0.01
1582,2587240.0,1113000.0,1160.0,Unsaturated,,NotOutflow,618,1,1,0.01
1583,2587320.0,1113000.0,1160.0,Unsaturated,,NotOutflow,619,1,1,0.01
1584,2587400.0,1113000.0,1160.0,Unsaturated,,NotOutflow,620,1,1,0.01
1585,2587480.0,1113000.0,1160.0,Unsaturated,,NotOutflow,621,1,1,0.01
1586,2587640.0,1113000.0,1160.0,Unsaturated,,NotOutflow,623,1,1,0.01
1587,2587720.0,1113000.0,1160.0,Unsaturated,,NotOutflow,624,0,1,0.01
1588,2587800.0,1113000.0,1160.0,Unsaturated,,NotOutflow,625,0,1,0.01
1589,2587880.0,1113000.0,1160.0,Unsaturated,,NotOutflow,626,1,1,0.01
1590,2587960.0,1113000.0,1160.0,Unsaturated,,NotOutflow,627,1,1,0.01
1591,2588040.0,1113000.0,1160.0,Unsaturated,,NotOutflow,628,1,1,0.01
1592,2588120.0,1113000.0,1160.0,Unsaturated,,NotOutflow,629,1,1,0.01
1593,2588200.0,1113000.0,1160.0,Saturated,,NotOutflow,-1,1,0,0.0
1594,2588280.0,1113000.0,1160.0,Unsaturated,,NotOutflow,631,1,1,0.01
1595,2588680.0,1113000.0,1160.0,Unsaturated,,NotOutflow,-1,1,0,0.01
1596,2588760.0,1113000.0,1160.0,Saturated,,NotOutflow,-1,0,0,0.0
1597,2588840.0,1113000.0,1160.0,Saturated,,NotOutflow,-1,1,0,0.0
1598,2588920.0,1113000.0,1160.0,Unsaturated,,NotOutflow,636,0,1,0.01
1599,2589000.0,1113000.0,1160.0,Saturated,,NotOutflow,-1,0,0,0.0
1600,2589080.0,1113000.0,1160.0,Unsaturated,,NotOutflow,638,0,1,0.01
1601,2590600.0,1113000.0,1160.0,Unsaturated,,NotOutflow,639,1,1,0.01
1602,2590680.0,1113000.0,1160.0,Unsaturated,,NotOutflow,640,1,1,0.01
1603,2590760.0,1113000.0,1160.0,Saturated,,NotOutflow,-1,0,0,0.0
1604,2590840.0,1113000.0,1160.0,Unsaturated,,NotOutflow,642,1,1,0.01
1605,2590920.0,1113000.0,1160.0,Unsaturated,,NotOutflow,643,1,1,0.01
1606,2591000.0,1113000.0,1160.0,Unsaturated,,NotOutflow,644,1,1,0.01
1607,2586280.0,1113080.0,1160.0,Unsaturated,,NotOutflow,645,1,1,0.01
1608,2586360.0,1113080.0,1160.0,Unsaturated,,NotOutflow,646,1,1,0.01
1609,2586840.0,1113080.0,1160.0,Unsaturated,,NotOutflow,647,1,1,0.01
1610,2586920.0,1113080.0,1160.0,Unsaturated,,NotOutflow,648,1,1,0.01
1611,2587160.0,1113080.0,1160.0,Unsaturated,,NotOutflow,-1,1,0,0.01
1612,2587240.0,1113080.0,1160.0,Unsaturated,,NotOutflow,649,1,1,0.01
1613,2587320.0,1113080.0,1160.0,Unsaturated,,NotOutflow,650,1,1,0.01
1614,2587400.0,1113080.0,1160.0,Saturated,,NotOutflow,-1,1,0,0.0
1615,2587480.0,1113080.0,1160.0,Saturated,,NotOutflow,-1,1,0,0.0
1616,2587560.0,1113080.0,1160.0,Unsaturated,,NotOutflow,653,1,1,0.01
1617,2587640.0,1113080.0,1160.0,Unsaturated,,NotOutflow,654,1,1,0.01
1618,2587720.0,1113080.0,1160.0,Unsaturated,,NotOutflow,655,1,1,0.01
1619,2587800.0,1113080.0,1160.0,Unsaturated,,NotOutflow,656,0,1,0.01
1620,2587880.0,1113080.0,1160.0,Unsaturated,,NotOutflow,657,0,1,0.01
1621,2587960.0,1113080.0,1160.0,Unsaturated,,NotOutflow,658,0,1,0.01
1622,2588040.0,1113080.0,1160.0,Unsaturated,,NotOutflow,659,1,1,0.01
1623,2588120.0,1113080.0,1160.0,Unsaturated,,NotOutflow,660,1,1,0.01
1624,2588200.0,1113080.0,1160.0,Saturated,,NotOutflow,-1,1,0,0.0
1625,2588280.0,1113080.0,1160.0,Saturated,,NotOutflow,-1,1,0,0.0
1626,2588360.0,1113080.0,1160.0,Unsaturated,,NotOutflow,663,1,1,0.01
1627,2588440.0,1113080.0,1160.0,Unsaturated,,NotOutflow,664,0,1,0.01
1628,2588840.0,1113080.0,1160.0,Unsaturated,,NotOutflow,-1,1,0,0.01
1629,2588920.0,1113080.0,1160.0,Saturated,,NotOutflow,-1,1,0,0.0
1630,2589000.0,1113080.0,1160.0,Saturated,,NotOutflow,-1,0,0,0.0
1631,2589080.0,1113080.0,1160.0,Unsaturated,,NotOutflow,669,1,1,0.01
1632,2590840.0,1113080.0,1160.0,Unsaturated,,NotOutflow,671,1,1,0.01
1633,2590920.0,1113080.0,1160.0,Saturated,,NotOutflow,-1,1,0,0.0
1634,2591000.0,1113080.0,1160.0,Saturated,,NotOutflow,-1,0,0,0.0
1635,2586280.0,1113160.0,1160.0,Unsaturated,,NotOutflow,674,1,1,0.01
1636,2586360.0,1113160.0,1160.0,Unsaturated,,NotOutflow,675,0,1,0.01
1637,2586840.0,1113160.0,1160.0,Saturated,,NotOutflow,-1,1,0,0.0
1638,2586920.0,1113160.0,1160.0,Unsaturated,,NotOutflow,677,1,1,0.01
1639,2587160.0,1113160.0,1160.0,Unsaturated,,NotOutflow,-1,1,0,0.01
1640,2587240.0,1113160.0,1160.0,Unsaturated,,NotOutflow,-1,1,0,0.01
1641,2587320.0,1113160.0,1160.0,Saturated,,NotOutflow,-1,1,0,0.0
1642,2587400.0,1113160.0,1160.0,Unsaturated,,NotOutflow,679,1,1,0.01
1643,2587480.0,1113160.0,1160.0,Saturated,,NotOutflow,-1,1,0,0.0
1644,2587560.0,1113160.0,1160.0,Unsaturated,,NotOutflow,681,1,1,0.01
1645,2587640.0,1113160.0,1160.0,Unsaturated,,NotOutflow,-1,1,0,0.01
1646,2587720.0,1113160.0,1160.0,Unsaturated,,NotOutflow,682,1,1,0.01
1647,2587800.0,1113160.0,1160.0,Unsaturated,,NotOutflow,683,1,1,0.01
1648,2587880.0,1113160.0,1160.0,Unsaturated,,NotOutflow,684,1,1,0.01
1649,2587960.0,1113160.0,1160.0,Unsaturated,,NotOutflow,685,0,1,0.01
1650,2588040.0,1113160.0,1160.0,Unsaturated,,NotOutflow,686,0,1,0.01
1651,2588120.0,1113160.0,1160.0,Unsaturated,,NotOutflow,687,0,1,0.01
1652,2588200.0,1113160.0,1160.0,Unsaturated,,NotOutflow,688,0,1,0.01
1653,2588280.0,1113160.0,1160.0,Saturated,,NotOutflow,-1,0,0,0.0
1654,2588360.0,1113160.0,1160.0,Unsaturated,,NotOutflow,690,0,1,0.01
1655,2588440.0,1113160.0,1160.0,Unsaturated,,NotOutflow,691,1,1,0.01
1656,2588520.0,1113160.0,1160.0,Unsaturated,,NotOutflow,692,1,1,0.01
1657,2588600.0,1113160.0,1160.0,Unsaturated,,NotOutflow,693,0,1,0.01
1658,2588920.0,1113160.0,1160.0,Unsaturated,,NotOutflow,-1,1,0,0.01
1659,2589000.0,1113160.0,1160.0,Saturated,,NotOutflow,-1,1,0,0.0
1660,2589080.0,1113160.0,1160.0,Unsaturated,,NotOutflow,697,1,1,0.01
1661,2589160.0,1113160.0,1160.0,Unsaturated,,NotOutflow,698,1,1,0.01
1662,2586280.0,1113240.0,1160.0,Saturated,,NotOutflow,-1,0,0,0.0
1663,2586840.0,1113240.0,1160.0,Unsaturated,,NotOutflow,702,1,1,0.01
1664,2587240.0,1113240.0,1160.0,Saturated,,NotOutflow,-1,1,0,0.0
1665,2587320.0,1113240.0,1160.0,Unsaturated,,NotOutflow,704,1,1,0.01
1666,2587400.0,1113240.0,1160.0,Unsaturated,,NotOutflow,705,1,1,0.01
1667,2587480.0,1113240.0,1160.0,Unsaturated,,NotOutflow,706,0,1,0.01
1668,2587640.0,1113240.0,1160.0,Unsaturated,,NotOutflow,708,1,1,0.01
1669,2587720.0,1113240.0,1160.0,Unsaturated,,NotOutflow,-1,0,0,0.01
1670,2587800.0,1113240.0,1160.0,Saturated,,NotOutflow,-1,1,0,0.0
1671,2587880.0,1113240.0,1160.0,Unsaturated,,NotOutflow,-1,1,0,0.01
1672,2587960.0,1113240.0,1160.0,Unsaturated,,NotOutflow,709,1,1,0.01
1673,2588040.0,1113240.0,1160.0,Unsaturated,,NotOutflow,710,1,1,0.01
1674,2588120.0,1113240.0,1160.0,Unsaturated,,NotOutflow,711,1,1,0.01
1675,2588200.0,1113240.0,1160.0,Unsaturated,,NotOutflow,712,1,1,0.01
1676,2588280.0,1113240.0,1160.0,Unsaturated,,NotOutflow,713,0,1,0.01
1677,2588360.0,1113240.0,1160.0,Saturated,,NotOutflow,-1,0,0,0.0
1678,2588440.0,1113240.0,1160.0,Unsaturated,,NotOutflow,715,1,1,0.01
1679,2588520.0,1113240.0,1160.0,Unsaturated,,NotOutflow,716,1,1,0.01
1680,2588600.0,1113240.0,1160.0,Unsaturated,,NotOutflow,717,1,1,0.01
1681,2588680.0,1113240.0,1160.0,Unsaturated,,NotOutflow,718,0,1,0.01
1682,2588760.0,1113240.0,1160.0,Unsaturated,,NotOutflow,719,0,1,0.01
1683,2589080.0,1113240.0,1160.0,Unsaturated,,NotOutflow,-1,1,0,0.01
1684,2589160.0,1113240.0,1160.0,Saturated,,NotOutflow,-1,0,0,0.0
1685,2589240.0,1113240.0,1160.0,Saturated,,NotOutflow,-1,1,0,0.0
1686,2589320.0,1113240.0,1160.0,Unsaturated,,NotOutflow,724,0,1,0.01
1687,2586280.0,1113320.0,1160.0,Unsaturated,,NotOutflow,726,1,1,0.01
1688,2586760.0,1113320.0,1160.0,Unsaturated,,NotOutflow,-1,1,0,0.01
1689,2586840.0,1113320.0,1160.0,Unsaturated,,NotOutflow,727,1,1,0.01
1690,2587240.0,1113320.0,1160.0,Unsaturated,,NotOutflow,-1,1,0,0.01
1691,2587320.0,1113320.0,1160.0,Unsaturated,,NotOutflow,-1,1,0,0.01
1692,2587400.0,1113320.0,1160.0,Unsaturated,,NotOutflow,728,1,1,0.01
1693,2587480.0,1113320.0,1160.0,Unsaturated,,NotOutflow,729,0,1,0.01
1694,2587560.0,1113320.0,1160.0,Unsaturated,,NotOutflow,730,1,1,0.01
1695,2587880.0,1113320.0,1160.0,Unsaturated,,NotOutflow,-1,1,0,0.01
1696,2587960.0,1113320.0,1160.0,Unsaturated,,NotOutflow,-1,1,0,0.01
1697,2588040.0,1113320.0,1160.0,Unsaturated,,NotOutflow,-1,0,0,0.01
1698,2588120.0,1113320.0,1160.0,Unsaturated,,NotOutflow,-1,1,0,0.01
1699,2588200.0,1113320.0,1160.0,Unsaturated,,NotOutflow,733,1,1,0.01
1700,2588280.0,1113320.0,1160.0,Unsaturated,,NotOutflow,734,1,1,0.01
1701,2588360.0,1113320.0,1160.0,Saturated,,NotOutflow,-1,0,0,0.0
1702,2588440.0,1113320.0,1160.0,Unsaturated,,NotOutflow,736,0,1,0.01
1703,2588520.0,1113320.0,1160.0,Unsaturated,,NotOutflow,-1,1,0,0.01
1704,2588600.0,1113320.0,1160.0,Unsaturated,,NotOutflow,737,1,1,0.01
1705,2588680.0,1113320.0,1160.0,Unsaturated,,NotOutflow,738,1,1,0.01
1706,2588760.0,1113320.0,1160.0,Unsaturated,,NotOutflow,739,1,1,0.01
1707,2588840.0,1113320.0,1160.0,Unsaturated,,NotOutflow,740,0,1,0.01
1708,2588920.0,1113320.0,1160.0,Unsaturated,,NotOutflow,741,0,1,0.01
1709,2589240.0,1113320.0,1160.0,Saturated,,NotOutflow,-1,0,0,0.0
1710,2589320.0,1113320.0,1160.0,Unsaturated,,NotOutflow,745,1,1,0.01
1711,2589400.0,1113320.0,1160.0,Unsaturated,,NotOutflow,746,1,1,0.01
1712,2589480.0,1113320.0,1160.0,Unsaturated,,NotOutflow,747,0,1,0.01
1713,2586200.0,1113400.0,1160.0,Unsaturated,,NotOutflow,-1,1,0,0.01
1714,2586280.0,1113400.0,1160.0,Unsaturated,,NotOutflow,748,1,1,0.01
1715,2586760.0,1113400.0,1160.0,Unsaturated,,NotOutflow,749,1,1,0.01
1716,2586840.0,1113400.0,1160.0,Unsaturated,,NotOutflow,750,1,1,0.01
1717,2587240.0,1113400.0,1160.0,Unsaturated,,NotOutflow,-1,1,0,0.01
1718,2587320.0,1113400.0,1160.0,Unsaturated,,NotOutflow,-1,1,0,0.01
1719,2587400.0,1113400.0,1160.0,Unsaturated,,NotOutflow,751,1,1,0.01
1720,2587480.0,1113400.0,1160.0,Unsaturated,,NotOutflow,752,1,1,0.01
1721,2587560.0,1113400.0,1160.0,Unsaturated,,NotOutflow,753,1,1,0.01
1722,2588120.0,1113400.0,1160.0,Unsaturated,,NotOutflow,-1,0,0,0.01
1723,2588200.0,1113400.0,1160.0,Unsaturated,,NotOutflow,-1,1,0,0.01
1724,2588280.0,1113400.0,1160.0,Unsaturated,,NotOutflow,-1,1,0,0.01
1725,2588360.0,1113400.0,1160.0,Unsaturated,,NotOutflow,756,1,1,0.01
1726,2588440.0,1113400.0,1160.0,Saturated,,NotOutflow,-1,0,0,0.0
1727,2588520.0,1113400.0,1160.0,Unsaturated,,NotOutflow,758,1,1,0.01
1728,2588600.0,1113400.0,1160.0,Unsaturated,,NotOutflow,759,1,1,0.01
1729,2588680.0,1113400.0,1160.0,Unsaturated,,NotOutflow,-1,1,0,0.01
1730,2588760.0,1113400.0,1160.0,Unsaturated,,NotOutflow,760,1,1,0.01
1731,2588840.0,1113400.0,1160.0,Unsaturated,,NotOutflow,761,1,1,0.01
1732,2588920.0,1113400.0,1160.0,Unsaturated,,NotOutflow,762,0,1,0.01
1733,2589000.0,1113400.0,1160.0,Unsaturated,,NotOutflow,763,0,1,0.01
1734,2589240.0,1113400.0,1160.0,Unsaturated,,NotOutflow,766,1,1,0.01
1735,2589320.0,1113400.0,1160.0,Unsaturated,,NotOutflow,767,1,1,0.01
1736,2589400.0,1113400.0,1160.0,Unsaturated,,NotOutflow,768,1,1,0.01
1737,2589480.0,1113400.0,1160.0,Saturated,,NotOutflow,-1,0,0,0.0
1738,2589560.0,1113400.0,1160.0,Unsaturated,,NotOutflow,770,1,1,0.01
1739,2589640.0,1113400.0,1160.0,Unsaturated,,NotOutflow,771,0,1,0.01
1740,2586200.0,1113480.0,1160.0,Unsaturated,,NotOutflow,772,0,1,0.01
1741,2586280.0,1113480.0,1160.0,Saturated,,NotOutflow,-1,1,0,0.0
1742,2586760.0,1113480.0,1160.0,Saturated,,NotOutflow,-1,1,0,0.0
1743,2586840.0,1113480.0,1160.0,Unsaturated,,NotOutflow,775,1,1,0.01
1744,2587240.0,1113480.0,1160.0,Unsaturated,,NotOutflow,-1,1,0,0.01
1745,2587320.0,1113480.0,1160.0,Saturated,,NotOutflow,-1,1,0,0.0
1746,2587400.0,1113480.0,1160.0,Saturated,,NotOutflow,-1,1,0,0.0
1747,2587480.0,1113480.0,1160.0,Saturated,,NotOutflow,-1,0,0,0.0
1748,2587560.0,1113480.0,1160.0,Unsaturated,,NotOutflow,777,0,1,0.01
1749,2587640.0,1113480.0,1160.0,Unsaturated,,NotOutflow,778,1,1,0.01
1750,2588280.0,1113480.0,1160.0,Unsaturated,,NotOutflow,-1,0,0,0.01
1751,2588360.0,1113480.0,1160.0,Unsaturated,,NotOutflow,-1,1,0,0.01
1752,2588440.0,1113480.0,1160.0,Unsaturated,,NotOutflow,-1,1,0,0.01
1753,2588520.0,1113480.0,1160.0,Unsaturated,,NotOutflow,782,1,1,0.01
1754,2588600.0,1113480.0,1160.0,Unsaturated,,NotOutflow,783,1,1,0.01
1755,2588680.0,1113480.0,1160.0,Saturated,,NotOutflow,-1,0,0,0.0
1756,2588760.0,1113480.0,1160.0,Saturated,,NotOutflow,-1,0,0,0.0
1757,2588840.0,1113480.0,1160.0,Unsaturated,,NotOutflow,-1,1,0,0.01
1758,2588920.0,1113480.0,1160.0,Unsaturated,,NotOutflow,786,1,1,0.01
1759,2589000.0,1113480.0,1160.0,Unsaturated,,NotOutflow,787,1,1,0.01
1760,2589080.0,1113480.0,1160.0,Unsaturated,,NotOutflow,788,1,1,0.01
1761,2589160.0,1113480.0,1160.0,Unsaturated,,NotOutflow,789,1,1,0.01
1762,2589320.0,1113480.0,1160.0,Unsaturated,,NotOutflow,791,0,1,0.01
1763,2589400.0,1113480.0,1160.0,Saturated,,NotOutflow,-1,1,0,0.0
1764,2589480.0,1113480.0,1160.0,Unsaturated,,NotOutflow,793,1,1,0.01
1765,2589560.0,1113480.0,1160.0,Saturated,,NotOutflow,-1,0,0,0.0
1766,2589640.0,1113480.0,1160.0,Saturated,,NotOutflow,-1,0,0,0.0
1767,2589720.0,1113480.0,1160.0,Unsaturated,,NotOutflow,796,1,1,0.01
1768,2586200.0,1113560.0,1160.0,Unsaturated,,NotOutflow,797,1,1,0.01
1769,2586280.0,1113560.0,1160.0,Unsaturated,,NotOutflow,798,1,1,0.01
1770,2586760.0,1113560.0,1160.0,Unsaturated,,NotOutflow,799,1,1,0.01
1771,2587320.0,1113560.0,1160.0,Unsaturated,,NotOutflow,-1,1,0,0.01
1772,2587400.0,1113560.0,1160.0,Saturated,,NotOutflow,-1,1,0,0.0
1773,2587480.0,1113560.0,1160.0,Saturated,,NotOutflow,-1,1,0,0.0
1774,2587560.0,1113560.0,1160.0,Unsaturated,,NotOutflow,801,1,1,0.01
1775,2587640.0,1113560.0,1160.0,Unsaturated,,NotOutflow,802,1,1,0.01
1776,2587720.0,1113560.0,1160.0,Unsaturated,,NotOutflow,803,1,1,0.01
1777,2588520.0,1113560.0,1160.0,Unsaturated,,NotOutflow,-1,1,0,0.01
1778,2588600.0,1113560.0,1160.0,Unsaturated,,NotOutflow,-1,1,0,0.01
1779,2588680.0,1113560.0,1160.0,Unsaturated,,NotOutflow,807,1,1,0.01
1780,2588760.0,1113560.0,1160.0,Unsaturated,,NotOutflow,808,0,1,0.01
1781,2588840.0,1113560.0,1160.0,Saturated,,NotOutflow,-1,0,0,0.0
1782,2588920.0,1113560.0,1160.0,Saturated,,NotOutflow,-1,0,0,0.0
1783,2589000.0,1113560.0,1160.0,Unsaturated,,NotOutflow,811,1,1,0.01
1784,2589080.0,1113560.0,1160.0,Unsaturated,,NotOutflow,812,1,1,0.01
1785,2589160.0,1113560.0,1160.0,Unsaturated,,NotOutflow,813,1,1,0.01
1786,2589240.0,1113560.0,1160.0,Unsaturated,,NotOutflow,814,1,1,0.01
1787,2589320.0,1113560.0,1160.0,Unsaturated,,NotOutflow,815,1,1,0.01
1788,2589400.0,1113560.0,1160.0,Unsaturated,,NotOutflow,816,1,1,0.01
1789,2589480.0,1113560.0,1160.0,Saturated,,NotOutflow,-1,1,0,0.0
1790,2589560.0,1113560.0,1160.0,Unsaturated,,NotOutflow,818,1,1,0.01
1791,2589640.0,1113560.0,1160.0,Unsaturated,,NotOutflow,-1,1,0,0.01
1792,2589720.0,1113560.0,1160.0,Unsaturated,,NotOutflow,819,1,1,0.01
1793,2589800.0,1113560.0,1160.0,Unsaturated,,NotOutflow,820,1,1,0.01
1794,2586200.0,1113640.0,1160.0,Unsaturated,,NotOutflow,-1,1,0,0.01
1795,2586280.0,1113640.0,1160.0,Unsaturated,,NotOutflow,822,1,1,0.01
1796,2586680.0,1113640.0,1160.0,Unsaturated,,NotOutflow,823,1,1,0.01
1797,2586760.0,1113640.0,1160.0,Unsaturated,,NotOutflow,824,1,1,0.01
1798,2587400.0,1113640.0,1160.0,Unsaturated,,NotOutflow,-1,1,0,0.01
1799,2587480.0,1113640.0,1160.0,Saturated,,NotOutflow,-1,1,0,0.0
1800,2587560.0,1113640.0,1160.0,Unsaturated,,NotOutflow,-1,1,0,0.01
1801,2587640.0,1113640.0,1160.0,Unsaturated,,NotOutflow,825,1,1,0.01
1802,2587720.0,1113640.0,1160.0,Unsaturated,,NotOutflow,826,1,1,0.01
1803,2587800.0,1113640.0,1160.0,Unsaturated,,NotOutflow,827,1,1,0.01
1804,2587880.0,1113640.0,1160.0,Unsaturated,,NotOutflow,828,1,1,0.01
1805,2588600.0,1113640.0,1160.0,Unsaturated,,NotOutflow,-1,1,0,0.01
1806,2588680.0,1113640.0,1160.0,Unsaturated,,NotOutflow,-1,1,0,0.01
1807,2588760.0,1113640.0,1160.0,Unsaturated,,NotOutflow,832,1,1,0.01
1808,2588840.0,1113640.0,1160.0,Unsaturated,,NotOutflow,833,1,1,0.01
1809,2588920.0,1113640.0,1160.0,Unsaturated,,NotOutflow,834,0,1,0.01
1810,2589000.0,1113640.0,1160.0,Unsaturated,,NotOutflow,835,0,1,0.01
1811,2589080.0,1113640.0,1160.0,Saturated,,NotOutflow,-1,0,0,0.0
1812,2589160.0,1113640.0,1160.0,Unsaturated,,NotOutflow,837,1,1,0.01
1813,2589240.0,1113640.0,1160.0,Unsaturated,,NotOutflow,838,1,1,0.01
1814,2589320.0,1113640.0,1160.0,Unsaturated,,NotOutflow,839,1,1,0.01
1815,2589400.0,1113640.0,1160.0,Unsaturated,,NotOutflow,840,1,1,0.01
1816,2589480.0,1113640.0,1160.0,Unsaturated,,NotOutflow,841,1,1,0.01
1817,2589560.0,1113640.0,1160.0,Unsaturated,,NotOutflow,842,1,1,0.01
1818,2589800.0,1113640.0,1160.0,Unsaturated,,NotOutflow,844,0,1,0.01
1819,2589880.0,1113640.0,1160.0,Saturated,,NotOutflow,-1,1,0,0.0
1820,2589960.0,1113640.0,1160.0,Unsaturated,,NotOutflow,846,0,1,0.01
1821,2586200.0,1113720.0,1160.0,Unsaturated,,NotOutflow,-1,1,0,0.01
1822,2586280.0,1113720.0,1160.0,Unsaturated,,NotOutflow,847,1,1,0.01
1823,2586440.0,1113720.0,1160.0,Unsaturated,,NotOutflow,-1,1,0,0.01
1824,2586520.0,1113720.0,1160.0,Unsaturated,,NotOutflow,-1,1,0,0.01
1825,2586680.0,1113720.0,1160.0,Unsaturated,,NotOutflow,848,0,1,0.01
1826,2586760.0,1113720.0,1160.0,Unsaturated,,NotOutflow,849,1,1,0.01
1827,2587480.0,1113720.0,1160.0,Unsaturated,,NotOutflow,-1,1,0,0.01
1828,2587560.0,1113720.0,1160.0,Unsaturated,,NotOutflow,-1,1,0,0.01
1829,2587640.0,1113720.0,1160.0,Unsaturated,,NotOutflow,-1,1,0,0.01
1830,2587720.0,1113720.0,1160.0,Unsaturated,,NotOutflow,-1,1,0,0.01
1831,2587800.0,1113720.0,1160.0,Saturated,,NotOutflow,-1,1,0,0.0
1832,2587880.0,1113720.0,1160.0,Unsaturated,,NotOutflow,851,1,1,0.01
1833,2587960.0,1113720.0,1160.0,Unsaturated,,NotOutflow,852,1,1,0.01
1834,2588760.0,1113720.0,1160.0,Unsaturated,,NotOutflow,-1,1,0,0.01
1835,2588840.0,1113720.0,1160.0,Unsaturated,,NotOutflow,-1,1,0,0.01
1836,2588920.0,1113720.0,1160.0,Unsaturated,,NotOutflow,857,1,1,0.01
1837,2589000.0,1113720.0,1160.0,Unsaturated,,NotOutflow,858,1,1,0.01
1838,2589080.0,1113720.0,1160.0,Saturated,,NotOutflow,-1,1,0,0.0
1839,2589160.0,1113720.0,1160.0,Unsaturated,,NotOutflow,860,0,1,0.01
1840,2589240.0,1113720.0,1160.0,Saturated,,NotOutflow,-1,0,0,0.0
1841,2589320.0,1113720.0,1160.0,Unsaturated,,NotOutflow,862,1,1,0.01
1842,2589400.0,1113720.0,1160.0,Unsaturated,,NotOutflow,863,1,1,0.01
1843,2589480.0,1113720.0,1160.0,Unsaturated,,NotOutflow,864,1,1,0.01
1844,2589560.0,1113720.0,1160.0,Unsaturated,,NotOutflow,865,1,1,0.01
1845,2589640.0,1113720.0,1160.0,Unsaturated,,NotOutflow,866,1,1,0.01
1846,2589880.0,1113720.0,1160.0,Unsaturated,,NotOutflow,869,0,1,0.01
1847,2589960.0,1113720.0,1160.0,Unsaturated,,NotOutflow,870,1,1,0.01
1848,2590040.0,1113720.0,1160.0,Saturated,,NotOutflow,-1,0,0,0.0
1849,2586200.0,1113800.0,1160.0,Unsaturated,,NotOutflow,-1,1,0,0.01
1850,2586280.0,1113800.0,1160.0,Saturated,,NotOutflow,-1,0,0,0.0
1851,2586360.0,1113800.0,1160.0,Unsaturated,,NotOutflow,873,1,1,0.01
1852,2586440.0,1113800.0,1160.0,Unsaturated,,NotOutflow,874,1,1,0.01
1853,2586520.0,1113800.0,1160.0,Unsaturated,,NotOutflow,875,1,1,0.01
1854,2586600.0,1113800.0,1160.0,Unsaturated,,NotOutflow,876,1,1,0.01
1855,2586680.0,1113800.0,1160.0,Saturated,,NotOutflow,-1,0,0,0.0
1856,2586760.0,1113800.0,1160.0,Unsaturated,,NotOutflow,878,0,1,0.01
1857,2587560.0,1113800.0,1160.0,Unsaturated,,NotOutflow,-1,1,0,0.01
1858,2587640.0,1113800.0,1160.0,Unsaturated,,NotOutflow,-1,1,0,0.01
1859,2587720.0,1113800.0,1160.0,Saturated,,NotOutflow,-1,1,0,0.0
1860,2587800.0,1113800.0,1160.0,Unsaturated,,NotOutflow,-1,1,0,0.01
1861,2587880.0,1113800.0,1160.0,Unsaturated,,NotOutflow,879,1,1,0.01
1862,2587960.0,1113800.0,1160.0,Unsaturated,,NotOutflow,880,1,1,0.01
1863,2588040.0,1113800.0,1160.0,Unsaturated,,NotOutflow,881,1,1,0.01
1864,2588120.0,1113800.0,1160.0,Unsaturated,,NotOutflow,882,1,1,0.01
1865,2588920.0,1113800.0,1160.0,Unsaturated,,NotOutflow,-1,1,0,0.01
1866,2589000.0,1113800.0,1160.0,Unsaturated,,NotOutflow,-1,1,0,0.01
1867,2589080.0,1113800.0,1160.0,Unsaturated,,NotOutflow,886,1,1,0.01
1868,2589160.0,1113800.0,1160.0,Unsaturated,,NotOutflow,887,1,1,0.01
1869,2589240.0,1113800.0,1160.0,Saturated,,NotOutflow,-1,0,0,0.0
1870,2589320.0,1113800.0,1160.0,Saturated,,NotOutflow,-1,0,0,0.0
1871,2589400.0,1113800.0,1160.0,Saturated,,NotOutflow,-1,1,0,0.0
1872,2589480.0,1113800.0,1160.0,Unsaturated,,NotOutflow,891,1,1,0.01
1873,2589560.0,1113800.0,1160.0,Unsaturated,,NotOutflow,892,1,1,0.01
1874,2589640.0,1113800.0,1160.0,Unsaturated,,NotOutflow,893,1,1,0.01
1875,2589720.0,1113800.0,1160.0,Saturated,,NotOutflow,-1,1,0,0.0
1876,2589800.0,1113800.0,1160.0,Unsaturated,,NotOutflow,895,1,1,0.01
1877,2589960.0,1113800.0,1160.0,Unsaturated,,NotOutflow,897,1,1,0.01
1878,2590040.0,1113800.0,1160.0,Saturated,,NotOutflow,-1,0,0,0.0
1879,2590120.0,1113800.0,1160.0,Unsaturated,,NotOutflow,899,0,1,0.01
1880,2586280.0,1113880.0,1160.0,Unsaturated,,NotOutflow,900,1,1,0.01
1881,2586360.0,1113880.0,1160.0,Unsaturated,,NotOutflow,901,0,1,0.01
1882,2586600.0,1113880.0,1160.0,Unsaturated,,NotOutflow,904,1,1,0.01
1883,2586680.0,1113880.0,1160.0,Saturated,,NotOutflow,-1,1,0,0.0
1884,2586760.0,1113880.0,1160.0,Unsaturated,,NotOutflow,906,0,1,0.01
1885,2586840.0,1113880.0,1160.0,Unsaturated,,NotOutflow,907,1,1,0.01
1886,2586920.0,1113880.0,1160.0,Unsaturated,,NotOutflow,908,1,1,0.01
1887,2587000.0,1113880.0,1160.0,Saturated,,NotOutflow,-1,0,0,0.0
1888,2587080.0,1113880.0,1160.0,Unsaturated,,NotOutflow,-1,1,0,0.01
1889,2587720.0,1113880.0,1160.0,Unsaturated,,NotOutflow,-1,1,0,0.01
1890,2587800.0,1113880.0,1160.0,Unsaturated,,NotOutflow,-1,1,0,0.01
1891,2587880.0,1113880.0,1160.0,Unsaturated,,NotOutflow,-1,1,0,0.01
1892,2587960.0,1113880.0,1160.0,Unsaturated,,NotOutflow,-1,0,0,0.01
1893,2588040.0,1113880.0,1160.0,Unsaturated,,NotOutflow,910,1,1,0.01
1894,2588120.0,1113880.0,1160.0,Unsaturated,,NotOutflow,911,1,1,0.01
1895,2588200.0,1113880.0,1160.0,Unsaturated,,NotOutflow,912,1,1,0.01
1896,2588280.0,1113880.0,1160.0,Unsaturated,,NotOutflow,913,1,1,0.01
1897,2589080.0,1113880.0,1160.0,Unsaturated,,NotOutflow,-1,1,0,0.01
1898,2589160.0,1113880.0,1160.0,Unsaturated,,NotOutflow,-1,1,0,0.01
1899,2589240.0,1113880.0,1160.0,Unsaturated,,NotOutflow,-1,1,0,0.01
1900,2589320.0,1113880.0,1160.0,Unsaturated,,NotOutflow,916,1,1,0.01
1901,2589400.0,1113880.0,1160.0,Saturated,,NotOutflow,-1,0,0,0.0
1902,2589480.0,1113880.0,1160.0,Saturated,,NotOutflow,-1,0,0,0.0
1903,2589560.0,1113880.0,1160.0,Saturated,,NotOutflow,-1,0,0,0.0
1904,2589640.0,1113880.0,1160.0,Unsaturated,,NotOutflow,920,1,1,0.01
1905,2589720.0,1113880.0,1160.0,Saturated,,NotOutflow,-1,1,0,0.0
1906,2589800.0,1113880.0,1160.0,Saturated,,NotOutflow,-1,1,0,0.0
1907,2589880.0,1113880.0,1160.0,Unsaturated,,NotOutflow,923,0,1,0.01
1908,2589960.0,1113880.0,1160.0,Unsaturated,,NotOutflow,924,1,1,0.01
1909,2590040.0,1113880.0,1160.0,Unsaturated,,NotOutflow,925,1,1,0.01
1910,2590120.0,1113880.0,1160.0,Saturated,,NotOutflow,-1,0,0,0.0
1911,2590200.0,1113880.0,1160.0,Unsaturated,,NotOutflow,927,1,1,0.01
1912,2586280.0,1113960.0,1160.0,Unsaturated,,NotOutflow,928,0,1,0.01
1913,2586360.0,1113960.0,1160.0,Unsaturated,,NotOutflow,929,0,1,0.01
1914,2586600.0,1113960.0,1160.0,Unsaturated,,NotOutflow,930,1,1,0.01
1915,2586680.0,1113960.0,1160.0,Unsaturated,,NotOutflow,931,1,1,0.01
1916,2586920.0,1113960.0,1160.0,Unsaturated,,NotOutflow,933,1,1,0.01
1917,2587000.0,1113960.0,1160.0,Unsaturated,,NotOutflow,934,1,1,0.01
1918,2587080.0,1113960.0,1160.0,Saturated,,NotOutflow,-1,0,0,0.0
1919,2587160.0,1113960.0,1160.0,Unsaturated,,NotOutflow,936,1,1,0.01
1920,2587240.0,1113960.0,1160.0,Unsaturated,,NotOutflow,-1,1,0,0.01
1921,2587800.0,1113960.0,1160.0,Unsaturated,,NotOutflow,-1,1,0,0.01
1922,2587880.0,1113960.0,1160.0,Unsaturated,,NotOutflow,-1,1,0,0.01
1923,2587960.0,1113960.0,1160.0,Unsaturated,,NotOutflow,-1,1,0,0.01
1924,2588040.0,1113960.0,1160.0,Unsaturated,,NotOutflow,-1,1,0,0.01
1925,2588120.0,1113960.0,1160.0,Unsaturated,,NotOutflow,937,0,1,0.01
1926,2588200.0,1113960.0,1160.0,Unsaturated,,NotOutflow,938,1,1,0.01
1927,2588280.0,1113960.0,1160.0,Unsaturated,,NotOutflow,939,1,1,0.01
1928,2588360.0,1113960.0,1160.0,Unsaturated,,NotOutflow,940,0,1,0.01
1929,2589160.0,1113960.0,1160.0,Unsaturated,,NotOutflow,-1,1,0,0.01
1930,2589240.0,1113960.0,1160.0,Unsaturated,,NotOutflow,-1,1,0,0.01
1931,2589320.0,1113960.0,1160.0,Unsaturated,,NotOutflow,-1,1,0,0.01
1932,2589400.0,1113960.0,1160.0,Unsaturated,,NotOutflow,-1,1,0,0.01
1933,2589480.0,1113960.0,1160.0,Unsaturated,,NotOutflow,944,1,1,0.01
1934,2589560.0,1113960.0,1160.0,Saturated,,NotOutflow,-1,0,0,0.0
1935,2589640.0,1113960.0,1160.0,Saturated,,NotOutflow,-1,0,0,0.0
1936,2589720.0,1113960.0,1160.0,Unsaturated,,NotOutflow,947,0,1,0.01
1937,2589800.0,1113960.0,1160.0,Saturated,,NotOutflow,-1,0,0,0.0
1938,2589880.0,1113960.0,1160.0,Unsaturated,,NotOutflow,949,1,1,0.01
1939,2589960.0,1113960.0,1160.0,Unsaturated,,NotOutflow,950,0,1,0.01
1940,2590040.0,1113960.0,1160.0,Unsaturated,,NotOutflow,951,0,1,0.01
1941,2590120.0,1113960.0,1160.0,Unsaturated,,NotOutflow,952,1,1,0.01
1942,2590200.0,1113960.0,1160.0,Unsaturated,,NotOutflow,953,1,1,0.01
1943,2590280.0,1113960.0,1160.0,Unsaturated,,NotOutflow,954,1,1,0.01
1944,2588040.0,1109000.0,1240.0,Saturated,,NotOutflow,-1,0,0,0.0
1945,2587960.0,1109080.0,1240.0,Unsaturated,,NotOutflow,957,1,1,0.01
1946,2588040.0,1109080.0,1240.0,Unsaturated,,NotOutflow,958,0,1,0.01
1947,2587960.0,1109160.0,1240.0,Unsaturated,,NotOutflow,959,1,1,0.01
1948,2588040.0,1109160.0,1240.0,Unsaturated,,NotOutflow,960,1,1,0.01
1949,2587960.0,1109240.0,1240.0,Unsaturated,,NotOutflow,961,1,1,0.01
1950,2588040.0,1109240.0,1240.0,Unsaturated,,NotOutflow,962,0,1,0.01
1951,2587880.0,1109320.0,1240.0,Unsaturated,,NotOutflow,-1,1,0,0.01
1952,2587960.0,1109320.0,1240.0,Unsaturated,,NotOutflow,963,1,1,0.01
1953,2587880.0,1109400.0,1240.0,Unsaturated,,NotOutflow,964,1,1,0.01
1954,2587960.0,1109400.0,1240.0,Unsaturated,,NotOutflow,965,1,1,0.01
1955,2587880.0,1109480.0,1240.0,Unsaturated,,NotOutflow,967,0,1,0.01
1956,2587960.0,1109480.0,1240.0,Unsaturated,,NotOutflow,968,0,1,0.01
1957,2586040.0,1109560.0,1240.0,Unsaturated,,NotOutflow,969,0,1,0.01
1958,2587800.0,1109560.0,1240.0,Unsaturated,,NotOutflow,-1,1,0,0.01
1959,2587880.0,1109560.0,1240.0,Unsaturated,,NotOutflow,970,1,1,0.01
1960,2586040.0,1109640.0,1240.0,Unsaturated,,NotOutflow,971,1,1,0.01
1961,2586120.0,1109640.0,1240.0,Unsaturated,,NotOutflow,972,1,1,0.01
1962,2587800.0,1109640.0,1240.0,Unsaturated,,NotOutflow,973,0,1,0.01
1963,2587880.0,1109640.0,1240.0,Unsaturated,,NotOutflow,974,1,1,0.01
1964,2586040.0,1109720.0,1240.0,Unsaturated,,NotOutflow,975,1,1,0.01
1965,2586120.0,1109720.0,1240.0,Unsaturated,,NotOutflow,976,1,1,0.01
1966,2587800.0,1109720.0,1240.0,Unsaturated,,NotOutflow,977,0,1,0.01
1967,2587880.0,1109720.0,1240.0,Unsaturated,,NotOutflow,978,1,1,0.01
1968,2586120.0,1109800.0,1240.0,Unsaturated,,NotOutflow,980,1,1,0.01
1969,2586200.0,1109800.0,1240.0,Saturated,,NotOutflow,-1,0,0,0.0
1970,2587800.0,1109800.0,1240.0,Unsaturated,,NotOutflow,982,1,1,0.01
1971,2586040.0,1109880.0,1240.0,Unsaturated,,NotOutflow,984,0,1,0.01
1972,2586120.0,1109880.0,1240.0,Unsaturated,,NotOutflow,985,1,1,0.01
1973,2586200.0,1109880.0,1240.0,Unsaturated,,NotOutflow,986,1,1,0.01
1974,2587720.0,1109880.0,1240.0,Unsaturated,,NotOutflow,988,1,1,0.01
1975,2587800.0,1109880.0,1240.0,Unsaturated,,NotOutflow,989,1,1,0.01
1976,2586040.0,1109960.0,1240.0,Saturated,,NotOutflow,-1,0,0,0.0
1977,2586120.0,1109960.0,1240.0,Unsaturated,,NotOutflow,991,0,1,0.01
1978,2586200.0,1109960.0,1240.0,Unsaturated,,NotOutflow,992,1,1,0.01
1979,2586280.0,1109960.0,1240.0,Unsaturated,,NotOutflow,993,1,1,0.01
1980,2587720.0,1109960.0,1240.0,Unsaturated,,NotOutflow,995,1,1,0.01
1981,2587800.0,1109960.0,1240.0,Unsaturated,,NotOutflow,996,1,1,0.01
1982,2586040.0,1110040.0,1240.0,Saturated,,NotOutflow,-1,0,0,0.0
1983,2586120.0,1110040.0,1240.0,Unsaturated,,NotOutflow,998,0,1,0.01
1984,2586280.0,1110040.0,1240.0,Saturated,,NotOutflow,-1,0,0,0.0
1985,2586360.0,1110040.0,1240.0,Unsaturated,,NotOutflow,1001,1,1,0.01
1986,2587720.0,1110040.0,1240.0,Saturated,,NotOutflow,-1,0,0,0.0
1987,2587800.0,1110040.0,1240.0,Unsaturated,,NotOutflow,1003,0,1,0.01
1988,2586040.0,1110120.0,1240.0,Saturated,,NotOutflow,-1,0,0,0.0
1989,2586120.0,1110120.0,1240.0,Saturated,,NotOutflow,-1,0,0,0.0
1990,2586200.0,1110120.0,1240.0,Unsaturated,,NotOutflow,1006,0,1,0.01
1991,2586280.0,1110120.0,1240.0,Unsaturated,,NotOutflow,1007,1,1,0.01
1992,2586360.0,1110120.0,1240.0,Unsaturated,,NotOutflow,1008,0,1,0.01
1993,2587640.0,1110120.0,1240.0,Unsaturated,,NotOutflow,-1,1,0,0.01
1994,2587720.0,1110120.0,1240.0,Unsaturated,,NotOutflow,1010,1,1,0.01
1995,2586040.0,1110200.0,1240.0,Saturated,,NotOutflow,-1,1,0,0.0
1996,2586120.0,1110200.0,1240.0,Unsaturated,,NotOutflow,1011,0,1,0.01
1997,2586200.0,1110200.0,1240.0,Unsaturated,,NotOutflow,1012,0,1,0.01
1998,2586360.0,1110200.0,1240.0,Unsaturated,,NotOutflow,1014,1,1,0.01
1999,2586440.0,1110200.0,1240.0,Unsaturated,,NotOutflow,1015,1,1,0.01
2000,2587640.0,1110200.0,1240.0,Unsaturated,,NotOutflow,1017,1,1,0.01
2001,2587720.0,1110200.0,1240.0,Unsaturated,,NotOutflow,1018,1,1,0.01
2002,2586040.0,1110280.0,1240.0,Unsaturated,,NotOutflow,-1,1,0,0.01
2003,2586120.0,1110280.0,1240.0,Unsaturated,,NotOutflow,-1,0,0,0.01
2004,2586200.0,1110280.0,1240.0,Unsaturated,,NotOutflow,1019,0,1,0.01
2005,2586280.0,1110280.0,1240.0,Unsaturated,,NotOutflow,1020,0,1,0.01
2006,2586440.0,1110280.0,1240.0,Unsaturated,,NotOutflow,1022,0,1,0.01
2007,2586520.0,1110280.0,1240.0,Unsaturated,,NotOutflow,1023,0,1,0.01
2008,2587640.0,1110280.0,1240.0,Unsaturated,,NotOutflow,1024,1,1,0.01
2009,2587720.0,1110280.0,1240.0,Unsaturated,,NotOutflow,1025,0,1,0.01
2010,2586040.0,1110360.0,1240.0,Unsaturated,,NotOutflow,-1,1,0,0.01
2011,2586120.0,1110360.0,1240.0,Saturated,,NotOutflow,-1,1,0,0.0
2012,2586200.0,1110360.0,1240.0,Unsaturated,,NotOutflow,1026,0,1,0.01
2013,2586280.0,1110360.0,1240.0,Unsaturated,,NotOutflow,1027,0,1,0.01
2014,2586360.0,1110360.0,1240.0,Unsaturated,,NotOutflow,1028,0,1,0.01
2015,2586440.0,1110360.0,1240.0,Unsaturated,,NotOutflow,1029,1,1,0.01
2016,2586520.0,1110360.0,1240.0,Saturated,,NotOutflow,2024,1,2,4.59788626645392e-10
2017,2587640.0,1110360.0,1240.0,Saturated,,NotOutflow,-1,0,0,0.0
2018,2586040.0,1110440.0,1240.0,Unsaturated,,NotOutflow,-1,1,0,0.01
2019,2586120.0,1110440.0,1240.0,Unsaturated,,NotOutflow,-1,1,0,0.01
2020,2586200.0,1110440.0,1240.0,Unsaturated,,NotOutflow,-1,1,0,0.01
2021,2586280.0,1110440.0,1240.0,Unsaturated,,NotOutflow,1033,0,1,0.01
2022,2586360.0,1110440.0,1240.0,Unsaturated,,NotOutflow,1034,0,1,0.01
2023,2586440.0,1110440.0,1240.0,Unsaturated,,NotOutflow,1035,0,1,0.01
2024,2586520.0,1110440.0,1240.0,Saturated,,NotOutflow,2025,1,1,4.59788626645392e-10
2025,2586600.0,1110440.0,1240.0,Saturated,,NotOutflow,2986,2,3,3.0635188737283035e-10
2026,2587560.0,1110440.0,1240.0,Unsaturated,,NotOutflow,1038,0,1,0.01
2027,2587640.0,1110440.0,1240.0,Unsaturated,,NotOutflow,1039,1,1,0.01
2028,2586120.0,1110520.0,1240.0,Unsaturated,,NotOutflow,-1,1,0,0.01
2029,2586200.0,1110520.0,1240.0,Saturated,,NotOutflow,-1,1,0,0.0
2030,2586280.0,1110520.0,1240.0,Unsaturated,,NotOutflow,-1,0,0,0.01
2031,2586360.0,1110520.0,1240.0,Unsaturated,,NotOutflow,1040,0,1,0.01
2032,2586440.0,1110520.0,1240.0,Unsaturated,,NotOutflow,1041,0,1,0.01
2033,2586600.0,1110520.0,1240.0,Saturated,,NotOutflow,2992,2,2,7.042132253411081e-11
2034,2586680.0,1110520.0,1240.0,Saturated,,NotOutflow,2033,2,2,7.042132253411081e-11
2035,2587560.0,1110520.0,1240.0,Saturated,,NotOutflow,-1,0,0,0.0
2036,2587640.0,1110520.0,1240.0,Unsaturated,,NotOutflow,1046,1,1,0.01
2037,2586120.0,1110600.0,1240.0,Unsaturated,,NotOutflow,-1,1,0,0.01
2038,2586200.0,1110600.0,1240.0,Unsaturated,,NotOutflow,-1,1,0,0.01
2039,2586280.0,1110600.0,1240.0,Unsaturated,,NotOutflow,-1,1,0,0.01
2040,2586360.0,1110600.0,1240.0,Unsaturated,,NotOutflow,1047,0,1,0.01
2041,2586440.0,1110600.0,1240.0,Unsaturated,,NotOutflow,1048,0,1,0.01
2042,2586520.0,1110600.0,1240.0,Unsaturated,,NotOutflow,1049,0,1,0.01
2043,2586680.0,1110600.0,1240.0,Saturated,,NotOutflow,2034,1,1,7.042132253411081e-11
2044,2586760.0,1110600.0,1240.0,Unsaturated,,NotOutflow,1052,0,1,0.01
2045,2587560.0,1110600.0,1240.0,Unsaturated,,NotOutflow,1053,0,1,0.01
2046,2586200.0,1110680.0,1240.0,Unsaturated,,NotOutflow,-1,1,0,0.01
2047,2586280.0,1110680.0,1240.0,Unsaturated,,NotOutflow,-1,1,0,0.01
2048,2586360.0,1110680.0,1240.0,Unsaturated,,NotOutflow,-1,0,0,0.01
2049,2586440.0,1110680.0,1240.0,Unsaturated,,NotOutflow,1055,0,1,0.01
2050,2586520.0,1110680.0,1240.0,Unsaturated,,NotOutflow,1056,0,1,0.01
2051,2586680.0,1110680.0,1240.0,Unsaturated,,NotOutflow,1058,1,1,0.01
2052,2586760.0,1110680.0,1240.0,Saturated,,NotOutflow,3009,1,2,5.6842139006792944e-11
2053,2586840.0,1110680.0,1240.0,Unsaturated,,NotOutflow,1060,1,1,0.01
2054,2587480.0,1110680.0,1240.0,Unsaturated,,NotOutflow,-1,0,0,0.01
2055,2587560.0,1110680.0,1240.0,Saturated,,NotOutflow,2064,1,1,1.279932677261134e-14
2056,2586280.0,1110760.0,1240.0,Saturated,,NotOutflow,-1,1,0,0.0
2057,2586360.0,1110760.0,1240.0,Unsaturated,,NotOutflow,-1,1,0,0.01
2058,2586440.0,1110760.0,1240.0,Unsaturated,,NotOutflow,-1,0,0,0.01
2059,2586520.0,1110760.0,1240.0,Unsaturated,,NotOutflow,1062,0,1,0.01
2060,2586600.0,1110760.0,1240.0,Unsaturated,,NotOutflow,1063,0,1,0.01
2061,2586760.0,1110760.0,1240.0,Saturated,,NotOutflow,2062,1,2,2.0025316062900153e-11
2062,2586840.0,1110760.0,1240.0,Saturated,,NotOutflow,3017,1,2,1.0122268890234142e-11
2063,2587480.0,1110760.0,1240.0,Saturated,,NotOutflow,2072,2,2,1.279932677261134e-14
2064,2587560.0,1110760.0,1240.0,Saturated,,NotOutflow,2063,2,1,1.279932677261134e-14
2065,2586280.0,1110840.0,1240.0,Unsaturated,,NotOutflow,-1,1,0,0.01
2066,2586360.0,1110840.0,1240.0,Unsaturated,,NotOutflow,-1,1,0,0.01
2067,2586440.0,1110840.0,1240.0,Unsaturated,,NotOutflow,-1,1,0,0.01
2068,2586520.0,1110840.0,1240.0,Unsaturated,,NotOutflow,1069,0,1,0.01
2069,2586600.0,1110840.0,1240.0,Unsaturated,,NotOutflow,1070,0,1,0.01
2070,2586840.0,1110840.0,1240.0,Saturated,,NotOutflow,2071,1,1,9.90304717266601e-12
2071,2586920.0,1110840.0,1240.0,Saturated,,NotOutflow,2079,1,1,9.90304717266601e-12
2072,2587480.0,1110840.0,1240.0,Saturated,,NotOutflow,3025,2,3,2.6929487081535372e-14
2073,2587560.0,1110840.0,1240.0,Unsaturated,,NotOutflow,1076,0,1,0.01
2074,2586360.0,1110920.0,1240.0,Unsaturated,,NotOutflow,-1,1,0,0.01
2075,2586440.0,1110920.0,1240.0,Unsaturated,,NotOutflow,-1,1,0,0.01
2076,2586520.0,1110920.0,1240.0,Unsaturated,,NotOutflow,-1,1,0,0.01
2077,2586600.0,1110920.0,1240.0,Unsaturated,,NotOutflow,1078,0,1,0.01
2078,2586680.0,1110920.0,1240.0,Unsaturated,,NotOutflow,1079,0,1,0.01
2079,2586920.0,1110920.0,1240.0,Saturated,,NotOutflow,2080,1,1,9.90304717266601e-12
2080,2587000.0,1110920.0,1240.0,Saturated,,NotOutflow,2090,1,1,9.90304717266601e-12
2081,2587400.0,1110920.0,1240.0,Unsaturated,,NotOutflow,-1,0,0,0.01
2082,2587480.0,1110920.0,1240.0,Saturated,,NotOutflow,2093,2,1,1.3713311879306375e-13
2083,2586040.0,1111000.0,1240.0,Saturated,,NotOutflow,-1,0,0,0.0
2084,2586120.0,1111000.0,1240.0,Unsaturated,,NotOutflow,1086,0,1,0.01
2085,2586440.0,1111000.0,1240.0,Unsaturated,,NotOutflow,-1,0,0,0.01
2086,2586520.0,1111000.0,1240.0,Unsaturated,,NotOutflow,-1,1,0,0.01
2087,2586600.0,1111000.0,1240.0,Saturated,,NotOutflow,-1,0,0,0.0
2088,2586680.0,1111000.0,1240.0,Unsaturated,,NotOutflow,1088,0,1,0.01
2089,2586920.0,1111000.0,1240.0,Unsaturated,,NotOutflow,1091,1,1,0.01
2090,2587000.0,1111000.0,1240.0,Saturated,,NotOutflow,3039,2,3,4.0806261780500587e-11
2091,2587080.0,1111000.0,1240.0,Unsaturated,,NotOutflow,1093,1,1,0.01
2092,2587400.0,1111000.0,1240.0,Saturated,,NotOutflow,3041,1,2,7.594409104759981e-14
2093,2587480.0,1111000.0,1240.0,Saturated,,NotOutflow,2092,2,2,1.3713311879306378e-13
2094,2586040.0,1111080.0,1240.0,Unsaturated,,NotOutflow,1096,0,1,0.01
2095,2586120.0,1111080.0,1240.0,Unsaturated,,NotOutflow,1097,1,1,0.01
2096,2586200.0,1111080.0,1240.0,Unsaturated,,NotOutflow,1098,1,1,0.01
2097,2586520.0,1111080.0,1240.0,Unsaturated,,NotOutflow,-1,1,0,0.01
2098,2586600.0,1111080.0,1240.0,Saturated,,NotOutflow,-1,1,0,0.0
2099,2586680.0,1111080.0,1240.0,Unsaturated,,NotOutflow,1100,0,1,0.01
2100,2587000.0,1111080.0,1240.0,Saturated,,NotOutflow,2101,1,1,4.539489765850537e-12
2101,2587080.0,1111080.0,1240.0,Saturated,,NotOutflow,2111,2,1,9.072876966215096e-12
2102,2587400.0,1111080.0,1240.0,Saturated,,NotOutflow,3052,1,1,6.118902774546396e-14
2103,2587480.0,1111080.0,1240.0,Unsaturated,,NotOutflow,1106,1,1,0.01
2104,2586120.0,1111160.0,1240.0,Unsaturated,,NotOutflow,1107,1,1,0.01
2105,2586200.0,1111160.0,1240.0,Unsaturated,,NotOutflow,1108,1,1,0.01
2106,2586280.0,1111160.0,1240.0,Unsaturated,,NotOutflow,1109,1,1,0.01
2107,2586520.0,1111160.0,1240.0,Unsaturated,,NotOutflow,-1,1,0,0.01
2108,2586600.0,1111160.0,1240.0,Saturated,,NotOutflow,-1,1,0,0.0
2109,2586680.0,1111160.0,1240.0,Unsaturated,,NotOutflow,1111,0,1,0.01
2110,2586760.0,1111160.0,1240.0,Unsaturated,,NotOutflow,1112,0,1,0.01
2111,2587080.0,1111160.0,1240.0,Saturated,,NotOutflow,2112,1,1,9.072876966215096e-12
2112,2587160.0,1111160.0,1240.0,Saturated,,NotOutflow,2120,1,1,9.072876966215096e-12
2113,2587400.0,1111160.0,1240.0,Unsaturated,,NotOutflow,1117,0,1,0.01
2114,2586200.0,1111240.0,1240.0,Unsaturated,,NotOutflow,1119,1,1,0.01
2115,2586280.0,1111240.0,1240.0,Unsaturated,,NotOutflow,1120,1,1,0.01
2116,2586360.0,1111240.0,1240.0,Unsaturated,,NotOutflow,1121,1,1,0.01
2117,2586600.0,1111240.0,1240.0,Saturated,,NotOutflow,-1,1,0,0.0
2118,2586680.0,1111240.0,1240.0,Unsaturated,,NotOutflow,1123,0,1,0.01
2119,2586760.0,1111240.0,1240.0,Unsaturated,,NotOutflow,1124,0,1,0.01
2120,2587160.0,1111240.0,1240.0,Saturated,,NotOutflow,2121,1,1,9.072876966215096e-12
2121,2587240.0,1111240.0,1240.0,Saturated,,NotOutflow,2132,1,1,9.072876966215096e-12
2122,2587320.0,1111240.0,1240.0,Unsaturated,,NotOutflow,1129,0,1,0.01
2123,2587400.0,1111240.0,1240.0,Saturated,,NotOutflow,2134,1,1,5.682707650096196e-15
2124,2586360.0,1111320.0,1240.0,Unsaturated,,NotOutflow,1131,1,1,0.01
2125,2586440.0,1111320.0,1240.0,Unsaturated,,NotOutflow,1132,1,1,0.01
2126,2586520.0,1111320.0,1240.0,Unsaturated,,NotOutflow,1133,1,1,0.01
2127,2586600.0,1111320.0,1240.0,Unsaturated,,NotOutflow,1134,0,1,0.01
2128,2586680.0,1111320.0,1240.0,Unsaturated,,NotOutflow,-1,1,0,0.01
2129,2586760.0,1111320.0,1240.0,Unsaturated,,NotOutflow,1135,0,1,0.01
2130,2586840.0,1111320.0,1240.0,Unsaturated,,NotOutflow,1136,0,1,0.01
2131,2587160.0,1111320.0,1240.0,Unsaturated,,NotOutflow,-1,1,0,0.01
2132,2587240.0,1111320.0,1240.0,Saturated,,NotOutflow,2141,1,2,4.539489765850537e-12
2133,2587320.0,1111320.0,1240.0,Saturated,,NotOutflow,2142,2,1,4.5390699080146555e-12
2134,2587400.0,1111320.0,1240.0,Saturated,,NotOutflow,2133,2,1,5.682707650096196e-15
2135,2586440.0,1111400.0,1240.0,Unsaturated,,NotOutflow,1142,1,1,0.01
2136,2586520.0,1111400.0,1240.0,Unsaturated,,NotOutflow,1143,0,1,0.01
2137,2586600.0,1111400.0,1240.0,Unsaturated,,NotOutflow,1144,0,1,0.01
2138,2586680.0,1111400.0,1240.0,Unsaturated,,NotOutflow,-1,1,0,0.01
2139,2586760.0,1111400.0,1240.0,Unsaturated,,NotOutflow,1145,0,1,0.01
2140,2586840.0,1111400.0,1240.0,Unsaturated,,NotOutflow,1146,0,1,0.01
2141,2587240.0,1111400.0,1240.0,Saturated,,NotOutflow,2142,1,1,4.539489765850537e-12
2142,2587320.0,1111400.0,1240.0,Saturated,,NotOutflow,3090,3,1,5.485320257172674e-10
2143,2587400.0,1111400.0,1240.0,Unsaturated,,NotOutflow,1151,0,1,0.01
2144,2586520.0,1111480.0,1240.0,Unsaturated,,NotOutflow,1152,1,1,0.01
2145,2586600.0,1111480.0,1240.0,Unsaturated,,NotOutflow,1153,0,1,0.01
2146,2586680.0,1111480.0,1240.0,Unsaturated,,NotOutflow,1154,1,1,0.01
2147,2586760.0,1111480.0,1240.0,Unsaturated,,NotOutflow,-1,0,0,0.01
2148,2586840.0,1111480.0,1240.0,Unsaturated,,NotOutflow,1155,0,1,0.01
2149,2586920.0,1111480.0,1240.0,Unsaturated,,NotOutflow,1156,0,1,0.01
2150,2587240.0,1111480.0,1240.0,Unsaturated,,NotOutflow,-1,0,0,0.01
2151,2587320.0,1111480.0,1240.0,Unsaturated,,NotOutflow,1158,0,1,0.01
2152,2587400.0,1111480.0,1240.0,Unsaturated,,NotOutflow,1159,0,1,0.01
2153,2586520.0,1111560.0,1240.0,Unsaturated,,NotOutflow,1160,1,1,0.01
2154,2586600.0,1111560.0,1240.0,Unsaturated,,NotOutflow,1161,1,1,0.01
2155,2586680.0,1111560.0,1240.0,Unsaturated,,NotOutflow,1162,0,1,0.01
2156,2586760.0,1111560.0,1240.0,Unsaturated,,NotOutflow,1163,1,1,0.01
2157,2586840.0,1111560.0,1240.0,Unsaturated,,NotOutflow,1164,0,1,0.01
2158,2586920.0,1111560.0,1240.0,Unsaturated,,NotOutflow,1165,0,1,0.01
2159,2587240.0,1111560.0,1240.0,Unsaturated,,NotOutflow,1168,0,1,0.01
2160,2587320.0,1111560.0,1240.0,Unsaturated,,NotOutflow,1169,1,1,0.01
2161,2587400.0,1111560.0,1240.0,Unsaturated,,NotOutflow,1170,0,1,0.01
2162,2587480.0,1111560.0,1240.0,Unsaturated,,NotOutflow,1171,0,1,0.01
2163,2586520.0,1111640.0,1240.0,Unsaturated,,NotOutflow,1172,1,1,0.01
2164,2586600.0,1111640.0,1240.0,Unsaturated,,NotOutflow,1173,1,1,0.01
2165,2586680.0,1111640.0,1240.0,Unsaturated,,NotOutflow,1174,1,1,0.01
2166,2586760.0,1111640.0,1240.0,Unsaturated,,NotOutflow,1175,1,1,0.01
2167,2586840.0,1111640.0,1240.0,Saturated,,NotOutflow,-1,1,0,0.0
2168,2586920.0,1111640.0,1240.0,Unsaturated,,NotOutflow,1177,0,1,0.01
2169,2587240.0,1111640.0,1240.0,Unsaturated,,NotOutflow,1180,0,1,0.01
2170,2587320.0,1111640.0,1240.0,Unsaturated,,NotOutflow,1181,1,1,0.01
2171,2587400.0,1111640.0,1240.0,Unsaturated,,NotOutflow,-1,0,0,0.01
2172,2587480.0,1111640.0,1240.0,Unsaturated,,NotOutflow,1182,0,1,0.01
2173,2587560.0,1111640.0,1240.0,Unsaturated,,NotOutflow,1183,0,1,0.01
2174,2586520.0,1111720.0,1240.0,Unsaturated,,NotOutflow,1184,1,1,0.01
2175,2586760.0,1111720.0,1240.0,Saturated,,NotOutflow,-1,1,0,0.0
2176,2586840.0,1111720.0,1240.0,Saturated,,NotOutflow,-1,1,0,0.0
2177,2586920.0,1111720.0,1240.0,Saturated,,NotOutflow,-1,1,0,0.0
2178,2587000.0,1111720.0,1240.0,Unsaturated,,NotOutflow,1188,1,1,0.01
2179,2587240.0,1111720.0,1240.0,Unsaturated,,NotOutflow,1190,0,1,0.01
2180,2587480.0,1111720.0,1240.0,Unsaturated,,NotOutflow,1192,0,1,0.01
2181,2587560.0,1111720.0,1240.0,Unsaturated,,NotOutflow,1193,0,1,0.01
2182,2586440.0,1111800.0,1240.0,Unsaturated,,NotOutflow,-1,1,0,0.01
2183,2586520.0,1111800.0,1240.0,Saturated,,NotOutflow,-1,1,0,0.0
2184,2586760.0,1111800.0,1240.0,Unsaturated,,NotOutflow,-1,1,0,0.01
2185,2586840.0,1111800.0,1240.0,Unsaturated,,NotOutflow,1196,1,1,0.01
2186,2586920.0,1111800.0,1240.0,Saturated,,NotOutflow,-1,1,0,0.0
2187,2587000.0,1111800.0,1240.0,Saturated,,NotOutflow,-1,1,0,0.0
2188,2587080.0,1111800.0,1240.0,Unsaturated,,NotOutflow,1199,1,1,0.01
2189,2587160.0,1111800.0,1240.0,Unsaturated,,NotOutflow,1200,0,1,0.01
2190,2587240.0,1111800.0,1240.0,Unsaturated,,NotOutflow,1201,0,1,0.01
2191,2587560.0,1111800.0,1240.0,Unsaturated,,NotOutflow,1202,0,1,0.01
2192,2587640.0,1111800.0,1240.0,Unsaturated,,NotOutflow,1203,0,1,0.01
2193,2586440.0,1111880.0,1240.0,Unsaturated,,NotOutflow,1205,1,1,0.01
2194,2586520.0,1111880.0,1240.0,Saturated,,NotOutflow,-1,1,0,0.0
2195,2586840.0,1111880.0,1240.0,Unsaturated,,NotOutflow,-1,1,0,0.01
2196,2586920.0,1111880.0,1240.0,Unsaturated,,NotOutflow,1207,1,1,0.01
2197,2587000.0,1111880.0,1240.0,Saturated,,NotOutflow,-1,1,0,0.0
2198,2587080.0,1111880.0,1240.0,Unsaturated,,NotOutflow,1209,1,1,0.01
2199,2587160.0,1111880.0,1240.0,Saturated,,NotOutflow,3146,1,1,3.884144271276137e-10
2200,2587240.0,1111880.0,1240.0,Saturated,,NotOutflow,-1,1,0,0.0
2201,2587320.0,1111880.0,1240.0,Unsaturated,,NotOutflow,1212,1,1,0.01
2202,2587400.0,1111880.0,1240.0,Unsaturated,,NotOutflow,1213,1,1,0.01
2203,2587480.0,1111880.0,1240.0,Unsaturated,,NotOutflow,1214,1,1,0.01
2204,2587560.0,1111880.0,1240.0,Unsaturated,,NotOutflow,1215,1,1,0.01
2205,2587640.0,1111880.0,1240.0,Unsaturated,,NotOutflow,1216,0,1,0.01
2206,2587720.0,1111880.0,1240.0,Saturated,,NotOutflow,2220,1,1,1.154267855148396e-12
2207,2586440.0,1111960.0,1240.0,Unsaturated,,NotOutflow,1219,0,1,0.01
2208,2586520.0,1111960.0,1240.0,Unsaturated,,NotOutflow,1220,1,1,0.01
2209,2586840.0,1111960.0,1240.0,Unsaturated,,NotOutflow,-1,1,0,0.01
2210,2586920.0,1111960.0,1240.0,Unsaturated,,NotOutflow,-1,1,0,0.01
2211,2587000.0,1111960.0,1240.0,Saturated,,NotOutflow,-1,1,0,0.0
2212,2587080.0,1111960.0,1240.0,Unsaturated,,NotOutflow,1222,1,1,0.01
2213,2587160.0,1111960.0,1240.0,Saturated,,NotOutflow,2199,1,1,3.884144271276137e-10
2214,2587240.0,1111960.0,1240.0,Unsaturated,,NotOutflow,1224,1,1,0.01
2215,2587320.0,1111960.0,1240.0,Unsaturated,,NotOutflow,1225,1,1,0.01
2216,2587400.0,1111960.0,1240.0,Unsaturated,,NotOutflow,1226,1,1,0.01
2217,2587480.0,1111960.0,1240.0,Saturated,,NotOutflow,-1,0,0,0.0
2218,2587560.0,1111960.0,1240.0,Saturated,,NotOutflow,-1,0,0,0.0
2219,2587640.0,1111960.0,1240.0,Unsaturated,,NotOutflow,1229,1,1,0.01
2220,2587720.0,1111960.0,1240.0,Saturated,,NotOutflow,2221,1,1,1.154267855148396e-12
2221,2587800.0,1111960.0,1240.0,Saturated,,NotOutflow,3169,2,2,5.000217920945363e-11
2222,2587880.0,1111960.0,1240.0,Unsaturated,,NotOutflow,1232,1,1,0.01
2223,2587960.0,1111960.0,1240.0,Unsaturated,,NotOutflow,1233,1,1,0.01
2224,2586440.0,1112040.0,1240.0,Unsaturated,,NotOutflow,1234,0,1,0.01
2225,2586520.0,1112040.0,1240.0,Unsaturated,,NotOutflow,1235,1,1,0.01
2226,2586840.0,1112040.0,1240.0,Unsaturated,,NotOutflow,-1,0,0,0.01
2227,2586920.0,1112040.0,1240.0,Unsaturated,,NotOutflow,-1,1,0,0.01
2228,2587000.0,1112040.0,1240.0,Unsaturated,,NotOutflow,1236,1,1,0.01
2229,2587080.0,1112040.0,1240.0,Unsaturated,,NotOutflow,1237,0,1,0.01
2230,2587160.0,1112040.0,1240.0,Saturated,,NotOutflow,2213,1,1,3.884144271276137e-10
2231,2587320.0,1112040.0,1240.0,Unsaturated,,NotOutflow,-1,0,0,0.01
2232,2587400.0,1112040.0,1240.0,Unsaturated,,NotOutflow,1239,1,1,0.01
2233,2587480.0,1112040.0,1240.0,Unsaturated,,NotOutflow,1240,0,1,0.01
2234,2587560.0,1112040.0,1240.0,Unsaturated,,NotOutflow,1241,1,1,0.01
2235,2587640.0,1112040.0,1240.0,Unsaturated,,NotOutflow,1242,0,1,0.01
2236,2587720.0,1112040.0,1240.0,Unsaturated,,NotOutflow,1243,1,1,0.01
2237,2587800.0,1112040.0,1240.0,Saturated,,NotOutflow,3185,1,1,7.538069154534931e-12
2238,2587880.0,1112040.0,1240.0,Unsaturated,,NotOutflow,1245,0,1,0.01
2239,2587960.0,1112040.0,1240.0,Unsaturated,,NotOutflow,1246,0,1,0.01
2240,2588040.0,1112040.0,1240.0,Unsaturated,,NotOutflow,1247,0,1,0.01
2241,2588120.0,1112040.0,1240.0,Saturated,,NotOutflow,-1,1,0,0.0
2242,2588200.0,1112040.0,1240.0,Unsaturated,,NotOutflow,1249,1,1,0.01
2243,2588280.0,1112040.0,1240.0,Unsaturated,,NotOutflow,1250,1,1,0.01
2244,2588360.0,1112040.0,1240.0,Unsaturated,,NotOutflow,1251,1,1,0.01
2245,2588440.0,1112040.0,1240.0,Unsaturated,,NotOutflow,1252,1,1,0.01
2246,2586040.0,1112120.0,1240.0,Unsaturated,,NotOutflow,1253,0,1,0.01
2247,2586120.0,1112120.0,1240.0,Unsaturated,,NotOutflow,1254,1,1,0.01
2248,2586440.0,1112120.0,1240.0,Unsaturated,,NotOutflow,1255,0,1,0.01
2249,2586520.0,1112120.0,1240.0,Unsaturated,,NotOutflow,1256,1,1,0.01
2250,2586920.0,1112120.0,1240.0,Unsaturated,,NotOutflow,-1,0,0,0.01
2251,2587000.0,1112120.0,1240.0,Unsaturated,,NotOutflow,1257,1,1,0.01
2252,2587080.0,1112120.0,1240.0,Unsaturated,,NotOutflow,1258,0,1,0.01
2253,2587160.0,1112120.0,1240.0,Unsaturated,,NotOutflow,1259,0,1,0.01
2254,2587240.0,1112120.0,1240.0,Unsaturated,,NotOutflow,1260,0,1,0.01
2255,2587480.0,1112120.0,1240.0,Unsaturated,,NotOutflow,-1,0,0,0.01
2256,2587560.0,1112120.0,1240.0,Unsaturated,,NotOutflow,1261,0,1,0.01
2257,2587640.0,1112120.0,1240.0,Unsaturated,,NotOutflow,1262,0,1,0.01
2258,2587720.0,1112120.0,1240.0,Unsaturated,,NotOutflow,1263,0,1,0.01
2259,2587800.0,1112120.0,1240.0,Unsaturated,,NotOutflow,1264,0,1,0.01
2260,2587880.0,1112120.0,1240.0,Unsaturated,,NotOutflow,1265,0,1,0.01
2261,2587960.0,1112120.0,1240.0,Unsaturated,,NotOutflow,1266,0,1,0.01
2262,2588200.0,1112120.0,1240.0,Unsaturated,,NotOutflow,1268,1,1,0.01
2263,2588280.0,1112120.0,1240.0,Unsaturated,,NotOutflow,1269,1,1,0.01
2264,2588360.0,1112120.0,1240.0,Unsaturated,,NotOutflow,1270,1,1,0.01
2265,2588440.0,1112120.0,1240.0,Unsaturated,,NotOutflow,1271,0,1,0.01
2266,2588520.0,1112120.0,1240.0,Unsaturated,,NotOutflow,1272,0,1,0.01
2267,2588600.0,1112120.0,1240.0,Unsaturated,,NotOutflow,1273,1,1,0.01
2268,2588680.0,1112120.0,1240.0,Unsaturated,,NotOutflow,1274,1,1,0.01
2269,2588760.0,1112120.0,1240.0,Unsaturated,,NotOutflow,1275,1,1,0.01
2270,2588840.0,1112120.0,1240.0,Unsaturated,,NotOutflow,1276,0,1,0.01
2271,2588920.0,1112120.0,1240.0,Unsaturated,,NotOutflow,1277,1,1,0.01
2272,2589000.0,1112120.0,1240.0,Unsaturated,,NotOutflow,1278,1,1,0.01
2273,2586040.0,1112200.0,1240.0,Unsaturated,,NotOutflow,1279,1,1,0.01
2274,2586120.0,1112200.0,1240.0,Unsaturated,,NotOutflow,1280,1,1,0.01
2275,2586200.0,1112200.0,1240.0,Unsaturated,,NotOutflow,1281,1,1,0.01
2276,2586280.0,1112200.0,1240.0,Unsaturated,,NotOutflow,1282,1,1,0.01
2277,2586440.0,1112200.0,1240.0,Unsaturated,,NotOutflow,1283,1,1,0.01
2278,2586920.0,1112200.0,1240.0,Unsaturated,,NotOutflow,-1,1,0,0.01
2279,2587000.0,1112200.0,1240.0,Saturated,,NotOutflow,-1,1,0,0.0
2280,2587080.0,1112200.0,1240.0,Saturated,,NotOutflow,-1,0,0,0.0
2281,2587160.0,1112200.0,1240.0,Unsaturated,,NotOutflow,1286,1,1,0.01
2282,2587240.0,1112200.0,1240.0,Unsaturated,,NotOutflow,1287,1,1,0.01
2283,2587720.0,1112200.0,1240.0,Unsaturated,,NotOutflow,-1,0,0,0.01
2284,2587800.0,1112200.0,1240.0,Saturated,,NotOutflow,3235,1,1,9.956978284443661e-14
2285,2587880.0,1112200.0,1240.0,Saturated,,NotOutflow,3236,2,3,1.515202379681274e-12
2286,2587960.0,1112200.0,1240.0,Saturated,,NotOutflow,2285,4,2,1.6147721625257107e-12
2287,2588040.0,1112200.0,1240.0,Saturated,,NotOutflow,2286,1,1,1.3141780973274587e-12
2288,2588120.0,1112200.0,1240.0,Unsaturated,,NotOutflow,1292,1,1,0.01
2289,2588680.0,1112200.0,1240.0,Unsaturated,,NotOutflow,1293,1,1,0.01
2290,2588760.0,1112200.0,1240.0,Unsaturated,,NotOutflow,1294,1,1,0.01
2291,2588840.0,1112200.0,1240.0,Unsaturated,,NotOutflow,1295,1,1,0.01
2292,2588920.0,1112200.0,1240.0,Unsaturated,,NotOutflow,1296,1,1,0.01
2293,2589000.0,1112200.0,1240.0,Unsaturated,,NotOutflow,1297,0,1,0.01
2294,2589080.0,1112200.0,1240.0,Unsaturated,,NotOutflow,1298,1,1,0.01
2295,2589160.0,1112200.0,1240.0,Unsaturated,,NotOutflow,1299,1,1,0.01
2296,2589240.0,1112200.0,1240.0,Saturated,,NotOutflow,-1,0,0,0.0
2297,2589320.0,1112200.0,1240.0,Unsaturated,,NotOutflow,1301,1,1,0.01
2298,2589400.0,1112200.0,1240.0,Unsaturated,,NotOutflow,1302,1,1,0.01
2299,2589480.0,1112200.0,1240.0,Unsaturated,,NotOutflow,1303,1,1,0.01
2300,2589560.0,1112200.0,1240.0,Unsaturated,,NotOutflow,-1,1,0,0.01
2301,2586200.0,1112280.0,1240.0,Unsaturated,,NotOutflow,1304,1,1,0.01
2302,2586280.0,1112280.0,1240.0,Unsaturated,,NotOutflow,1305,1,1,0.01
2303,2586360.0,1112280.0,1240.0,Unsaturated,,NotOutflow,1306,1,1,0.01
2304,2586440.0,1112280.0,1240.0,Unsaturated,,NotOutflow,1307,0,1,0.01
2305,2587000.0,1112280.0,1240.0,Unsaturated,,NotOutflow,-1,1,0,0.01
2306,2587080.0,1112280.0,1240.0,Saturated,,NotOutflow,-1,0,0,0.0
2307,2587160.0,1112280.0,1240.0,Unsaturated,,NotOutflow,1309,1,1,0.01
2308,2587240.0,1112280.0,1240.0,Saturated,,NotOutflow,-1,0,0,0.0
2309,2587320.0,1112280.0,1240.0,Unsaturated,,NotOutflow,1311,1,1,0.01
2310,2587880.0,1112280.0,1240.0,Unsaturated,,NotOutflow,1312,0,1,0.01
2311,2587960.0,1112280.0,1240.0,Saturated,,NotOutflow,2286,1,1,7.989277564763134e-21
2312,2588040.0,1112280.0,1240.0,Saturated,,NotOutflow,1314,1,3,8.303561537562327e-21
2313,2588120.0,1112280.0,1240.0,Unsaturated,,NotOutflow,1315,0,1,0.01
2314,2588200.0,1112280.0,1240.0,Unsaturated,,NotOutflow,1316,0,1,0.01
2315,2588280.0,1112280.0,1240.0,Unsaturated,,NotOutflow,1317,0,1,0.01
2316,2588360.0,1112280.0,1240.0,Unsaturated,,NotOutflow,1318,1,1,0.01
2317,2589240.0,1112280.0,1240.0,Unsaturated,,NotOutflow,1320,1,1,0.01
2318,2589320.0,1112280.0,1240.0,Unsaturated,,NotOutflow,1321,1,1,0.01
2319,2589400.0,1112280.0,1240.0,Unsaturated,,NotOutflow,1322,1,1,0.01
2320,2589480.0,1112280.0,1240.0,Saturated,,NotOutflow,-1,0,0,0.0
2321,2589560.0,1112280.0,1240.0,Unsaturated,,NotOutflow,1324,1,1,0.01
2322,2589640.0,1112280.0,1240.0,Unsaturated,,NotOutflow,1325,1,1,0.01
2323,2589720.0,1112280.0,1240.0,Saturated,,NotOutflow,-1,0,0,0.0
2324,2589800.0,1112280.0,1240.0,Unsaturated,,NotOutflow,1327,1,1,0.01
2325,2589880.0,1112280.0,1240.0,Unsaturated,,NotOutflow,1328,1,1,0.01
2326,2589960.0,1112280.0,1240.0,Unsaturated,,NotOutflow,1329,1,1,0.01
2327,2590040.0,1112280.0,1240.0,Unsaturated,,NotOutflow,1330,1,1,0.01
2328,2586360.0,1112360.0,1240.0,Unsaturated,,NotOutflow,1331,1,1,0.01
2329,2586440.0,1112360.0,1240.0,Saturated,,NotOutflow,1332,2,2,1.7857015933620742e-15
2330,2586520.0,1112360.0,1240.0,Saturated,,NotOutflow,2329,1,1,1.7857015933620742e-15
2331,2586600.0,1112360.0,1240.0,Unsaturated,,NotOutflow,1334,0,1,0.01
2332,2587000.0,1112360.0,1240.0,Unsaturated,,NotOutflow,1335,0,1,0.01
2333,2587080.0,1112360.0,1240.0,Saturated,,NotOutflow,-1,0,0,0.0
2334,2587160.0,1112360.0,1240.0,Unsaturated,,NotOutflow,1337,1,1,0.01
2335,2587240.0,1112360.0,1240.0,Unsaturated,,NotOutflow,1338,1,1,0.01
2336,2587320.0,1112360.0,1240.0,Unsaturated,,NotOutflow,1339,0,1,0.01
2337,2587400.0,1112360.0,1240.0,Unsaturated,,NotOutflow,1340,1,1,0.01
2338,2587880.0,1112360.0,1240.0,Unsaturated,,NotOutflow,-1,0,0,0.01
2339,2587960.0,1112360.0,1240.0,Unsaturated,,NotOutflow,1341,0,1,0.01
2340,2588040.0,1112360.0,1240.0,Saturated,,NotOutflow,2312,1,1,2.3246903529257297e-20
2341,2588120.0,1112360.0,1240.0,Saturated,,NotOutflow,2340,1,2,2.3246903529257297e-20
2342,2588200.0,1112360.0,1240.0,Unsaturated,,NotOutflow,1344,1,1,0.01
2343,2588280.0,1112360.0,1240.0,Unsaturated,,NotOutflow,1345,0,1,0.01
2344,2588360.0,1112360.0,1240.0,Saturated,,NotOutflow,3298,3,3,7.284041219583218e-11
2345,2588440.0,1112360.0,1240.0,Saturated,,NotOutflow,2379,3,2,1.9635916306746644e-11
2346,2588520.0,1112360.0,1240.0,Unsaturated,,NotOutflow,1348,0,1,0.01
2347,2588600.0,1112360.0,1240.0,Unsaturated,,NotOutflow,1349,0,1,0.01
2348,2588680.0,1112360.0,1240.0,Unsaturated,,NotOutflow,1350,1,1,0.01
2349,2589720.0,1112360.0,1240.0,Unsaturated,,NotOutflow,1351,1,1,0.01
2350,2589800.0,1112360.0,1240.0,Unsaturated,,NotOutflow,1352,1,1,0.01
2351,2589880.0,1112360.0,1240.0,Unsaturated,,NotOutflow,1353,1,1,0.01
2352,2589960.0,1112360.0,1240.0,Unsaturated,,NotOutflow,1354,1,1,0.01
2353,2590040.0,1112360.0,1240.0,Saturated,,NotOutflow,-1,0,0,0.0
2354,2590120.0,1112360.0,1240.0,Saturated,,NotOutflow,-1,0,0,0.0
2355,2590200.0,1112360.0,1240.0,Unsaturated,,NotOutflow,1357,1,1,0.01
2356,2590280.0,1112360.0,1240.0,Unsaturated,,NotOutflow,1358,1,1,0.01
2357,2590360.0,1112360.0,1240.0,Unsaturated,,NotOutflow,1359,1,1,0.01
2358,2590440.0,1112360.0,1240.0,Unsaturated,,NotOutflow,1360,1,1,0.01
2359,2590520.0,1112360.0,1240.0,Unsaturated,,NotOutflow,1361,1,1,0.01
2360,2586360.0,1112440.0,1240.0,Unsaturated,,NotOutflow,1362,1,1,0.01
2361,2586440.0,1112440.0,1240.0,Unsaturated,,NotOutflow,1363,1,1,0.01
2362,2586520.0,1112440.0,1240.0,Unsaturated,,NotOutflow,1364,0,1,0.01
2363,2586600.0,1112440.0,1240.0,Saturated,,NotOutflow,2364,2,2,1.2135312772789305e-13
2364,2586680.0,1112440.0,1240.0,Saturated,,NotOutflow,2398,2,2,1.2015649086790465e-13
2365,2586760.0,1112440.0,1240.0,Unsaturated,,NotOutflow,1367,1,1,0.01
2366,2587000.0,1112440.0,1240.0,Unsaturated,,NotOutflow,1368,0,1,0.01
2367,2587080.0,1112440.0,1240.0,Saturated,,NotOutflow,-1,0,0,0.0
2368,2587160.0,1112440.0,1240.0,Unsaturated,,NotOutflow,1370,1,1,0.01
2369,2587240.0,1112440.0,1240.0,Unsaturated,,NotOutflow,1371,1,1,0.01
2370,2587320.0,1112440.0,1240.0,Unsaturated,,NotOutflow,1372,1,1,0.01
2371,2587400.0,1112440.0,1240.0,Unsaturated,,NotOutflow,1373,1,1,0.01
2372,2587480.0,1112440.0,1240.0,Unsaturated,,NotOutflow,1374,0,1,0.01
2373,2587960.0,1112440.0,1240.0,Unsaturated,,NotOutflow,1375,0,1,0.01
2374,2588040.0,1112440.0,1240.0,Saturated,,NotOutflow,-1,1,0,0.0
2375,2588120.0,1112440.0,1240.0,Saturated,,NotOutflow,2341,1,1,3.8534029312296864e-20
2376,2588200.0,1112440.0,1240.0,Saturated,,NotOutflow,2375,1,2,3.8534029312296864e-20
2377,2588280.0,1112440.0,1240.0,Unsaturated,,NotOutflow,1379,1,1,0.01
2378,2588360.0,1112440.0,1240.0,Unsaturated,,NotOutflow,-1,0,0,0.01
2379,2588440.0,1112440.0,1240.0,Saturated,,NotOutflow,3333,2,2,1.9635916306746644e-11
2380,2588520.0,1112440.0,1240.0,Unsaturated,,NotOutflow,1381,1,1,0.01
2381,2588600.0,1112440.0,1240.0,Unsaturated,,NotOutflow,1382,0,1,0.01
2382,2588680.0,1112440.0,1240.0,Unsaturated,,NotOutflow,1383,1,1,0.01
2383,2588760.0,1112440.0,1240.0,Unsaturated,,NotOutflow,1384,1,1,0.01
2384,2588840.0,1112440.0,1240.0,Unsaturated,,NotOutflow,1385,1,1,0.01
2385,2588920.0,1112440.0,1240.0,Unsaturated,,NotOutflow,1386,1,1,0.01
2386,2590280.0,1112440.0,1240.0,Unsaturated,,NotOutflow,1389,1,1,0.01
2387,2590360.0,1112440.0,1240.0,Unsaturated,,NotOutflow,1390,1,1,0.01
2388,2590440.0,1112440.0,1240.0,Unsaturated,,NotOutflow,1391,1,1,0.01
2389,2590520.0,1112440.0,1240.0,Saturated,,NotOutflow,-1,0,0,0.0
2390,2590600.0,1112440.0,1240.0,Saturated,,NotOutflow,-1,0,0,0.0
2391,2590680.0,1112440.0,1240.0,Unsaturated,,NotOutflow,1394,1,1,0.01
2392,2590760.0,1112440.0,1240.0,Unsaturated,,NotOutflow,1395,1,1,0.01
2393,2590840.0,1112440.0,1240.0,Unsaturated,,NotOutflow,1396,1,1,0.01
2394,2590920.0,1112440.0,1240.0,Unsaturated,,NotOutflow,1397,1,1,0.01
2395,2591000.0,1112440.0,1240.0,Unsaturated,,NotOutflow,1398,1,1,0.01
2396,2586360.0,1112520.0,1240.0,Unsaturated,,NotOutflow,1399,1,1,0.01
2397,2586440.0,1112520.0,1240.0,Unsaturated,,NotOutflow,1400,1,1,0.01
2398,2586680.0,1112520.0,1240.0,Saturated,,NotOutflow,2364,1,2,1.0259391877991887e-13
2399,2586760.0,1112520.0,1240.0,Saturated,,NotOutflow,3354,1,1,1.756257208798577e-14
2400,2586840.0,1112520.0,1240.0,Unsaturated,,NotOutflow,1403,0,1,0.01
2401,2586920.0,1112520.0,1240.0,Unsaturated,,NotOutflow,1404,1,1,0.01
2402,2587000.0,1112520.0,1240.0,Unsaturated,,NotOutflow,1405,0,1,0.01
2403,2587080.0,1112520.0,1240.0,Unsaturated,,NotOutflow,1406,0,1,0.01
2404,2587160.0,1112520.0,1240.0,Unsaturated,,NotOutflow,1407,1,1,0.01
2405,2587240.0,1112520.0,1240.0,Unsaturated,,NotOutflow,1408,0,1,0.01
2406,2587320.0,1112520.0,1240.0,Saturated,,NotOutflow,-1,1,0,0.0
2407,2587400.0,1112520.0,1240.0,Unsaturated,,NotOutflow,1410,0,1,0.01
2408,2587480.0,1112520.0,1240.0,Unsaturated,,NotOutflow,1411,1,1,0.01
2409,2588040.0,1112520.0,1240.0,Saturated,,NotOutflow,-1,0,0,0.0
2410,2588200.0,1112520.0,1240.0,Saturated,,NotOutflow,3367,1,2,7.464741675576807e-20
2411,2588280.0,1112520.0,1240.0,Saturated,,NotOutflow,2410,1,1,1.4806932848922848e-19
2412,2588440.0,1112520.0,1240.0,Saturated,,NotOutflow,2413,1,1,7.851230026314091e-13
2413,2588520.0,1112520.0,1240.0,Saturated,,NotOutflow,3370,1,1,7.851230026314091e-13
2414,2588600.0,1112520.0,1240.0,Unsaturated,,NotOutflow,1419,0,1,0.01
2415,2588760.0,1112520.0,1240.0,Unsaturated,,NotOutflow,-1,1,0,0.01
2416,2588840.0,1112520.0,1240.0,Unsaturated,,NotOutflow,1420,1,1,0.01
2417,2588920.0,1112520.0,1240.0,Unsaturated,,NotOutflow,1421,0,1,0.01
2418,2589000.0,1112520.0,1240.0,Unsaturated,,NotOutflow,1422,0,1,0.01
2419,2589080.0,1112520.0,1240.0,Unsaturated,,NotOutflow,1423,1,1,0.01
2420,2589160.0,1112520.0,1240.0,Unsaturated,,NotOutflow,1424,1,1,0.01
2421,2589240.0,1112520.0,1240.0,Unsaturated,,NotOutflow,1425,1,1,0.01
2422,2590760.0,1112520.0,1240.0,Unsaturated,,NotOutflow,1426,1,1,0.01
2423,2590840.0,1112520.0,1240.0,Unsaturated,,NotOutflow,1427,1,1,0.01
2424,2590920.0,1112520.0,1240.0,Unsaturated,,NotOutflow,1428,1,1,0.01
2425,2591000.0,1112520.0,1240.0,Unsaturated,,NotOutflow,1429,0,1,0.01
2426,2586360.0,1112600.0,1240.0,Unsaturated,,NotOutflow,1430,0,1,0.01
2427,2586440.0,1112600.0,1240.0,Unsaturated,,NotOutflow,1431,1,1,0.01
2428,2586760.0,1112600.0,1240.0,Unsaturated,,NotOutflow,1432,0,1,0.01
2429,2586840.0,1112600.0,1240.0,Unsaturated,,NotOutflow,1433,1,1,0.01
2430,2586920.0,1112600.0,1240.0,Unsaturated,,NotOutflow,1434,1,1,0.01
2431,2587000.0,1112600.0,1240.0,Unsaturated,,NotOutflow,1435,0,1,0.01
2432,2587080.0,1112600.0,1240.0,Unsaturated,,NotOutflow,1436,0,1,0.01
2433,2587160.0,1112600.0,1240.0,Unsaturated,,NotOutflow,1437,0,1,0.01
2434,2587240.0,1112600.0,1240.0,Unsaturated,,NotOutflow,1438,1,1,0.01
2435,2587320.0,1112600.0,1240.0,Unsaturated,,NotOutflow,1439,1,1,0.01
2436,2587400.0,1112600.0,1240.0,Unsaturated,,NotOutflow,1440,0,1,0.01
2437,2587480.0,1112600.0,1240.0,Saturated,,NotOutflow,3394,2,2,3.7106040316607053e-10
2438,2587560.0,1112600.0,1240.0,Saturated,,NotOutflow,2463,2,1,1.0273183090159318e-11
2439,2588040.0,1112600.0,1240.0,Unsaturated,,NotOutflow,1444,1,1,0.01
2440,2588120.0,1112600.0,1240.0,Unsaturated,,NotOutflow,1445,1,1,0.01
2441,2588280.0,1112600.0,1240.0,Saturated,,NotOutflow,2411,1,1,1.4806932848922848e-19
2442,2588360.0,1112600.0,1240.0,Unsaturated,,NotOutflow,1447,0,1,0.01
2443,2588520.0,1112600.0,1240.0,Unsaturated,,NotOutflow,-1,0,0,0.01
2444,2588600.0,1112600.0,1240.0,Saturated,,NotOutflow,2469,1,1,4.1637832126957955e-13
2445,2588680.0,1112600.0,1240.0,Unsaturated,,NotOutflow,1450,0,1,0.01
2446,2589080.0,1112600.0,1240.0,Unsaturated,,NotOutflow,1451,1,1,0.01
2447,2589160.0,1112600.0,1240.0,Unsaturated,,NotOutflow,1452,1,1,0.01
2448,2589240.0,1112600.0,1240.0,Unsaturated,,NotOutflow,1453,1,1,0.01
2449,2589320.0,1112600.0,1240.0,Unsaturated,,NotOutflow,1454,1,1,0.01
2450,2589400.0,1112600.0,1240.0,Unsaturated,,NotOutflow,1455,0,1,0.01
2451,2589480.0,1112600.0,1240.0,Unsaturated,,NotOutflow,1456,1,1,0.01
2452,2589560.0,1112600.0,1240.0,Unsaturated,,NotOutflow,1457,1,1,0.01
2453,2586360.0,1112680.0,1240.0,Unsaturated,,NotOutflow,1458,1,1,0.01
2454,2586840.0,1112680.0,1240.0,Unsaturated,,NotOutflow,1460,1,1,0.01
2455,2586920.0,1112680.0,1240.0,Unsaturated,,NotOutflow,1461,1,1,0.01
2456,2587000.0,1112680.0,1240.0,Unsaturated,,NotOutflow,1462,0,1,0.01
2457,2587080.0,1112680.0,1240.0,Saturated,,NotOutflow,-1,0,0,0.0
2458,2587160.0,1112680.0,1240.0,Unsaturated,,NotOutflow,1464,0,1,0.01
2459,2587240.0,1112680.0,1240.0,Unsaturated,,NotOutflow,1465,0,1,0.01
2460,2587320.0,1112680.0,1240.0,Unsaturated,,NotOutflow,1466,1,1,0.01
2461,2587400.0,1112680.0,1240.0,Unsaturated,,NotOutflow,1467,1,1,0.01
2462,2587480.0,1112680.0,1240.0,Unsaturated,,NotOutflow,1468,0,1,0.01
2463,2587560.0,1112680.0,1240.0,Saturated,,NotOutflow,1469,3,3,1.8482260766905803e-09
2464,2587640.0,1112680.0,1240.0,Saturated,,NotOutflow,2463,3,2,1.837952893600421e-09
2465,2588040.0,1112680.0,1240.0,Unsaturated,,NotOutflow,1473,0,1,0.01
2466,2588120.0,1112680.0,1240.0,Unsaturated,,NotOutflow,1474,1,1,0.01
2467,2588360.0,1112680.0,1240.0,Saturated,,NotOutflow,-1,0,0,0.0
2468,2588440.0,1112680.0,1240.0,Unsaturated,,NotOutflow,1476,0,1,0.01
2469,2588600.0,1112680.0,1240.0,Saturated,,NotOutflow,2470,1,1,4.1637832126957955e-13
2470,2588680.0,1112680.0,1240.0,Saturated,,NotOutflow,2497,2,2,4.1637832126957955e-13
2471,2588760.0,1112680.0,1240.0,Unsaturated,,NotOutflow,1479,0,1,0.01
2472,2589400.0,1112680.0,1240.0,Unsaturated,,NotOutflow,1480,1,1,0.01
2473,2589480.0,1112680.0,1240.0,Unsaturated,,NotOutflow,1481,0,1,0.01
2474,2589560.0,1112680.0,1240.0,Unsaturated,,NotOutflow,1482,1,1,0.01
2475,2589640.0,1112680.0,1240.0,Unsaturated,,NotOutflow,1483,1,1,0.01
2476,2589720.0,1112680.0,1240.0,Unsaturated,,NotOutflow,1484,1,1,0.01
2477,2589800.0,1112680.0,1240.0,Unsaturated,,NotOutflow,1485,1,1,0.01
2478,2586360.0,1112760.0,1240.0,Unsaturated,,NotOutflow,1487,1,1,0.01
2479,2586840.0,1112760.0,1240.0,Unsaturated,,NotOutflow,-1,1,0,0.01
2480,2586920.0,1112760.0,1240.0,Saturated,,NotOutflow,-1,1,0,0.0
2481,2587000.0,1112760.0,1240.0,Unsaturated,,NotOutflow,1489,1,1,0.01
2482,2587080.0,1112760.0,1240.0,Saturated,,NotOutflow,3440,1,1,1.1467638736557878e-11
2483,2587160.0,1112760.0,1240.0,Unsaturated,,NotOutflow,1491,1,1,0.01
2484,2587240.0,1112760.0,1240.0,Unsaturated,,NotOutflow,1492,0,1,0.01
2485,2587320.0,1112760.0,1240.0,Unsaturated,,NotOutflow,1493,0,1,0.01
2486,2587400.0,1112760.0,1240.0,Unsaturated,,NotOutflow,1494,1,1,0.01
2487,2587480.0,1112760.0,1240.0,Unsaturated,,NotOutflow,1495,0,1,0.01
2488,2587560.0,1112760.0,1240.0,Saturated,,NotOutflow,2489,1,1,5.406968246655989e-09
2489,2587640.0,1112760.0,1240.0,Saturated,,NotOutflow,2515,3,3,3.738257972813659e-09
2490,2587720.0,1112760.0,1240.0,Saturated,,NotOutflow,2516,1,1,6.440870414283033e-10
2491,2587800.0,1112760.0,1240.0,Unsaturated,,NotOutflow,1499,0,1,0.01
2492,2588040.0,1112760.0,1240.0,Unsaturated,,NotOutflow,1501,1,1,0.01
2493,2588120.0,1112760.0,1240.0,Unsaturated,,NotOutflow,1502,0,1,0.01
2494,2588360.0,1112760.0,1240.0,Unsaturated,,NotOutflow,-1,0,0,0.01
2495,2588440.0,1112760.0,1240.0,Saturated,,NotOutflow,-1,0,0,0.0
2496,2588520.0,1112760.0,1240.0,Unsaturated,,NotOutflow,1504,1,1,0.01
2497,2588680.0,1112760.0,1240.0,Saturated,,NotOutflow,2498,2,2,4.1637832126957955e-13
2498,2588760.0,1112760.0,1240.0,Saturated,,NotOutflow,3454,1,2,2.761699333452719e-13
2499,2589720.0,1112760.0,1240.0,Unsaturated,,NotOutflow,1509,1,1,0.01
2500,2589800.0,1112760.0,1240.0,Saturated,,NotOutflow,-1,0,0,0.0
2501,2589880.0,1112760.0,1240.0,Unsaturated,,NotOutflow,1511,1,1,0.01
2502,2589960.0,1112760.0,1240.0,Unsaturated,,NotOutflow,1512,1,1,0.01
2503,2590040.0,1112760.0,1240.0,Saturated,,NotOutflow,-1,0,0,0.0
2504,2590120.0,1112760.0,1240.0,Unsaturated,,NotOutflow,1514,1,1,0.01
2505,2586280.0,1112840.0,1240.0,Unsaturated,,NotOutflow,1515,1,1,0.01
2506,2586360.0,1112840.0,1240.0,Unsaturated,,NotOutflow,1516,1,1,0.01
2507,2586920.0,1112840.0,1240.0,Unsaturated,,NotOutflow,1517,1,1,0.01
2508,2587000.0,1112840.0,1240.0,Unsaturated,,NotOutflow,1518,1,1,0.01
2509,2587080.0,1112840.0,1240.0,Saturated,,NotOutflow,2482,2,1,1.1467638736557878e-11
2510,2587160.0,1112840.0,1240.0,Unsaturated,,NotOutflow,1520,0,1,0.01
2511,2587320.0,1112840.0,1240.0,Unsaturated,,NotOutflow,1522,1,1,0.01
2512,2587400.0,1112840.0,1240.0,Unsaturated,,NotOutflow,1523,0,1,0.01
2513,2587480.0,1112840.0,1240.0,Saturated,,NotOutflow,3470,1,1,1.7247670874646947e-15
2514,2587560.0,1112840.0,1240.0,Unsaturated,,NotOutflow,1525,0,1,0.01
2515,2587640.0,1112840.0,1240.0,Saturated,,NotOutflow,2516,2,2,3.738257972813659e-09
2516,2587720.0,1112840.0,1240.0,Saturated,,NotOutflow,3473,3,3,3.8592661023442775e-09
2517,2587800.0,1112840.0,1240.0,Saturated,,NotOutflow,2546,2,1,6.440870414283033e-10
2518,2587880.0,1112840.0,1240.0,Unsaturated,,NotOutflow,1529,0,1,0.01
2519,2588120.0,1112840.0,1240.0,Unsaturated,,NotOutflow,1532,1,1,0.01
2520,2588200.0,1112840.0,1240.0,Unsaturated,,NotOutflow,1533,0,1,0.01
2521,2588440.0,1112840.0,1240.0,Unsaturated,,NotOutflow,-1,0,0,0.01
2522,2588520.0,1112840.0,1240.0,Saturated,,NotOutflow,-1,0,0,0.0
2523,2588600.0,1112840.0,1240.0,Unsaturated,,NotOutflow,1535,1,1,0.01
2524,2588760.0,1112840.0,1240.0,Unsaturated,,NotOutflow,1537,1,1,0.01
2525,2588840.0,1112840.0,1240.0,Unsaturated,,NotOutflow,1538,1,1,0.01
2526,2589960.0,1112840.0,1240.0,Unsaturated,,NotOutflow,1540,1,1,0.01
2527,2590040.0,1112840.0,1240.0,Unsaturated,,NotOutflow,1541,1,1,0.01
2528,2590120.0,1112840.0,1240.0,Unsaturated,,NotOutflow,1542,1,1,0.01
2529,2590200.0,1112840.0,1240.0,Saturated,,NotOutflow,-1,0,0,0.0
2530,2590280.0,1112840.0,1240.0,Unsaturated,,NotOutflow,1544,1,1,0.01
2531,2590360.0,1112840.0,1240.0,Unsaturated,,NotOutflow,1545,1,1,0.01
2532,2590440.0,1112840.0,1240.0,Unsaturated,,NotOutflow,1546,1,1,0.01
2533,2586280.0,1112920.0,1240.0,Unsaturated,,NotOutflow,1547,1,1,0.01
2534,2586360.0,1112920.0,1240.0,Unsaturated,,NotOutflow,1548,1,1,0.01
2535,2586840.0,1112920.0,1240.0,Unsaturated,,NotOutflow,-1,1,0,0.01
2536,2586920.0,1112920.0,1240.0,Unsaturated,,NotOutflow,1549,1,1,0.01
2537,2587000.0,1112920.0,1240.0,Unsaturated,,NotOutflow,587,0,1,0.01
2538,2587080.0,1112920.0,1240.0,Saturated,,NotOutflow,3494,1,2,6.742073540798705e-11
2539,2587160.0,1112920.0,1240.0,Saturated,,NotOutflow,-1,1,0,0.0
2540,2587240.0,1112920.0,1240.0,Unsaturated,,NotOutflow,1552,0,1,0.01
2541,2587400.0,1112920.0,1240.0,Unsaturated,,NotOutflow,590,1,1,0.01
2542,2587480.0,1112920.0,1240.0,Saturated,,NotOutflow,-1,1,0,0.0
2543,2587560.0,1112920.0,1240.0,Saturated,,NotOutflow,-1,1,0,0.0
2544,2587640.0,1112920.0,1240.0,Unsaturated,,NotOutflow,1556,1,1,0.01
2545,2587720.0,1112920.0,1240.0,Unsaturated,,NotOutflow,1557,0,1,0.01
2546,2587800.0,1112920.0,1240.0,Saturated,,NotOutflow,3501,1,1,6.440870414283033e-10
2547,2587880.0,1112920.0,1240.0,Unsaturated,,NotOutflow,1559,0,1,0.01
2548,2587960.0,1112920.0,1240.0,Unsaturated,,NotOutflow,1560,0,1,0.01
2549,2588040.0,1112920.0,1240.0,Unsaturated,,NotOutflow,1561,1,1,0.01
2550,2588120.0,1112920.0,1240.0,Unsaturated,,NotOutflow,1562,1,1,0.01
2551,2588200.0,1112920.0,1240.0,Unsaturated,,NotOutflow,1563,1,1,0.01
2552,2588520.0,1112920.0,1240.0,Unsaturated,,NotOutflow,-1,0,0,0.01
2553,2588600.0,1112920.0,1240.0,Saturated,,NotOutflow,-1,0,0,0.0
2554,2588680.0,1112920.0,1240.0,Unsaturated,,NotOutflow,1565,1,1,0.01
2555,2588760.0,1112920.0,1240.0,Unsaturated,,NotOutflow,1566,1,1,0.01
2556,2588840.0,1112920.0,1240.0,Saturated,,NotOutflow,-1,1,0,0.0
2557,2588920.0,1112920.0,1240.0,Unsaturated,,NotOutflow,1568,1,1,0.01
2558,2590280.0,1112920.0,1240.0,Unsaturated,,NotOutflow,1570,1,1,0.01
2559,2590360.0,1112920.0,1240.0,Unsaturated,,NotOutflow,1571,1,1,0.01
2560,2590440.0,1112920.0,1240.0,Unsaturated,,NotOutflow,1572,0,1,0.01
2561,2590520.0,1112920.0,1240.0,Saturated,,NotOutflow,-1,0,0,0.0
2562,2590600.0,1112920.0,1240.0,Unsaturated,,NotOutflow,1574,1,1,0.01
2563,2590680.0,1112920.0,1240.0,Unsaturated,,NotOutflow,1575,1,1,0.01
2564,2586280.0,1113000.0,1240.0,Unsaturated,,NotOutflow,1576,0,1,0.01
2565,2586360.0,1113000.0,1240.0,Unsaturated,,NotOutflow,1577,1,1,0.01
2566,2586840.0,1113000.0,1240.0,Unsaturated,,NotOutflow,1578,1,1,0.01
2567,2586920.0,1113000.0,1240.0,Unsaturated,,NotOutflow,1579,1,1,0.01
2568,2587080.0,1113000.0,1240.0,Unsaturated,,NotOutflow,1580,1,1,0.01
2569,2587160.0,1113000.0,1240.0,Unsaturated,,NotOutflow,1581,1,1,0.01
2570,2587240.0,1113000.0,1240.0,Unsaturated,,NotOutflow,1582,1,1,0.01
2571,2587320.0,1113000.0,1240.0,Unsaturated,,NotOutflow,1583,1,1,0.01
2572,2587480.0,1113000.0,1240.0,Unsaturated,,NotOutflow,1585,1,1,0.01
2573,2587560.0,1113000.0,1240.0,Unsaturated,,NotOutflow,622,1,1,0.01
2574,2587640.0,1113000.0,1240.0,Unsaturated,,NotOutflow,1586,1,1,0.01
2575,2587720.0,1113000.0,1240.0,Saturated,,NotOutflow,-1,1,0,0.0
2576,2587800.0,1113000.0,1240.0,Saturated,,NotOutflow,-1,0,0,0.0
2577,2587880.0,1113000.0,1240.0,Unsaturated,,NotOutflow,1589,0,1,0.01
2578,2587960.0,1113000.0,1240.0,Unsaturated,,NotOutflow,1590,0,1,0.01
2579,2588040.0,1113000.0,1240.0,Unsaturated,,NotOutflow,1591,1,1,0.01
2580,2588120.0,1113000.0,1240.0,Unsaturated,,NotOutflow,1592,0,1,0.01
2581,2588200.0,1113000.0,1240.0,Unsaturated,,NotOutflow,1593,1,1,0.01
2582,2588280.0,1113000.0,1240.0,Unsaturated,,NotOutflow,1594,1,1,0.01
2583,2588680.0,1113000.0,1240.0,Unsaturated,,NotOutflow,1595,0,1,0.01
2584,2588760.0,1113000.0,1240.0,Saturated,,NotOutflow,-1,1,0,0.0
2585,2588840.0,1113000.0,1240.0,Unsaturated,,NotOutflow,1597,1,1,0.01
2586,2588920.0,1113000.0,1240.0,Saturated,,NotOutflow,-1,0,0,0.0
2587,2589000.0,1113000.0,1240.0,Saturated,,NotOutflow,-1,0,0,0.0
2588,2590520.0,1113000.0,1240.0,Unsaturated,,NotOutflow,-1,1,0,0.01
2589,2590600.0,1113000.0,1240.0,Unsaturated,,NotOutflow,1601,1,1,0.01
2590,2590680.0,1113000.0,1240.0,Unsaturated,,NotOutflow,1602,1,1,0.01
2591,2590760.0,1113000.0,1240.0,Saturated,,NotOutflow,-1,0,0,0.0
2592,2590840.0,1113000.0,1240.0,Unsaturated,,NotOutflow,1604,0,1,0.01
2593,2590920.0,1113000.0,1240.0,Unsaturated,,NotOutflow,1605,1,1,0.01
2594,2591000.0,1113000.0,1240.0,Unsaturated,,NotOutflow,1606,0,1,0.01
2595,2586280.0,1113080.0,1240.0,Unsaturated,,NotOutflow,1607,1,1,0.01
2596,2586360.0,1113080.0,1240.0,Unsaturated,,NotOutflow,1608,1,1,0.01
2597,2586840.0,1113080.0,1240.0,Unsaturated,,NotOutflow,1609,1,1,0.01
2598,2586920.0,1113080.0,1240.0,Unsaturated,,NotOutflow,1610,1,1,0.01
2599,2587080.0,1113080.0,1240.0,Unsaturated,,NotOutflow,-1,1,0,0.01
2600,2587160.0,1113080.0,1240.0,Unsaturated,,NotOutflow,1611,1,1,0.01
2601,2587240.0,1113080.0,1240.0,Unsaturated,,NotOutflow,1612,1,1,0.01
2602,2587320.0,1113080.0,1240.0,Unsaturated,,NotOutflow,1613,1,1,0.01
2603,2587400.0,1113080.0,1240.0,Unsaturated,,NotOutflow,1614,1,1,0.01
2604,2587480.0,1113080.0,1240.0,Unsaturated,,NotOutflow,1615,1,1,0.01
2605,2587640.0,1113080.0,1240.0,Unsaturated,,NotOutflow,1617,1,1,0.01
2606,2587720.0,1113080.0,1240.0,Unsaturated,,NotOutflow,1618,1,1,0.01
2607,2587800.0,1113080.0,1240.0,Saturated,,NotOutflow,-1,1,0,0.0
2608,2587880.0,1113080.0,1240.0,Saturated,,NotOutflow,-1,1,0,0.0
2609,2587960.0,1113080.0,1240.0,Saturated,,NotOutflow,-1,0,0,0.0
2610,2588040.0,1113080.0,1240.0,Unsaturated,,NotOutflow,1622,1,1,0.01
2611,2588120.0,1113080.0,1240.0,Unsaturated,,NotOutflow,1623,1,1,0.01
2612,2588200.0,1113080.0,1240.0,Unsaturated,,NotOutflow,1624,0,1,0.01
2613,2588280.0,1113080.0,1240.0,Unsaturated,,NotOutflow,1625,1,1,0.01
2614,2588760.0,1113080.0,1240.0,Unsaturated,,NotOutflow,-1,0,0,0.01
2615,2588840.0,1113080.0,1240.0,Unsaturated,,NotOutflow,1628,1,1,0.01
2616,2588920.0,1113080.0,1240.0,Unsaturated,,NotOutflow,1629,0,1,0.01
2617,2589000.0,1113080.0,1240.0,Saturated,,NotOutflow,-1,0,0,0.0
2618,2589080.0,1113080.0,1240.0,Unsaturated,,NotOutflow,1631,0,1,0.01
2619,2590840.0,1113080.0,1240.0,Unsaturated,,NotOutflow,1632,1,1,0.01
2620,2590920.0,1113080.0,1240.0,Unsaturated,,NotOutflow,1633,0,1,0.01
2621,2591000.0,1113080.0,1240.0,Saturated,,NotOutflow,-1,1,0,0.0
2622,2586280.0,1113160.0,1240.0,Unsaturated,,NotOutflow,1635,1,1,0.01
2623,2586840.0,1113160.0,1240.0,Unsaturated,,NotOutflow,1637,0,1,0.01
2624,2587080.0,1113160.0,1240.0,Unsaturated,,NotOutflow,-1,0,0,0.01
2625,2587160.0,1113160.0,1240.0,Unsaturated,,NotOutflow,1639,1,1,0.01
2626,2587240.0,1113160.0,1240.0,Unsaturated,,NotOutflow,1640,1,1,0.01
2627,2587320.0,1113160.0,1240.0,Unsaturated,,NotOutflow,1641,0,1,0.01
2628,2587400.0,1113160.0,1240.0,Unsaturated,,NotOutflow,1642,1,1,0.01
2629,2587480.0,1113160.0,1240.0,Unsaturated,,NotOutflow,1643,1,1,0.01
2630,2587560.0,1113160.0,1240.0,Unsaturated,,NotOutflow,1644,1,1,0.01
2631,2587640.0,1113160.0,1240.0,Unsaturated,,NotOutflow,1645,1,1,0.01
2632,2587720.0,1113160.0,1240.0,Unsaturated,,NotOutflow,1646,1,1,0.01
2633,2587880.0,1113160.0,1240.0,Unsaturated,,NotOutflow,1648,1,1,0.01
2634,2587960.0,1113160.0,1240.0,Saturated,,NotOutflow,-1,0,0,0.0
2635,2588040.0,1113160.0,1240.0,Saturated,,NotOutflow,-1,0,0,0.0
2636,2588120.0,1113160.0,1240.0,Saturated,,NotOutflow,-1,0,0,0.0
2637,2588200.0,1113160.0,1240.0,Saturated,,NotOutflow,2638,1,1,8.993294754010314e-11
2638,2588280.0,1113160.0,1240.0,Saturated,,NotOutflow,2639,2,1,8.993294754010314e-11
2639,2588360.0,1113160.0,1240.0,Saturated,,NotOutflow,3593,2,2,1.6373292872350656e-09
2640,2588440.0,1113160.0,1240.0,Unsaturated,,NotOutflow,1655,1,1,0.01
2641,2588920.0,1113160.0,1240.0,Unsaturated,,NotOutflow,1658,1,1,0.01
2642,2589000.0,1113160.0,1240.0,Unsaturated,,NotOutflow,1659,0,1,0.01
2643,2589080.0,1113160.0,1240.0,Unsaturated,,NotOutflow,1660,0,1,0.01
2644,2589160.0,1113160.0,1240.0,Unsaturated,,NotOutflow,1661,0,1,0.01
2645,2586280.0,1113240.0,1240.0,Saturated,,NotOutflow,-1,0,0,0.0
2646,2586760.0,1113240.0,1240.0,Unsaturated,,NotOutflow,-1,1,0,0.01
2647,2586840.0,1113240.0,1240.0,Unsaturated,,NotOutflow,1663,1,1,0.01
2648,2587080.0,1113240.0,1240.0,Unsaturated,,NotOutflow,-1,0,0,0.01
2649,2587160.0,1113240.0,1240.0,Unsaturated,,NotOutflow,-1,1,0,0.01
2650,2587240.0,1113240.0,1240.0,Unsaturated,,NotOutflow,1664,0,1,0.01
2651,2587480.0,1113240.0,1240.0,Saturated,,NotOutflow,-1,1,0,0.0
2652,2587560.0,1113240.0,1240.0,Unsaturated,,NotOutflow,707,1,1,0.01
2653,2587640.0,1113240.0,1240.0,Unsaturated,,NotOutflow,1668,1,1,0.01
2654,2587720.0,1113240.0,1240.0,Saturated,,NotOutflow,-1,1,0,0.0
2655,2587800.0,1113240.0,1240.0,Unsaturated,,NotOutflow,1670,1,1,0.01
2656,2587880.0,1113240.0,1240.0,Unsaturated,,NotOutflow,1671,1,1,0.01
2657,2587960.0,1113240.0,1240.0,Unsaturated,,NotOutflow,1672,1,1,0.01
2658,2588040.0,1113240.0,1240.0,Unsaturated,,NotOutflow,1673,1,1,0.01
2659,2588120.0,1113240.0,1240.0,Unsaturated,,NotOutflow,1674,1,1,0.01
2660,2588200.0,1113240.0,1240.0,Unsaturated,,NotOutflow,1675,0,1,0.01
2661,2588280.0,1113240.0,1240.0,Saturated,,NotOutflow,2662,1,1,2.8052830399831937e-09
2662,2588360.0,1113240.0,1240.0,Saturated,,NotOutflow,2639,2,2,1.6373292872350656e-09
2663,2588440.0,1113240.0,1240.0,Unsaturated,,NotOutflow,1678,0,1,0.01
2664,2588520.0,1113240.0,1240.0,Unsaturated,,NotOutflow,1679,1,1,0.01
2665,2589000.0,1113240.0,1240.0,Unsaturated,,NotOutflow,-1,0,0,0.01
2666,2589080.0,1113240.0,1240.0,Unsaturated,,NotOutflow,1683,1,1,0.01
2667,2589160.0,1113240.0,1240.0,Saturated,,NotOutflow,-1,1,0,0.0
2668,2589240.0,1113240.0,1240.0,Unsaturated,,NotOutflow,1685,0,1,0.01
2669,2586200.0,1113320.0,1240.0,Unsaturated,,NotOutflow,-1,1,0,0.01
2670,2586280.0,1113320.0,1240.0,Unsaturated,,NotOutflow,1687,1,1,0.01
2671,2586760.0,1113320.0,1240.0,Unsaturated,,NotOutflow,1688,1,1,0.01
2672,2586840.0,1113320.0,1240.0,Unsaturated,,NotOutflow,1689,1,1,0.01
2673,2587160.0,1113320.0,1240.0,Saturated,,NotOutflow,-1,1,0,0.0
2674,2587240.0,1113320.0,1240.0,Unsaturated,,NotOutflow,1690,1,1,0.01
2675,2587320.0,1113320.0,1240.0,Unsaturated,,NotOutflow,1691,1,1,0.01
2676,2587640.0,1113320.0,1240.0,Unsaturated,,NotOutflow,731,0,1,0.01
2677,2587720.0,1113320.0,1240.0,Unsaturated,,NotOutflow,732,1,1,0.01
2678,2587800.0,1113320.0,1240.0,Unsaturated,,NotOutflow,-1,1,0,0.01
2679,2587880.0,1113320.0,1240.0,Unsaturated,,NotOutflow,1695,1,1,0.01
2680,2587960.0,1113320.0,1240.0,Unsaturated,,NotOutflow,1696,1,1,0.01
2681,2588040.0,1113320.0,1240.0,Saturated,,NotOutflow,-1,1,0,0.0
2682,2588120.0,1113320.0,1240.0,Unsaturated,,NotOutflow,1698,1,1,0.01
2683,2588200.0,1113320.0,1240.0,Unsaturated,,NotOutflow,1699,0,1,0.01
2684,2588280.0,1113320.0,1240.0,Unsaturated,,NotOutflow,1700,0,1,0.01
2685,2588360.0,1113320.0,1240.0,Saturated,,NotOutflow,-1,1,0,0.0
2686,2588440.0,1113320.0,1240.0,Saturated,,NotOutflow,-1,0,0,0.0
2687,2588520.0,1113320.0,1240.0,Unsaturated,,NotOutflow,1703,1,1,0.01
2688,2588600.0,1113320.0,1240.0,Unsaturated,,NotOutflow,1704,0,1,0.01
2689,2588680.0,1113320.0,1240.0,Unsaturated,,NotOutflow,1705,0,1,0.01
2690,2589160.0,1113320.0,1240.0,Saturated,,NotOutflow,-1,0,0,0.0
2691,2589240.0,1113320.0,1240.0,Saturated,,NotOutflow,-1,0,0,0.0
2692,2589320.0,1113320.0,1240.0,Unsaturated,,NotOutflow,1710,1,1,0.01
2693,2589400.0,1113320.0,1240.0,Unsaturated,,NotOutflow,1711,1,1,0.01
2694,2586200.0,1113400.0,1240.0,Unsaturated,,NotOutflow,1713,1,1,0.01
2695,2586280.0,1113400.0,1240.0,Unsaturated,,NotOutflow,1714,1,1,0.01
2696,2586760.0,1113400.0,1240.0,Unsaturated,,NotOutflow,1715,1,1,0.01
2697,2586840.0,1113400.0,1240.0,Unsaturated,,NotOutflow,1716,1,1,0.01
2698,2587160.0,1113400.0,1240.0,Unsaturated,,NotOutflow,-1,1,0,0.01
2699,2587240.0,1113400.0,1240.0,Unsaturated,,NotOutflow,1717,1,1,0.01
2700,2587320.0,1113400.0,1240.0,Unsaturated,,NotOutflow,1718,1,1,0.01
2701,2587880.0,1113400.0,1240.0,Unsaturated,,NotOutflow,-1,1,0,0.01
2702,2587960.0,1113400.0,1240.0,Unsaturated,,NotOutflow,-1,1,0,0.01
2703,2588040.0,1113400.0,1240.0,Unsaturated,,NotOutflow,-1,1,0,0.01
2704,2588120.0,1113400.0,1240.0,Saturated,,NotOutflow,-1,1,0,0.0
2705,2588200.0,1113400.0,1240.0,Unsaturated,,NotOutflow,1723,1,1,0.01
2706,2588280.0,1113400.0,1240.0,Unsaturated,,NotOutflow,1724,1,1,0.01
2707,2588360.0,1113400.0,1240.0,Unsaturated,,NotOutflow,1725,1,1,0.01
2708,2588440.0,1113400.0,1240.0,Saturated,,NotOutflow,-1,0,0,0.0
2709,2588520.0,1113400.0,1240.0,Unsaturated,,NotOutflow,1727,1,1,0.01
2710,2588600.0,1113400.0,1240.0,Unsaturated,,NotOutflow,1728,1,1,0.01
2711,2588680.0,1113400.0,1240.0,Unsaturated,,NotOutflow,1729,1,1,0.01
2712,2588760.0,1113400.0,1240.0,Unsaturated,,NotOutflow,1730,0,1,0.01
2713,2588840.0,1113400.0,1240.0,Unsaturated,,NotOutflow,1731,0,1,0.01
2714,2589240.0,1113400.0,1240.0,Unsaturated,,NotOutflow,1734,1,1,0.01
2715,2589320.0,1113400.0,1240.0,Unsaturated,,NotOutflow,1735,1,1,0.01
2716,2589400.0,1113400.0,1240.0,Unsaturated,,NotOutflow,1736,1,1,0.01
2717,2589480.0,1113400.0,1240.0,Saturated,,NotOutflow,-1,0,0,0.0
2718,2589560.0,1113400.0,1240.0,Unsaturated,,NotOutflow,1738,1,1,0.01
2719,2586200.0,1113480.0,1240.0,Saturated,,NotOutflow,-1,0,0,0.0
2720,2586280.0,1113480.0,1240.0,Unsaturated,,NotOutflow,1741,1,1,0.01
2721,2586760.0,1113480.0,1240.0,Unsaturated,,NotOutflow,1742,1,1,0.01
2722,2587160.0,1113480.0,1240.0,Saturated,,NotOutflow,-1,1,0,0.0
2723,2587240.0,1113480.0,1240.0,Unsaturated,,NotOutflow,1744,0,1,0.01
2724,2587320.0,1113480.0,1240.0,Unsaturated,,NotOutflow,1745,1,1,0.01
2725,2588040.0,1113480.0,1240.0,Unsaturated,,NotOutflow,-1,0,0,0.01
2726,2588120.0,1113480.0,1240.0,Unsaturated,,NotOutflow,-1,1,0,0.01
2727,2588200.0,1113480.0,1240.0,Unsaturated,,NotOutflow,-1,1,0,0.01
2728,2588280.0,1113480.0,1240.0,Saturated,,NotOutflow,-1,1,0,0.0
2729,2588360.0,1113480.0,1240.0,Unsaturated,,NotOutflow,1751,1,1,0.01
2730,2588440.0,1113480.0,1240.0,Unsaturated,,NotOutflow,1752,1,1,0.01
2731,2588520.0,1113480.0,1240.0,Unsaturated,,NotOutflow,1753,1,1,0.01
2732,2588600.0,1113480.0,1240.0,Unsaturated,,NotOutflow,1754,1,1,0.01
2733,2588680.0,1113480.0,1240.0,Saturated,,NotOutflow,-1,1,0,0.0
2734,2588760.0,1113480.0,1240.0,Saturated,,NotOutflow,-1,1,0,0.0
2735,2588840.0,1113480.0,1240.0,Unsaturated,,NotOutflow,1757,1,1,0.01
2736,2588920.0,1113480.0,1240.0,Unsaturated,,NotOutflow,1758,0,1,0.01
2737,2589000.0,1113480.0,1240.0,Unsaturated,,NotOutflow,1759,0,1,0.01
2738,2589320.0,1113480.0,1240.0,Saturated,,NotOutflow,-1,0,0,0.0
2739,2589400.0,1113480.0,1240.0,Unsaturated,,NotOutflow,1763,1,1,0.01
2740,2589480.0,1113480.0,1240.0,Unsaturated,,NotOutflow,1764,0,1,0.01
2741,2589560.0,1113480.0,1240.0,Saturated,,NotOutflow,-1,0,0,0.0
2742,2589640.0,1113480.0,1240.0,Saturated,,NotOutflow,-1,1,0,0.0
2743,2589720.0,1113480.0,1240.0,Unsaturated,,NotOutflow,1767,0,1,0.01
2744,2586200.0,1113560.0,1240.0,Unsaturated,,NotOutflow,1768,1,1,0.01
2745,2586280.0,1113560.0,1240.0,Unsaturated,,NotOutflow,1769,1,1,0.01
2746,2586680.0,1113560.0,1240.0,Unsaturated,,NotOutflow,-1,0,0,0.01
2747,2586760.0,1113560.0,1240.0,Unsaturated,,NotOutflow,1770,1,1,0.01
2748,2587160.0,1113560.0,1240.0,Unsaturated,,NotOutflow,-1,1,0,0.01
2749,2587240.0,1113560.0,1240.0,Unsaturated,,NotOutflow,-1,1,0,0.01
2750,2587320.0,1113560.0,1240.0,Unsaturated,,NotOutflow,1771,0,1,0.01
2751,2587400.0,1113560.0,1240.0,Unsaturated,,NotOutflow,1772,0,1,0.01
2752,2587480.0,1113560.0,1240.0,Unsaturated,,NotOutflow,1773,1,1,0.01
2753,2588200.0,1113560.0,1240.0,Unsaturated,,NotOutflow,-1,1,0,0.01
2754,2588280.0,1113560.0,1240.0,Unsaturated,,NotOutflow,-1,1,0,0.01
2755,2588360.0,1113560.0,1240.0,Unsaturated,,NotOutflow,-1,1,0,0.01
2756,2588440.0,1113560.0,1240.0,Unsaturated,,NotOutflow,-1,1,0,0.01
2757,2588520.0,1113560.0,1240.0,Unsaturated,,NotOutflow,1777,1,1,0.01
2758,2588600.0,1113560.0,1240.0,Unsaturated,,NotOutflow,1778,1,1,0.01
2759,2588680.0,1113560.0,1240.0,Unsaturated,,NotOutflow,1779,1,1,0.01
2760,2588760.0,1113560.0,1240.0,Saturated,,NotOutflow,-1,1,0,0.0
2761,2588840.0,1113560.0,1240.0,Saturated,,NotOutflow,-1,1,0,0.0
2762,2588920.0,1113560.0,1240.0,Saturated,,NotOutflow,-1,1,0,0.0
2763,2589000.0,1113560.0,1240.0,Unsaturated,,NotOutflow,1783,1,1,0.01
2764,2589080.0,1113560.0,1240.0,Unsaturated,,NotOutflow,1784,0,1,0.01
2765,2589160.0,1113560.0,1240.0,Unsaturated,,NotOutflow,1785,1,1,0.01
2766,2589400.0,1113560.0,1240.0,Unsaturated,,NotOutflow,1788,0,1,0.01
2767,2589480.0,1113560.0,1240.0,Unsaturated,,NotOutflow,1789,1,1,0.01
2768,2589640.0,1113560.0,1240.0,Unsaturated,,NotOutflow,1791,0,1,0.01
2769,2589720.0,1113560.0,1240.0,Unsaturated,,NotOutflow,1792,1,1,0.01
2770,2589800.0,1113560.0,1240.0,Unsaturated,,NotOutflow,1793,0,1,0.01
2771,2586200.0,1113640.0,1240.0,Unsaturated,,NotOutflow,1794,0,1,0.01
2772,2586280.0,1113640.0,1240.0,Unsaturated,,NotOutflow,1795,1,1,0.01
2773,2586680.0,1113640.0,1240.0,Unsaturated,,NotOutflow,1796,0,1,0.01
2774,2586760.0,1113640.0,1240.0,Unsaturated,,NotOutflow,1797,1,1,0.01
2775,2587240.0,1113640.0,1240.0,Unsaturated,,NotOutflow,-1,1,0,0.01
2776,2587320.0,1113640.0,1240.0,Unsaturated,,NotOutflow,-1,0,0,0.01
2777,2587400.0,1113640.0,1240.0,Unsaturated,,NotOutflow,1798,0,1,0.01
2778,2587480.0,1113640.0,1240.0,Unsaturated,,NotOutflow,1799,0,1,0.01
2779,2587560.0,1113640.0,1240.0,Unsaturated,,NotOutflow,1800,1,1,0.01
2780,2588360.0,1113640.0,1240.0,Unsaturated,,NotOutflow,-1,0,0,0.01
2781,2588440.0,1113640.0,1240.0,Unsaturated,,NotOutflow,-1,1,0,0.01
2782,2588520.0,1113640.0,1240.0,Unsaturated,,NotOutflow,-1,0,0,0.01
2783,2588600.0,1113640.0,1240.0,Unsaturated,,NotOutflow,1805,1,1,0.01
2784,2588680.0,1113640.0,1240.0,Unsaturated,,NotOutflow,1806,1,1,0.01
2785,2588760.0,1113640.0,1240.0,Unsaturated,,NotOutflow,1807,1,1,0.01
2786,2588840.0,1113640.0,1240.0,Unsaturated,,NotOutflow,1808,1,1,0.01
2787,2588920.0,1113640.0,1240.0,Saturated,,NotOutflow,-1,1,0,0.0
2788,2589000.0,1113640.0,1240.0,Saturated,,NotOutflow,-1,1,0,0.0
2789,2589080.0,1113640.0,1240.0,Saturated,,NotOutflow,-1,1,0,0.0
2790,2589160.0,1113640.0,1240.0,Unsaturated,,NotOutflow,1812,1,1,0.01
2791,2589240.0,1113640.0,1240.0,Unsaturated,,NotOutflow,1813,1,1,0.01
2792,2589400.0,1113640.0,1240.0,Unsaturated,,NotOutflow,1815,1,1,0.01
2793,2589480.0,1113640.0,1240.0,Unsaturated,,NotOutflow,1816,0,1,0.01
2794,2589560.0,1113640.0,1240.0,Unsaturated,,NotOutflow,1817,1,1,0.01
2795,2589720.0,1113640.0,1240.0,Unsaturated,,NotOutflow,-1,1,0,0.01
2796,2589800.0,1113640.0,1240.0,Saturated,,NotOutflow,-1,0,0,0.0
2797,2589880.0,1113640.0,1240.0,Unsaturated,,NotOutflow,1819,1,1,0.01
2798,2586200.0,1113720.0,1240.0,Unsaturated,,NotOutflow,1821,1,1,0.01
2799,2586280.0,1113720.0,1240.0,Unsaturated,,NotOutflow,1822,1,1,0.01
2800,2586360.0,1113720.0,1240.0,Unsaturated,,NotOutflow,-1,0,0,0.01
2801,2586440.0,1113720.0,1240.0,Unsaturated,,NotOutflow,1823,1,1,0.01
2802,2586520.0,1113720.0,1240.0,Unsaturated,,NotOutflow,1824,1,1,0.01
2803,2586600.0,1113720.0,1240.0,Unsaturated,,NotOutflow,-1,1,0,0.01
2804,2586680.0,1113720.0,1240.0,Saturated,,NotOutflow,3758,1,1,4.0031256302720765e-12
2805,2586760.0,1113720.0,1240.0,Unsaturated,,NotOutflow,1826,0,1,0.01
2806,2587240.0,1113720.0,1240.0,Unsaturated,,NotOutflow,-1,1,0,0.01
2807,2587320.0,1113720.0,1240.0,Saturated,,NotOutflow,-1,1,0,0.0
2808,2587400.0,1113720.0,1240.0,Unsaturated,,NotOutflow,-1,1,0,0.01
2809,2587480.0,1113720.0,1240.0,Unsaturated,,NotOutflow,1827,0,1,0.01
2810,2587560.0,1113720.0,1240.0,Unsaturated,,NotOutflow,1828,0,1,0.01
2811,2587640.0,1113720.0,1240.0,Unsaturated,,NotOutflow,1829,0,1,0.01
2812,2588520.0,1113720.0,1240.0,Unsaturated,,NotOutflow,-1,1,0,0.01
2813,2588600.0,1113720.0,1240.0,Unsaturated,,NotOutflow,-1,1,0,0.01
2814,2588680.0,1113720.0,1240.0,Saturated,,NotOutflow,-1,0,0,0.0
2815,2588760.0,1113720.0,1240.0,Unsaturated,,NotOutflow,1834,0,1,0.01
2816,2588840.0,1113720.0,1240.0,Unsaturated,,NotOutflow,1835,1,1,0.01
2817,2588920.0,1113720.0,1240.0,Unsaturated,,NotOutflow,1836,1,1,0.01
2818,2589000.0,1113720.0,1240.0,Unsaturated,,NotOutflow,1837,1,1,0.01
2819,2589080.0,1113720.0,1240.0,Unsaturated,,NotOutflow,1838,1,1,0.01
2820,2589160.0,1113720.0,1240.0,Saturated,,NotOutflow,-1,1,0,0.0
2821,2589240.0,1113720.0,1240.0,Saturated,,NotOutflow,-1,1,0,0.0
2822,2589320.0,1113720.0,1240.0,Unsaturated,,NotOutflow,1841,1,1,0.01
2823,2589400.0,1113720.0,1240.0,Unsaturated,,NotOutflow,1842,1,1,0.01
2824,2589480.0,1113720.0,1240.0,Unsaturated,,NotOutflow,1843,0,1,0.01
2825,2589560.0,1113720.0,1240.0,Unsaturated,,NotOutflow,1844,1,1,0.01
2826,2589640.0,1113720.0,1240.0,Unsaturated,,NotOutflow,1845,0,1,0.01
2827,2589800.0,1113720.0,1240.0,Unsaturated,,NotOutflow,868,0,1,0.01
2828,2589880.0,1113720.0,1240.0,Saturated,,NotOutflow,-1,1,0,0.0
2829,2589960.0,1113720.0,1240.0,Unsaturated,,NotOutflow,1847,1,1,0.01
2830,2586200.0,1113800.0,1240.0,Unsaturated,,NotOutflow,1849,0,1,0.01
2831,2586280.0,1113800.0,1240.0,Saturated,,NotOutflow,-1,0,0,0.0
2832,2586360.0,1113800.0,1240.0,Unsaturated,,NotOutflow,1851,1,1,0.01
2833,2586440.0,1113800.0,1240.0,Unsaturated,,NotOutflow,1852,1,1,0.01
2834,2586520.0,1113800.0,1240.0,Unsaturated,,NotOutflow,1853,1,1,0.01
2835,2586600.0,1113800.0,1240.0,Unsaturated,,NotOutflow,1854,1,1,0.01
2836,2586680.0,1113800.0,1240.0,Saturated,,NotOutflow,3787,1,2,2.7149608522828677e-11
2837,2586760.0,1113800.0,1240.0,Saturated,,NotOutflow,2836,1,1,3.115273415310075e-11
2838,2586840.0,1113800.0,1240.0,Unsaturated,,NotOutflow,-1,1,0,0.01
2839,2587320.0,1113800.0,1240.0,Unsaturated,,NotOutflow,-1,1,0,0.01
2840,2587400.0,1113800.0,1240.0,Unsaturated,,NotOutflow,-1,1,0,0.01
2841,2587480.0,1113800.0,1240.0,Saturated,,NotOutflow,-1,1,0,0.0
2842,2587560.0,1113800.0,1240.0,Unsaturated,,NotOutflow,1857,0,1,0.01
2843,2587640.0,1113800.0,1240.0,Unsaturated,,NotOutflow,1858,0,1,0.01
2844,2587720.0,1113800.0,1240.0,Unsaturated,,NotOutflow,1859,0,1,0.01
2845,2587800.0,1113800.0,1240.0,Unsaturated,,NotOutflow,1860,0,1,0.01
2846,2588680.0,1113800.0,1240.0,Unsaturated,,NotOutflow,-1,0,0,0.01
2847,2588760.0,1113800.0,1240.0,Saturated,,NotOutflow,-1,0,0,0.0
2848,2588840.0,1113800.0,1240.0,Unsaturated,,NotOutflow,-1,1,0,0.01
2849,2588920.0,1113800.0,1240.0,Unsaturated,,NotOutflow,1865,1,1,0.01
2850,2589000.0,1113800.0,1240.0,Unsaturated,,NotOutflow,1866,1,1,0.01
2851,2589080.0,1113800.0,1240.0,Unsaturated,,NotOutflow,1867,1,1,0.01
2852,2589160.0,1113800.0,1240.0,Unsaturated,,NotOutflow,1868,1,1,0.01
2853,2589240.0,1113800.0,1240.0,Saturated,,NotOutflow,-1,1,0,0.0
2854,2589320.0,1113800.0,1240.0,Saturated,,NotOutflow,-1,1,0,0.0
2855,2589400.0,1113800.0,1240.0,Unsaturated,,NotOutflow,1871,1,1,0.01
2856,2589480.0,1113800.0,1240.0,Unsaturated,,NotOutflow,1872,1,1,0.01
2857,2589560.0,1113800.0,1240.0,Unsaturated,,NotOutflow,1873,1,1,0.01
2858,2589640.0,1113800.0,1240.0,Unsaturated,,NotOutflow,1874,1,1,0.01
2859,2589720.0,1113800.0,1240.0,Unsaturated,,NotOutflow,1875,0,1,0.01
2860,2589960.0,1113800.0,1240.0,Unsaturated,,NotOutflow,1877,1,1,0.01
2861,2590040.0,1113800.0,1240.0,Saturated,,NotOutflow,-1,0,0,0.0
2862,2586280.0,1113880.0,1240.0,Unsaturated,,NotOutflow,1880,0,1,0.01
2863,2586600.0,1113880.0,1240.0,Unsaturated,,NotOutflow,1882,1,1,0.01
2864,2586680.0,1113880.0,1240.0,Unsaturated,,NotOutflow,1883,1,1,0.01
2865,2586760.0,1113880.0,1240.0,Saturated,,NotOutflow,2837,1,1,3.115273415310075e-11
2866,2586840.0,1113880.0,1240.0,Unsaturated,,NotOutflow,1885,0,1,0.01
2867,2586920.0,1113880.0,1240.0,Unsaturated,,NotOutflow,1886,0,1,0.01
2868,2587000.0,1113880.0,1240.0,Saturated,,NotOutflow,-1,0,0,0.0
2869,2587080.0,1113880.0,1240.0,Unsaturated,,NotOutflow,1888,0,1,0.01
2870,2587400.0,1113880.0,1240.0,Unsaturated,,NotOutflow,-1,1,0,0.01
2871,2587480.0,1113880.0,1240.0,Unsaturated,,NotOutflow,-1,1,0,0.01
2872,2587560.0,1113880.0,1240.0,Unsaturated,,NotOutflow,-1,1,0,0.01
2873,2587640.0,1113880.0,1240.0,Saturated,,NotOutflow,-1,0,0,0.0
2874,2587720.0,1113880.0,1240.0,Unsaturated,,NotOutflow,1889,0,1,0.01
2875,2587800.0,1113880.0,1240.0,Unsaturated,,NotOutflow,1890,0,1,0.01
2876,2587880.0,1113880.0,1240.0,Unsaturated,,NotOutflow,1891,0,1,0.01
2877,2588840.0,1113880.0,1240.0,Unsaturated,,NotOutflow,-1,1,0,0.01
2878,2588920.0,1113880.0,1240.0,Unsaturated,,NotOutflow,-1,1,0,0.01
2879,2589000.0,1113880.0,1240.0,Unsaturated,,NotOutflow,-1,0,0,0.01
2880,2589080.0,1113880.0,1240.0,Unsaturated,,NotOutflow,1897,1,1,0.01
2881,2589160.0,1113880.0,1240.0,Unsaturated,,NotOutflow,1898,1,1,0.01
2882,2589240.0,1113880.0,1240.0,Unsaturated,,NotOutflow,1899,1,1,0.01
2883,2589320.0,1113880.0,1240.0,Unsaturated,,NotOutflow,1900,1,1,0.01
2884,2589400.0,1113880.0,1240.0,Saturated,,NotOutflow,-1,1,0,0.0
2885,2589480.0,1113880.0,1240.0,Saturated,,NotOutflow,-1,1,0,0.0
2886,2589560.0,1113880.0,1240.0,Saturated,,NotOutflow,-1,1,0,0.0
2887,2589640.0,1113880.0,1240.0,Unsaturated,,NotOutflow,1904,0,1,0.01
2888,2589720.0,1113880.0,1240.0,Unsaturated,,NotOutflow,1905,1,1,0.01
2889,2589800.0,1113880.0,1240.0,Unsaturated,,NotOutflow,1906,0,1,0.01
2890,2590040.0,1113880.0,1240.0,Unsaturated,,NotOutflow,1909,1,1,0.01
2891,2590120.0,1113880.0,1240.0,Saturated,,NotOutflow,-1,0,0,0.0
2892,2590200.0,1113880.0,1240.0,Unsaturated,,NotOutflow,1911,0,1,0.01
2893,2586600.0,1113960.0,1240.0,Unsaturated,,NotOutflow,1914,0,1,0.01
2894,2586680.0,1113960.0,1240.0,Unsaturated,,NotOutflow,1915,0,1,0.01
2895,2586920.0,1113960.0,1240.0,Unsaturated,,NotOutflow,1916,0,1,0.01
2896,2587000.0,1113960.0,1240.0,Unsaturated,,NotOutflow,1917,1,1,0.01
2897,2587080.0,1113960.0,1240.0,Saturated,,NotOutflow,-1,0,0,0.0
2898,2587160.0,1113960.0,1240.0,Unsaturated,,NotOutflow,1919,0,1,0.01
2899,2587240.0,1113960.0,1240.0,Unsaturated,,NotOutflow,1920,1,1,0.01
2900,2587480.0,1113960.0,1240.0,Unsaturated,,NotOutflow,-1,1,0,0.01
2901,2587560.0,1113960.0,1240.0,Unsaturated,,NotOutflow,-1,1,0,0.01
2902,2587640.0,1113960.0,1240.0,Unsaturated,,NotOutflow,-1,1,0,0.01
2903,2587720.0,1113960.0,1240.0,Unsaturated,,NotOutflow,-1,1,0,0.01
2904,2587800.0,1113960.0,1240.0,Unsaturated,,NotOutflow,1921,0,1,0.01
2905,2587880.0,1113960.0,1240.0,Unsaturated,,NotOutflow,1922,0,1,0.01
2906,2587960.0,1113960.0,1240.0,Unsaturated,,NotOutflow,1923,0,1,0.01
2907,2588040.0,1113960.0,1240.0,Unsaturated,,NotOutflow,1924,0,1,0.01
2908,2588920.0,1113960.0,1240.0,Unsaturated,,NotOutflow,-1,1,0,0.01
2909,2589000.0,1113960.0,1240.0,Unsaturated,,NotOutflow,-1,0,0,0.01
2910,2589080.0,1113960.0,1240.0,Unsaturated,,NotOutflow,-1,0,0,0.01
2911,2589160.0,1113960.0,1240.0,Unsaturated,,NotOutflow,1929,1,1,0.01
2912,2589240.0,1113960.0,1240.0,Unsaturated,,NotOutflow,1930,1,1,0.01
2913,2589320.0,1113960.0,1240.0,Unsaturated,,NotOutflow,1931,1,1,0.01
2914,2589400.0,1113960.0,1240.0,Unsaturated,,NotOutflow,1932,1,1,0.01
2915,2589480.0,1113960.0,1240.0,Unsaturated,,NotOutflow,1933,1,1,0.01
2916,2589560.0,1113960.0,1240.0,Saturated,,NotOutflow,-1,1,0,0.0
2917,2589640.0,1113960.0,1240.0,Saturated,,NotOutflow,-1,1,0,0.0
2918,2589720.0,1113960.0,1240.0,Saturated,,NotOutflow,-1,1,0,0.0
2919,2589800.0,1113960.0,1240.0,Saturated,,NotOutflow,-1,1,0,0.0
2920,2589880.0,1113960.0,1240.0,Unsaturated,,NotOutflow,1938,1,1,0.01
2921,2590120.0,1113960.0,1240.0,Unsaturated,,NotOutflow,1941,1,1,0.01
2922,2590200.0,1113960.0,1240.0,Unsaturated,,NotOutflow,1942,1,1,0.01
2923,2590280.0,1113960.0,1240.0,Unsaturated,,NotOutflow,1943,0,1,0.01
2924,2587960.0,1109000.0,1320.0,Unsaturated,,NotOutflow,-1,1,0,0.01
2925,2588040.0,1109000.0,1320.0,Saturated,,NotOutflow,-1,1,0,0.0
2926,2587960.0,1109080.0,1320.0,Unsaturated,,NotOutflow,1945,1,1,0.01
2927,2588040.0,1109080.0,1320.0,Saturated,,NotOutflow,-1,1,0,0.0
2928,2587960.0,1109160.0,1320.0,Unsaturated,,NotOutflow,1947,1,1,0.01
2929,2588040.0,1109160.0,1320.0,Unsaturated,,NotOutflow,1948,0,1,0.01
2930,2587960.0,1109240.0,1320.0,Unsaturated,,NotOutflow,1949,1,1,0.01
2931,2587880.0,1109320.0,1320.0,Unsaturated,,NotOutflow,1951,1,1,0.01
2932,2587960.0,1109320.0,1320.0,Unsaturated,,NotOutflow,1952,1,1,0.01
2933,2587880.0,1109400.0,1320.0,Unsaturated,,NotOutflow,1953,1,1,0.01
2934,2587960.0,1109400.0,1320.0,Unsaturated,,NotOutflow,1954,1,1,0.01
2935,2587880.0,1109480.0,1320.0,Saturated,,NotOutflow,-1,1,0,0.0
2936,2586040.0,1109560.0,1320.0,Saturated,,NotOutflow,-1,1,0,0.0
2937,2587800.0,1109560.0,1320.0,Unsaturated,,NotOutflow,1958,1,1,0.01
2938,2587880.0,1109560.0,1320.0,Unsaturated,,NotOutflow,1959,1,1,0.01
2939,2586040.0,1109640.0,1320.0,Unsaturated,,NotOutflow,1960,1,1,0.01
2940,2586120.0,1109640.0,1320.0,Unsaturated,,NotOutflow,1961,1,1,0.01
2941,2587800.0,1109640.0,1320.0,Saturated,,NotOutflow,-1,1,0,0.0
2942,2587880.0,1109640.0,1320.0,Unsaturated,,NotOutflow,1963,1,1,0.01
2943,2586040.0,1109720.0,1320.0,Unsaturated,,NotOutflow,1964,1,1,0.01
2944,2586120.0,1109720.0,1320.0,Unsaturated,,NotOutflow,1965,1,1,0.01
2945,2587800.0,1109720.0,1320.0,Saturated,,NotOutflow,-1,0,0,0.0
2946,2587880.0,1109720.0,1320.0,Unsaturated,,NotOutflow,1967,0,1,0.01
2947,2586120.0,1109800.0,1320.0,Unsaturated,,NotOutflow,1968,1,1,0.01
2948,2586200.0,1109800.0,1320.0,Saturated,,NotOutflow,-1,0,0,0.0
2949,2587720.0,1109800.0,1320.0,Unsaturated,,NotOutflow,-1,1,0,0.01
2950,2587800.0,1109800.0,1320.0,Unsaturated,,NotOutflow,1970,1,1,0.01
2951,2586120.0,1109880.0,1320.0,Unsaturated,,NotOutflow,1972,0,1,0.01
2952,2586200.0,1109880.0,1320.0,Unsaturated,,NotOutflow,1973,1,1,0.01
2953,2586280.0,1109880.0,1320.0,Unsaturated,,NotOutflow,987,1,1,0.01
2954,2587720.0,1109880.0,1320.0,Unsaturated,,NotOutflow,1974,1,1,0.01
2955,2587800.0,1109880.0,1320.0,Unsaturated,,NotOutflow,1975,1,1,0.01
2956,2586200.0,1109960.0,1320.0,Unsaturated,,NotOutflow,1978,1,1,0.01
2957,2586280.0,1109960.0,1320.0,Unsaturated,,NotOutflow,1979,1,1,0.01
2958,2587720.0,1109960.0,1320.0,Unsaturated,,NotOutflow,1980,1,1,0.01
2959,2587800.0,1109960.0,1320.0,Unsaturated,,NotOutflow,1981,0,1,0.01
2960,2586280.0,1110040.0,1320.0,Saturated,,NotOutflow,-1,0,0,0.0
2961,2586360.0,1110040.0,1320.0,Unsaturated,,NotOutflow,1985,1,1,0.01
2962,2587720.0,1110040.0,1320.0,Saturated,,NotOutflow,-1,0,0,0.0
2963,2586280.0,1110120.0,1320.0,Unsaturated,,NotOutflow,1991,1,1,0.01
2964,2586360.0,1110120.0,1320.0,Saturated,,NotOutflow,-1,0,0,0.0
2965,2587640.0,1110120.0,1320.0,Unsaturated,,NotOutflow,1993,0,1,0.01
2966,2587720.0,1110120.0,1320.0,Unsaturated,,NotOutflow,1994,1,1,0.01
2967,2586040.0,1110200.0,1320.0,Unsaturated,,NotOutflow,1995,0,1,0.01
2968,2586360.0,1110200.0,1320.0,Unsaturated,,NotOutflow,1998,0,1,0.01
2969,2586440.0,1110200.0,1320.0,Unsaturated,,NotOutflow,1999,0,1,0.01
2970,2587640.0,1110200.0,1320.0,Unsaturated,,NotOutflow,2000,0,1,0.01
2971,2587720.0,1110200.0,1320.0,Unsaturated,,NotOutflow,2001,1,1,0.01
2972,2586040.0,1110280.0,1320.0,Unsaturated,,NotOutflow,2002,0,1,0.01
2973,2586440.0,1110280.0,1320.0,Saturated,,NotOutflow,2974,1,1,7.647349879032964e-10
2974,2586520.0,1110280.0,1320.0,Saturated,,NotOutflow,2979,1,1,7.647349879032964e-10
2975,2587640.0,1110280.0,1320.0,Unsaturated,,NotOutflow,2008,0,1,0.01
2976,2586040.0,1110360.0,1320.0,Unsaturated,,NotOutflow,2010,0,1,0.01
2977,2586120.0,1110360.0,1320.0,Unsaturated,,NotOutflow,2011,0,1,0.01
2978,2586440.0,1110360.0,1320.0,Unsaturated,,NotOutflow,2015,1,1,0.01
2979,2586520.0,1110360.0,1320.0,Saturated,,NotOutflow,2985,3,3,1.366440303300746e-09
2980,2587560.0,1110360.0,1320.0,Unsaturated,,NotOutflow,-1,0,0,0.01
2981,2587640.0,1110360.0,1320.0,Saturated,,NotOutflow,-1,0,0,0.0
2982,2586040.0,1110440.0,1320.0,Unsaturated,,NotOutflow,2018,0,1,0.01
2983,2586120.0,1110440.0,1320.0,Unsaturated,,NotOutflow,2019,0,1,0.01
2984,2586200.0,1110440.0,1320.0,Unsaturated,,NotOutflow,2020,0,1,0.01
2985,2586520.0,1110440.0,1320.0,Saturated,,NotOutflow,2986,1,1,1.366440303300746e-09
2986,2586600.0,1110440.0,1320.0,Saturated,,NotOutflow,3930,3,3,3.924517597114592e-09
2987,2587560.0,1110440.0,1320.0,Saturated,,NotOutflow,2994,1,1,2.276532769517412e-13
2988,2587640.0,1110440.0,1320.0,Unsaturated,,NotOutflow,2027,1,1,0.01
2989,2586040.0,1110520.0,1320.0,Saturated,,NotOutflow,-1,1,0,0.0
2990,2586120.0,1110520.0,1320.0,Unsaturated,,NotOutflow,2028,0,1,0.01
2991,2586200.0,1110520.0,1320.0,Unsaturated,,NotOutflow,2029,0,1,0.01
2992,2586600.0,1110520.0,1320.0,Saturated,,NotOutflow,2993,3,1,6.004399061702222e-09
2993,2586680.0,1110520.0,1320.0,Saturated,,NotOutflow,3000,1,2,3.066581829915152e-09
2994,2587560.0,1110520.0,1320.0,Saturated,,NotOutflow,3936,2,2,1.9898173631282843e-13
2995,2587640.0,1110520.0,1320.0,Unsaturated,,NotOutflow,2036,0,1,0.01
2996,2586040.0,1110600.0,1320.0,Unsaturated,,NotOutflow,-1,1,0,0.01
2997,2586120.0,1110600.0,1320.0,Unsaturated,,NotOutflow,2037,0,1,0.01
2998,2586200.0,1110600.0,1320.0,Unsaturated,,NotOutflow,2038,0,1,0.01
2999,2586280.0,1110600.0,1320.0,Unsaturated,,NotOutflow,2039,0,1,0.01
3000,2586680.0,1110600.0,1320.0,Saturated,,NotOutflow,3001,1,1,3.066581829915152e-09
3001,2586760.0,1110600.0,1320.0,Saturated,,NotOutflow,3009,1,1,3.066581829915152e-09
3002,2587480.0,1110600.0,1320.0,Unsaturated,,NotOutflow,-1,1,0,0.01
3003,2587560.0,1110600.0,1320.0,Saturated,,NotOutflow,3012,1,1,1.9413187578854655e-13
3004,2586040.0,1110680.0,1320.0,Saturated,,NotOutflow,-1,0,0,0.0
3005,2586120.0,1110680.0,1320.0,Saturated,,NotOutflow,-1,1,0,0.0
3006,2586200.0,1110680.0,1320.0,Unsaturated,,NotOutflow,2046,0,1,0.01
3007,2586280.0,1110680.0,1320.0,Unsaturated,,NotOutflow,2047,0,1,0.01
3008,2586680.0,1110680.0,1320.0,Unsaturated,,NotOutflow,2051,1,1,0.01
3009,2586760.0,1110680.0,1320.0,Saturated,,NotOutflow,3945,2,2,2.5424100753655296e-09
3010,2586840.0,1110680.0,1320.0,Unsaturated,,NotOutflow,2053,1,1,0.01
3011,2587480.0,1110680.0,1320.0,Saturated,,NotOutflow,3018,1,1,1.813325490159352e-13
3012,2587560.0,1110680.0,1320.0,Saturated,,NotOutflow,3011,1,2,1.813325490159352e-13
3013,2586200.0,1110760.0,1320.0,Unsaturated,,NotOutflow,-1,0,0,0.01
3014,2586280.0,1110760.0,1320.0,Unsaturated,,NotOutflow,2056,0,1,0.01
3015,2586360.0,1110760.0,1320.0,Unsaturated,,NotOutflow,2057,0,1,0.01
3016,2586760.0,1110760.0,1320.0,Saturated,,NotOutflow,3017,2,1,5.909890326037935e-10
3017,2586840.0,1110760.0,1320.0,Saturated,,NotOutflow,3023,2,1,6.011113014940277e-10
3018,2587480.0,1110760.0,1320.0,Saturated,,NotOutflow,3025,2,2,9.769117120119592e-14
3019,2587560.0,1110760.0,1320.0,Unsaturated,,NotOutflow,2064,1,1,0.01
3020,2586280.0,1110840.0,1320.0,Unsaturated,,NotOutflow,2065,0,1,0.01
3021,2586360.0,1110840.0,1320.0,Unsaturated,,NotOutflow,2066,0,1,0.01
3022,2586440.0,1110840.0,1320.0,Unsaturated,,NotOutflow,2067,0,1,0.01
3023,2586840.0,1110840.0,1320.0,Saturated,,NotOutflow,3024,1,1,6.011113014940277e-10
3024,2586920.0,1110840.0,1320.0,Saturated,,NotOutflow,3030,1,1,6.011113014940277e-10
3025,2587480.0,1110840.0,1320.0,Saturated,,NotOutflow,3955,3,3,5.028000814117758e-13
3026,2586280.0,1110920.0,1320.0,Unsaturated,,NotOutflow,-1,0,0,0.01
3027,2586360.0,1110920.0,1320.0,Unsaturated,,NotOutflow,2074,0,1,0.01
3028,2586440.0,1110920.0,1320.0,Unsaturated,,NotOutflow,2075,0,1,0.01
3029,2586520.0,1110920.0,1320.0,Unsaturated,,NotOutflow,2076,0,1,0.01
3030,2586920.0,1110920.0,1320.0,Saturated,,NotOutflow,3031,2,1,3.6062324592899453e-09
3031,2587000.0,1110920.0,1320.0,Saturated,,NotOutflow,3039,2,1,3.6062324592899453e-09
3032,2587400.0,1110920.0,1320.0,Saturated,,NotOutflow,3041,1,1,4.484337039553327e-13
3033,2587480.0,1110920.0,1320.0,Saturated,,NotOutflow,3032,2,3,4.484337039553327e-13
3034,2586280.0,1111000.0,1320.0,Saturated,,NotOutflow,-1,1,0,0.0
3035,2586360.0,1111000.0,1320.0,Saturated,,NotOutflow,-1,1,0,0.0
3036,2586440.0,1111000.0,1320.0,Saturated,,NotOutflow,-1,0,0,0.0
3037,2586520.0,1111000.0,1320.0,Unsaturated,,NotOutflow,2086,0,1,0.01
3038,2586920.0,1111000.0,1320.0,Unsaturated,,NotOutflow,2089,1,1,0.01
3039,2587000.0,1111000.0,1320.0,Saturated,,NotOutflow,3963,2,2,1.9915892002503718e-09
3040,2587080.0,1111000.0,1320.0,Unsaturated,,NotOutflow,2091,1,1,0.01
3041,2587400.0,1111000.0,1320.0,Saturated,,NotOutflow,3965,5,2,3.75521111920218e-11
3042,2587480.0,1111000.0,1320.0,Saturated,,NotOutflow,3041,2,1,3.238848665307319e-13
3043,2586120.0,1111080.0,1320.0,Unsaturated,,NotOutflow,2095,0,1,0.01
3044,2586200.0,1111080.0,1320.0,Unsaturated,,NotOutflow,2096,0,1,0.01
3045,2586280.0,1111080.0,1320.0,Unsaturated,,NotOutflow,-1,1,0,0.01
3046,2586360.0,1111080.0,1320.0,Unsaturated,,NotOutflow,-1,1,0,0.01
3047,2586440.0,1111080.0,1320.0,Saturated,,NotOutflow,-1,0,0,0.0
3048,2586520.0,1111080.0,1320.0,Unsaturated,,NotOutflow,2097,0,1,0.01
3049,2586600.0,1111080.0,1320.0,Unsaturated,,NotOutflow,2098,0,1,0.01
3050,2587000.0,1111080.0,1320.0,Saturated,,NotOutflow,3051,2,1,1.655449520820074e-09
3051,2587080.0,1111080.0,1320.0,Saturated,,NotOutflow,3061,1,2,1.0974639569035746e-09
3052,2587400.0,1111080.0,1320.0,Saturated,,NotOutflow,3971,2,3,1.5259838367290646e-11
3053,2587480.0,1111080.0,1320.0,Unsaturated,,NotOutflow,2103,0,1,0.01
3054,2586120.0,1111160.0,1320.0,Unsaturated,,NotOutflow,2104,0,1,0.01
3055,2586200.0,1111160.0,1320.0,Unsaturated,,NotOutflow,2105,1,1,0.01
3056,2586280.0,1111160.0,1320.0,Unsaturated,,NotOutflow,2106,1,1,0.01
3057,2586360.0,1111160.0,1320.0,Unsaturated,,NotOutflow,-1,1,0,0.01
3058,2586440.0,1111160.0,1320.0,Unsaturated,,NotOutflow,-1,1,0,0.01
3059,2586520.0,1111160.0,1320.0,Unsaturated,,NotOutflow,2107,0,1,0.01
3060,2586600.0,1111160.0,1320.0,Unsaturated,,NotOutflow,2108,0,1,0.01
3061,2587080.0,1111160.0,1320.0,Saturated,,NotOutflow,3062,1,1,1.0974639569035746e-09
3062,2587160.0,1111160.0,1320.0,Saturated,,NotOutflow,3071,1,1,1.0974639569035746e-09
3063,2587320.0,1111160.0,1320.0,Unsaturated,,NotOutflow,-1,0,0,0.01
3064,2587400.0,1111160.0,1320.0,Saturated,,NotOutflow,3074,1,1,1.0486080900312863e-11
3065,2586200.0,1111240.0,1320.0,Unsaturated,,NotOutflow,2114,1,1,0.01
3066,2586280.0,1111240.0,1320.0,Unsaturated,,NotOutflow,2115,0,1,0.01
3067,2586360.0,1111240.0,1320.0,Unsaturated,,NotOutflow,2116,1,1,0.01
3068,2586440.0,1111240.0,1320.0,Unsaturated,,NotOutflow,-1,1,0,0.01
3069,2586520.0,1111240.0,1320.0,Unsaturated,,NotOutflow,-1,1,0,0.01
3070,2586600.0,1111240.0,1320.0,Unsaturated,,NotOutflow,2117,0,1,0.01
3071,2587160.0,1111240.0,1320.0,Saturated,,NotOutflow,3072,1,1,1.0974639569035746e-09
3072,2587240.0,1111240.0,1320.0,Saturated,,NotOutflow,3082,2,1,1.0974639569035746e-09
3073,2587320.0,1111240.0,1320.0,Saturated,,NotOutflow,3083,1,1,1.0480398192662768e-11
3074,2587400.0,1111240.0,1320.0,Saturated,,NotOutflow,3073,2,2,1.0480398192662768e-11
3075,2586280.0,1111320.0,1320.0,Unsaturated,,NotOutflow,-1,1,0,0.01
3076,2586360.0,1111320.0,1320.0,Unsaturated,,NotOutflow,2124,0,1,0.01
3077,2586440.0,1111320.0,1320.0,Unsaturated,,NotOutflow,2125,1,1,0.01
3078,2586520.0,1111320.0,1320.0,Unsaturated,,NotOutflow,2126,1,1,0.01
3079,2586600.0,1111320.0,1320.0,Saturated,,NotOutflow,-1,0,0,0.0
3080,2586680.0,1111320.0,1320.0,Unsaturated,,NotOutflow,2128,0,1,0.01
3081,2587160.0,1111320.0,1320.0,Unsaturated,,NotOutflow,2131,0,1,0.01
3082,2587240.0,1111320.0,1320.0,Saturated,,NotOutflow,3089,1,1,1.0974639569035746e-09
3083,2587320.0,1111320.0,1320.0,Saturated,,NotOutflow,3090,2,1,1.0700597196124245e-10
3084,2587400.0,1111320.0,1320.0,Unsaturated,,NotOutflow,2134,0,1,0.01
3085,2586440.0,1111400.0,1320.0,Unsaturated,,NotOutflow,2135,1,1,0.01
3086,2586520.0,1111400.0,1320.0,Saturated,,NotOutflow,-1,1,0,0.0
3087,2586600.0,1111400.0,1320.0,Saturated,,NotOutflow,-1,1,0,0.0
3088,2586680.0,1111400.0,1320.0,Unsaturated,,NotOutflow,2138,0,1,0.01
3089,2587240.0,1111400.0,1320.0,Saturated,,NotOutflow,4001,1,2,5.580104908601723e-10
3090,2587320.0,1111400.0,1320.0,Saturated,,NotOutflow,3095,5,3,8.173349542530946e-10
3091,2586520.0,1111480.0,1320.0,Unsaturated,,NotOutflow,2144,0,1,0.01
3092,2586600.0,1111480.0,1320.0,Saturated,,NotOutflow,-1,1,0,0.0
3093,2586680.0,1111480.0,1320.0,Unsaturated,,NotOutflow,2146,0,1,0.01
3094,2587240.0,1111480.0,1320.0,Saturated,,NotOutflow,3095,1,1,3.8028935918520795e-10
3095,2587320.0,1111480.0,1320.0,Saturated,,NotOutflow,4008,2,3,4.714226788656854e-10
3096,2587400.0,1111480.0,1320.0,Saturated,,NotOutflow,3103,1,1,3.4591227538740926e-10
3097,2586520.0,1111560.0,1320.0,Unsaturated,,NotOutflow,2153,1,1,0.01
3098,2586600.0,1111560.0,1320.0,Unsaturated,,NotOutflow,2154,1,1,0.01
3099,2586680.0,1111560.0,1320.0,Saturated,,NotOutflow,-1,1,0,0.0
3100,2586760.0,1111560.0,1320.0,Unsaturated,,NotOutflow,2156,0,1,0.01
3101,2587240.0,1111560.0,1320.0,Saturated,,NotOutflow,3094,1,2,3.8028935918520795e-10
3102,2587320.0,1111560.0,1320.0,Unsaturated,,NotOutflow,2160,1,1,0.01
3103,2587400.0,1111560.0,1320.0,Saturated,,NotOutflow,3112,1,2,3.3571104552319807e-10
3104,2587480.0,1111560.0,1320.0,Saturated,,NotOutflow,3113,2,1,1.0201229864211149e-11
3105,2586520.0,1111640.0,1320.0,Unsaturated,,NotOutflow,2163,1,1,0.01
3106,2586600.0,1111640.0,1320.0,Unsaturated,,NotOutflow,2164,1,1,0.01
3107,2586680.0,1111640.0,1320.0,Unsaturated,,NotOutflow,2165,1,1,0.01
3108,2586760.0,1111640.0,1320.0,Unsaturated,,NotOutflow,2166,1,1,0.01
3109,2586840.0,1111640.0,1320.0,Unsaturated,,NotOutflow,2167,1,1,0.01
3110,2587240.0,1111640.0,1320.0,Saturated,,NotOutflow,3101,1,1,7.405258026439452e-10
3111,2587320.0,1111640.0,1320.0,Unsaturated,,NotOutflow,2170,1,1,0.01
3112,2587400.0,1111640.0,1320.0,Saturated,,NotOutflow,3113,1,1,3.3571104552319807e-10
3113,2587480.0,1111640.0,1320.0,Saturated,,NotOutflow,3123,3,1,4.544267678501835e-10
3114,2586520.0,1111720.0,1320.0,Unsaturated,,NotOutflow,2174,1,1,0.01
3115,2586600.0,1111720.0,1320.0,Unsaturated,,NotOutflow,227,1,1,0.01
3116,2586680.0,1111720.0,1320.0,Unsaturated,,NotOutflow,-1,1,0,0.01
3117,2586760.0,1111720.0,1320.0,Unsaturated,,NotOutflow,2175,1,1,0.01
3118,2586840.0,1111720.0,1320.0,Unsaturated,,NotOutflow,2176,1,1,0.01
3119,2586920.0,1111720.0,1320.0,Unsaturated,,NotOutflow,2177,0,1,0.01
3120,2587000.0,1111720.0,1320.0,Unsaturated,,NotOutflow,2178,1,1,0.01
3121,2587160.0,1111720.0,1320.0,Unsaturated,,NotOutflow,233,0,1,0.01
3122,2587240.0,1111720.0,1320.0,Saturated,,NotOutflow,3110,2,1,7.405258026439452e-10
3123,2587480.0,1111720.0,1320.0,Saturated,,NotOutflow,4039,1,2,2.746332630957503e-10
3124,2587560.0,1111720.0,1320.0,Saturated,,NotOutflow,3136,1,1,1.7979350475443317e-10
3125,2586440.0,1111800.0,1320.0,Unsaturated,,NotOutflow,2182,1,1,0.01
3126,2586520.0,1111800.0,1320.0,Unsaturated,,NotOutflow,2183,0,1,0.01
3127,2586600.0,1111800.0,1320.0,Unsaturated,,NotOutflow,-1,1,0,0.01
3128,2586680.0,1111800.0,1320.0,Unsaturated,,NotOutflow,-1,1,0,0.01
3129,2586760.0,1111800.0,1320.0,Unsaturated,,NotOutflow,2184,1,1,0.01
3130,2586840.0,1111800.0,1320.0,Unsaturated,,NotOutflow,2185,1,1,0.01
3131,2586920.0,1111800.0,1320.0,Unsaturated,,NotOutflow,2186,1,1,0.01
3132,2587000.0,1111800.0,1320.0,Unsaturated,,NotOutflow,2187,1,1,0.01
3133,2587080.0,1111800.0,1320.0,Unsaturated,,NotOutflow,2188,1,1,0.01
3134,2587160.0,1111800.0,1320.0,Saturated,,NotOutflow,3135,1,1,6.078936431594386e-11
3135,2587240.0,1111800.0,1320.0,Saturated,,NotOutflow,3122,1,1,6.078936431594386e-11
3136,2587560.0,1111800.0,1320.0,Saturated,,NotOutflow,4051,1,2,1.2225325639044464e-10
3137,2587640.0,1111800.0,1320.0,Saturated,,NotOutflow,3151,1,1,5.7540248363988553e-11
3138,2586440.0,1111880.0,1320.0,Unsaturated,,NotOutflow,2193,0,1,0.01
3139,2586520.0,1111880.0,1320.0,Unsaturated,,NotOutflow,2194,0,1,0.01
3140,2586680.0,1111880.0,1320.0,Unsaturated,,NotOutflow,-1,1,0,0.01
3141,2586760.0,1111880.0,1320.0,Unsaturated,,NotOutflow,-1,1,0,0.01
3142,2586840.0,1111880.0,1320.0,Unsaturated,,NotOutflow,2195,1,1,0.01
3143,2586920.0,1111880.0,1320.0,Unsaturated,,NotOutflow,2196,1,1,0.01
3144,2587000.0,1111880.0,1320.0,Unsaturated,,NotOutflow,2197,1,1,0.01
3145,2587080.0,1111880.0,1320.0,Unsaturated,,NotOutflow,2198,1,1,0.01
3146,2587160.0,1111880.0,1320.0,Saturated,,NotOutflow,4061,2,2,7.166827808037506e-10
3147,2587240.0,1111880.0,1320.0,Unsaturated,,NotOutflow,2200,1,1,0.01
3148,2587320.0,1111880.0,1320.0,Unsaturated,,NotOutflow,2201,1,1,0.01
3149,2587400.0,1111880.0,1320.0,Unsaturated,,NotOutflow,2202,1,1,0.01
3150,2587480.0,1111880.0,1320.0,Unsaturated,,NotOutflow,2203,1,1,0.01
3151,2587640.0,1111880.0,1320.0,Saturated,,NotOutflow,3152,1,1,5.7540248363988553e-11
3152,2587720.0,1111880.0,1320.0,Saturated,,NotOutflow,3168,1,2,5.6385980508840165e-11
3153,2586440.0,1111960.0,1320.0,Saturated,,NotOutflow,4069,1,1,6.325232150437878e-10
3154,2586520.0,1111960.0,1320.0,Unsaturated,,NotOutflow,2208,1,1,0.01
3155,2586680.0,1111960.0,1320.0,Unsaturated,,NotOutflow,-1,0,0,0.01
3156,2586760.0,1111960.0,1320.0,Unsaturated,,NotOutflow,-1,1,0,0.01
3157,2586840.0,1111960.0,1320.0,Unsaturated,,NotOutflow,2209,0,1,0.01
3158,2586920.0,1111960.0,1320.0,Unsaturated,,NotOutflow,2210,1,1,0.01
3159,2587000.0,1111960.0,1320.0,Unsaturated,,NotOutflow,2211,1,1,0.01
3160,2587080.0,1111960.0,1320.0,Unsaturated,,NotOutflow,2212,1,1,0.01
3161,2587160.0,1111960.0,1320.0,Saturated,,NotOutflow,3146,1,2,3.8905771799208087e-10
3162,2587240.0,1111960.0,1320.0,Unsaturated,,NotOutflow,2214,1,1,0.01
3163,2587320.0,1111960.0,1320.0,Unsaturated,,NotOutflow,2215,1,1,0.01
3164,2587400.0,1111960.0,1320.0,Unsaturated,,NotOutflow,2216,1,1,0.01
3165,2587480.0,1111960.0,1320.0,Saturated,,NotOutflow,-1,0,0,0.0
3166,2587560.0,1111960.0,1320.0,Saturated,,NotOutflow,-1,1,0,0.0
3167,2587640.0,1111960.0,1320.0,Unsaturated,,NotOutflow,2219,1,1,0.01
3168,2587720.0,1111960.0,1320.0,Saturated,,NotOutflow,3169,2,2,5.6385980508840165e-11
3169,2587800.0,1111960.0,1320.0,Saturated,,NotOutflow,2221,2,4,5.6385980508840165e-11
3170,2587880.0,1111960.0,1320.0,Unsaturated,,NotOutflow,2222,0,1,0.01
3171,2587960.0,1111960.0,1320.0,Unsaturated,,NotOutflow,2223,1,1,0.01
3172,2586440.0,1112040.0,1320.0,Saturated,,NotOutflow,3153,1,2,6.325232150437878e-10
3173,2586520.0,1112040.0,1320.0,Unsaturated,,NotOutflow,2225,1,1,0.01
3174,2586760.0,1112040.0,1320.0,Saturated,,NotOutflow,3175,1,1,1.7622490630782819e-09
3175,2586840.0,1112040.0,1320.0,Saturated,,NotOutflow,3200,2,1,1.7622490630782819e-09
3176,2586920.0,1112040.0,1320.0,Unsaturated,,NotOutflow,2227,0,1,0.01
3177,2587000.0,1112040.0,1320.0,Unsaturated,,NotOutflow,2228,0,1,0.01
3178,2587080.0,1112040.0,1320.0,Saturated,,NotOutflow,3179,1,1,3.8823024969007713e-10
3179,2587160.0,1112040.0,1320.0,Saturated,,NotOutflow,3161,2,2,7.77287967682158e-10
3180,2587320.0,1112040.0,1320.0,Saturated,,NotOutflow,-1,1,0,0.0
3181,2587400.0,1112040.0,1320.0,Unsaturated,,NotOutflow,2232,1,1,0.01
3182,2587480.0,1112040.0,1320.0,Saturated,,NotOutflow,3205,2,1,9.956978284443661e-14
3183,2587560.0,1112040.0,1320.0,Unsaturated,,NotOutflow,2234,1,1,0.01
3184,2587720.0,1112040.0,1320.0,Unsaturated,,NotOutflow,2236,0,1,0.01
3185,2587800.0,1112040.0,1320.0,Saturated,,NotOutflow,3186,2,3,7.538069154534931e-12
3186,2587880.0,1112040.0,1320.0,Saturated,,NotOutflow,3210,1,1,7.538069154534931e-12
3187,2587960.0,1112040.0,1320.0,Saturated,,NotOutflow,-1,0,0,0.0
3188,2588040.0,1112040.0,1320.0,Saturated,,NotOutflow,-1,0,0,0.0
3189,2588120.0,1112040.0,1320.0,Unsaturated,,NotOutflow,2241,1,1,0.01
3190,2588200.0,1112040.0,1320.0,Unsaturated,,NotOutflow,2242,1,1,0.01
3191,2588280.0,1112040.0,1320.0,Unsaturated,,NotOutflow,2243,1,1,0.01
3192,2588360.0,1112040.0,1320.0,Unsaturated,,NotOutflow,2244,1,1,0.01
3193,2588440.0,1112040.0,1320.0,Unsaturated,,NotOutflow,2245,1,1,0.01
3194,2588520.0,1112040.0,1320.0,Unsaturated,,NotOutflow,-1,1,0,0.01
3195,2586040.0,1112120.0,1320.0,Saturated,,NotOutflow,-1,1,0,0.0
3196,2586120.0,1112120.0,1320.0,Unsaturated,,NotOutflow,2247,1,1,0.01
3197,2586440.0,1112120.0,1320.0,Saturated,,NotOutflow,3172,1,1,7.385807307078659e-10
3198,2586520.0,1112120.0,1320.0,Unsaturated,,NotOutflow,2249,1,1,0.01
3199,2586760.0,1112120.0,1320.0,Unsaturated,,NotOutflow,-1,0,0,0.01
3200,2586840.0,1112120.0,1320.0,Saturated,,NotOutflow,4115,2,1,2.1620767977523855e-09
3201,2586920.0,1112120.0,1320.0,Saturated,,NotOutflow,-1,1,0,0.0
3202,2587000.0,1112120.0,1320.0,Unsaturated,,NotOutflow,2251,1,1,0.01
3203,2587080.0,1112120.0,1320.0,Saturated,,NotOutflow,3204,1,3,7.774721451196944e-10
3204,2587160.0,1112120.0,1320.0,Saturated,,NotOutflow,3179,2,1,7.774721451196944e-10
3205,2587480.0,1112120.0,1320.0,Saturated,,NotOutflow,3182,2,3,9.956978284443661e-14
3206,2587560.0,1112120.0,1320.0,Saturated,,NotOutflow,3205,2,2,9.956978284443661e-14
3207,2587640.0,1112120.0,1320.0,Saturated,,NotOutflow,3206,3,2,9.956978284443661e-14
3208,2587720.0,1112120.0,1320.0,Saturated,,NotOutflow,3207,2,2,9.956978284443661e-14
3209,2587800.0,1112120.0,1320.0,Saturated,,NotOutflow,3210,2,2,5.775490940314518e-12
3210,2587880.0,1112120.0,1320.0,Saturated,,NotOutflow,3236,2,1,1.3313560094849449e-11
3211,2588200.0,1112120.0,1320.0,Unsaturated,,NotOutflow,2262,1,1,0.01
3212,2588280.0,1112120.0,1320.0,Unsaturated,,NotOutflow,2263,1,1,0.01
3213,2588360.0,1112120.0,1320.0,Unsaturated,,NotOutflow,2264,1,1,0.01
3214,2588440.0,1112120.0,1320.0,Saturated,,NotOutflow,-1,1,0,0.0
3215,2588520.0,1112120.0,1320.0,Saturated,,NotOutflow,-1,1,0,0.0
3216,2588600.0,1112120.0,1320.0,Unsaturated,,NotOutflow,2267,1,1,0.01
3217,2588680.0,1112120.0,1320.0,Unsaturated,,NotOutflow,2268,1,1,0.01
3218,2588760.0,1112120.0,1320.0,Unsaturated,,NotOutflow,2269,1,1,0.01
3219,2588840.0,1112120.0,1320.0,Saturated,,NotOutflow,-1,1,0,0.0
3220,2588920.0,1112120.0,1320.0,Unsaturated,,NotOutflow,2271,1,1,0.01
3221,2589000.0,1112120.0,1320.0,Unsaturated,,NotOutflow,2272,1,1,0.01
3222,2586040.0,1112200.0,1320.0,Unsaturated,,NotOutflow,2273,1,1,0.01
3223,2586120.0,1112200.0,1320.0,Unsaturated,,NotOutflow,2274,1,1,0.01
3224,2586200.0,1112200.0,1320.0,Unsaturated,,NotOutflow,2275,1,1,0.01
3225,2586280.0,1112200.0,1320.0,Unsaturated,,NotOutflow,2276,1,1,0.01
3226,2586440.0,1112200.0,1320.0,Unsaturated,,NotOutflow,2277,0,1,0.01
3227,2586760.0,1112200.0,1320.0,Unsaturated,,NotOutflow,-1,0,0,0.01
3228,2586840.0,1112200.0,1320.0,Unsaturated,,NotOutflow,-1,0,0,0.01
3229,2586920.0,1112200.0,1320.0,Unsaturated,,NotOutflow,2278,0,1,0.01
3230,2587000.0,1112200.0,1320.0,Unsaturated,,NotOutflow,2279,1,1,0.01
3231,2587080.0,1112200.0,1320.0,Saturated,,NotOutflow,3203,1,2,1.550803686363266e-09
3232,2587160.0,1112200.0,1320.0,Unsaturated,,NotOutflow,2281,1,1,0.01
3233,2587240.0,1112200.0,1320.0,Unsaturated,,NotOutflow,2282,1,1,0.01
3234,2587720.0,1112200.0,1320.0,Saturated,,NotOutflow,3235,1,1,3.9058329889883024e-14
3235,2587800.0,1112200.0,1320.0,Saturated,,NotOutflow,4152,4,3,6.513080828239104e-08
3236,2587880.0,1112200.0,1320.0,Saturated,,NotOutflow,3262,3,4,7.099877898240461e-09
3237,2587960.0,1112200.0,1320.0,Saturated,,NotOutflow,4154,4,3,1.0058482377545652e-11
3238,2588040.0,1112200.0,1320.0,Saturated,,NotOutflow,2287,2,2,1.3141780973274587e-12
3239,2588680.0,1112200.0,1320.0,Unsaturated,,NotOutflow,2289,1,1,0.01
3240,2588760.0,1112200.0,1320.0,Unsaturated,,NotOutflow,2290,1,1,0.01
3241,2588840.0,1112200.0,1320.0,Unsaturated,,NotOutflow,2291,1,1,0.01
3242,2588920.0,1112200.0,1320.0,Unsaturated,,NotOutflow,2292,1,1,0.01
3243,2589000.0,1112200.0,1320.0,Saturated,,NotOutflow,-1,0,0,0.0
3244,2589080.0,1112200.0,1320.0,Unsaturated,,NotOutflow,2294,1,1,0.01
3245,2589160.0,1112200.0,1320.0,Unsaturated,,NotOutflow,2295,1,1,0.01
3246,2589240.0,1112200.0,1320.0,Saturated,,NotOutflow,-1,1,0,0.0
3247,2589320.0,1112200.0,1320.0,Unsaturated,,NotOutflow,2297,0,1,0.01
3248,2589400.0,1112200.0,1320.0,Unsaturated,,NotOutflow,2298,1,1,0.01
3249,2589480.0,1112200.0,1320.0,Unsaturated,,NotOutflow,2299,1,1,0.01
3250,2589560.0,1112200.0,1320.0,Unsaturated,,NotOutflow,2300,1,1,0.01
3251,2586200.0,1112280.0,1320.0,Unsaturated,,NotOutflow,2301,1,1,0.01
3252,2586280.0,1112280.0,1320.0,Unsaturated,,NotOutflow,2302,1,1,0.01
3253,2586360.0,1112280.0,1320.0,Unsaturated,,NotOutflow,2303,0,1,0.01
3254,2586440.0,1112280.0,1320.0,Saturated,,NotOutflow,4171,1,1,1.7857015933620742e-15
3255,2586840.0,1112280.0,1320.0,Saturated,,NotOutflow,3256,1,1,1.3471190998205031e-08
3256,2586920.0,1112280.0,1320.0,Saturated,,NotOutflow,3285,1,1,1.3471190998205031e-08
3257,2587000.0,1112280.0,1320.0,Unsaturated,,NotOutflow,2305,0,1,0.01
3258,2587080.0,1112280.0,1320.0,Saturated,,NotOutflow,3231,1,2,2.9359654180409956e-09
3259,2587240.0,1112280.0,1320.0,Saturated,,NotOutflow,-1,0,0,0.0
3260,2587320.0,1112280.0,1320.0,Unsaturated,,NotOutflow,2309,1,1,0.01
3261,2587800.0,1112280.0,1320.0,Unsaturated,,NotOutflow,-1,0,0,0.01
3262,2587880.0,1112280.0,1320.0,Saturated,,NotOutflow,3292,1,1,7.099877898240461e-09
3263,2587960.0,1112280.0,1320.0,Saturated,,NotOutflow,3264,2,2,5.090792520193461e-13
3264,2588040.0,1112280.0,1320.0,Saturated,,NotOutflow,3238,4,3,1.6147721625257107e-12
3265,2588120.0,1112280.0,1320.0,Saturated,,NotOutflow,3264,2,1,1.6147721625257107e-12
3266,2588200.0,1112280.0,1320.0,Saturated,,NotOutflow,3265,2,1,1.6147721625257107e-12
3267,2588280.0,1112280.0,1320.0,Saturated,,NotOutflow,3266,1,1,1.3141780973274587e-12
3268,2588360.0,1112280.0,1320.0,Unsaturated,,NotOutflow,2316,1,1,0.01
3269,2589240.0,1112280.0,1320.0,Unsaturated,,NotOutflow,2317,1,1,0.01
3270,2589320.0,1112280.0,1320.0,Unsaturated,,NotOutflow,2318,1,1,0.01
3271,2589400.0,1112280.0,1320.0,Unsaturated,,NotOutflow,2319,1,1,0.01
3272,2589480.0,1112280.0,1320.0,Saturated,,NotOutflow,-1,0,0,0.0
3273,2589560.0,1112280.0,1320.0,Unsaturated,,NotOutflow,2321,1,1,0.01
3274,2589640.0,1112280.0,1320.0,Unsaturated,,NotOutflow,2322,1,1,0.01
3275,2589720.0,1112280.0,1320.0,Saturated,,NotOutflow,-1,0,0,0.0
3276,2589800.0,1112280.0,1320.0,Unsaturated,,NotOutflow,2324,1,1,0.01
3277,2589880.0,1112280.0,1320.0,Unsaturated,,NotOutflow,2325,1,1,0.01
3278,2589960.0,1112280.0,1320.0,Unsaturated,,NotOutflow,2326,1,1,0.01
3279,2590040.0,1112280.0,1320.0,Unsaturated,,NotOutflow,2327,1,1,0.01
3280,2586360.0,1112360.0,1320.0,Unsaturated,,NotOutflow,2328,0,1,0.01
3281,2586440.0,1112360.0,1320.0,Saturated,,NotOutflow,4202,2,2,6.163062024589923e-13
3282,2586520.0,1112360.0,1320.0,Saturated,,NotOutflow,3283,2,3,6.864344581204185e-13
3283,2586600.0,1112360.0,1320.0,Saturated,,NotOutflow,3282,2,3,3.5736590423135415e-13
3284,2586840.0,1112360.0,1320.0,Unsaturated,,NotOutflow,-1,0,0,0.01
3285,2586920.0,1112360.0,1320.0,Saturated,,NotOutflow,3286,1,1,1.3471190998205031e-08
3286,2587000.0,1112360.0,1320.0,Saturated,,NotOutflow,3322,2,2,1.3471190998205031e-08
3287,2587080.0,1112360.0,1320.0,Saturated,,NotOutflow,3258,1,1,4.293660672901017e-09
3288,2587160.0,1112360.0,1320.0,Unsaturated,,NotOutflow,2334,1,1,0.01
3289,2587240.0,1112360.0,1320.0,Unsaturated,,NotOutflow,2335,1,1,0.01
3290,2587320.0,1112360.0,1320.0,Saturated,,NotOutflow,-1,1,0,0.0
3291,2587400.0,1112360.0,1320.0,Unsaturated,,NotOutflow,2337,0,1,0.01
3292,2587880.0,1112360.0,1320.0,Saturated,,NotOutflow,3293,2,1,1.0185150310850798e-08
3293,2587960.0,1112360.0,1320.0,Saturated,,NotOutflow,3328,1,1,1.0185150310850798e-08
3294,2588040.0,1112360.0,1320.0,Saturated,,NotOutflow,4215,2,2,5.090792520193461e-13
3295,2588120.0,1112360.0,1320.0,Saturated,,NotOutflow,3294,3,2,1.797036076696925e-13
3296,2588200.0,1112360.0,1320.0,Unsaturated,,NotOutflow,2342,1,1,0.01
3297,2588280.0,1112360.0,1320.0,Saturated,,NotOutflow,4218,1,3,7.052211246673286e-11
3298,2588360.0,1112360.0,1320.0,Saturated,,NotOutflow,3297,4,2,9.441687686769009e-11
3299,2588440.0,1112360.0,1320.0,Saturated,,NotOutflow,3298,2,2,8.201873842640242e-11
3300,2588520.0,1112360.0,1320.0,Saturated,,NotOutflow,3299,1,1,1.4640570046031884e-11
3301,2588600.0,1112360.0,1320.0,Saturated,,NotOutflow,3300,2,1,1.4640570046031884e-11
3302,2588680.0,1112360.0,1320.0,Unsaturated,,NotOutflow,2348,0,1,0.01
3303,2589720.0,1112360.0,1320.0,Unsaturated,,NotOutflow,2349,0,1,0.01
3304,2589800.0,1112360.0,1320.0,Unsaturated,,NotOutflow,2350,1,1,0.01
3305,2589880.0,1112360.0,1320.0,Unsaturated,,NotOutflow,2351,1,1,0.01
3306,2589960.0,1112360.0,1320.0,Unsaturated,,NotOutflow,2352,1,1,0.01
3307,2590040.0,1112360.0,1320.0,Saturated,,NotOutflow,-1,0,0,0.0
3308,2590120.0,1112360.0,1320.0,Saturated,,NotOutflow,-1,0,0,0.0
3309,2590200.0,1112360.0,1320.0,Unsaturated,,NotOutflow,2355,1,1,0.01
3310,2590280.0,1112360.0,1320.0,Unsaturated,,NotOutflow,2356,1,1,0.01
3311,2590360.0,1112360.0,1320.0,Unsaturated,,NotOutflow,2357,1,1,0.01
3312,2590440.0,1112360.0,1320.0,Unsaturated,,NotOutflow,2358,1,1,0.01
3313,2590520.0,1112360.0,1320.0,Unsaturated,,NotOutflow,2359,1,1,0.01
3314,2590600.0,1112360.0,1320.0,Unsaturated,,NotOutflow,-1,1,0,0.01
3315,2586360.0,1112440.0,1320.0,Unsaturated,,NotOutflow,2360,0,1,0.01
3316,2586440.0,1112440.0,1320.0,Unsaturated,,NotOutflow,2361,1,1,0.01
3317,2586520.0,1112440.0,1320.0,Saturated,,NotOutflow,4236,1,1,9.131200417990577e-15
3318,2586600.0,1112440.0,1320.0,Saturated,,NotOutflow,2363,2,6,1.2135312772789305e-13
3319,2586680.0,1112440.0,1320.0,Saturated,,NotOutflow,4238,1,1,3.440096919844927e-14
3320,2586760.0,1112440.0,1320.0,Unsaturated,,NotOutflow,2365,0,1,0.01
3321,2586920.0,1112440.0,1320.0,Saturated,,NotOutflow,3322,1,1,1.5252864217497593e-09
3322,2587000.0,1112440.0,1320.0,Saturated,,NotOutflow,3357,4,3,7.268528815942247e-09
3323,2587080.0,1112440.0,1320.0,Saturated,,NotOutflow,3322,2,1,1.2156653998071617e-13
3324,2587160.0,1112440.0,1320.0,Unsaturated,,NotOutflow,2368,1,1,0.01
3325,2587240.0,1112440.0,1320.0,Unsaturated,,NotOutflow,2369,1,1,0.01
3326,2587320.0,1112440.0,1320.0,Unsaturated,,NotOutflow,2370,0,1,0.01
3327,2587400.0,1112440.0,1320.0,Unsaturated,,NotOutflow,2371,1,1,0.01
3328,2587960.0,1112440.0,1320.0,Saturated,,NotOutflow,3364,2,1,1.0185150310850798e-08
3329,2588040.0,1112440.0,1320.0,Unsaturated,,NotOutflow,2374,0,1,0.01
3330,2588120.0,1112440.0,1320.0,Saturated,,NotOutflow,4250,2,2,3.357422575743203e-12
3331,2588200.0,1112440.0,1320.0,Saturated,,NotOutflow,3330,3,1,3.5371261681257706e-12
3332,2588360.0,1112440.0,1320.0,Saturated,,NotOutflow,3298,1,2,3.2607835903398857e-12
3333,2588440.0,1112440.0,1320.0,Saturated,,NotOutflow,3369,2,3,1.9635916306746644e-11
3334,2588520.0,1112440.0,1320.0,Unsaturated,,NotOutflow,2380,0,1,0.01
3335,2588600.0,1112440.0,1320.0,Saturated,,NotOutflow,3301,1,1,1.4640570046031884e-11
3336,2588680.0,1112440.0,1320.0,Unsaturated,,NotOutflow,2382,0,1,0.01
3337,2588760.0,1112440.0,1320.0,Unsaturated,,NotOutflow,2383,0,1,0.01
3338,2588840.0,1112440.0,1320.0,Unsaturated,,NotOutflow,2384,0,1,0.01
3339,2588920.0,1112440.0,1320.0,Unsaturated,,NotOutflow,2385,1,1,0.01
3340,2590280.0,1112440.0,1320.0,Unsaturated,,NotOutflow,2386,1,1,0.01
3341,2590360.0,1112440.0,1320.0,Unsaturated,,NotOutflow,2387,1,1,0.01
3342,2590440.0,1112440.0,1320.0,Unsaturated,,NotOutflow,2388,1,1,0.01
3343,2590520.0,1112440.0,1320.0,Saturated,,NotOutflow,-1,0,0,0.0
3344,2590600.0,1112440.0,1320.0,Saturated,,NotOutflow,-1,0,0,0.0
3345,2590680.0,1112440.0,1320.0,Unsaturated,,NotOutflow,2391,1,1,0.01
3346,2590760.0,1112440.0,1320.0,Unsaturated,,NotOutflow,2392,0,1,0.01
3347,2590840.0,1112440.0,1320.0,Unsaturated,,NotOutflow,2393,1,1,0.01
3348,2590920.0,1112440.0,1320.0,Unsaturated,,NotOutflow,2394,1,1,0.01
3349,2591000.0,1112440.0,1320.0,Unsaturated,,NotOutflow,2395,1,1,0.01
3350,2586360.0,1112520.0,1320.0,Unsaturated,,NotOutflow,2396,0,1,0.01
3351,2586440.0,1112520.0,1320.0,Unsaturated,,NotOutflow,2397,1,1,0.01
3352,2586600.0,1112520.0,1320.0,Saturated,,NotOutflow,3353,2,1,7.77185647997516e-15
3353,2586680.0,1112520.0,1320.0,Saturated,,NotOutflow,3384,2,1,7.77185647997516e-15
3354,2586760.0,1112520.0,1320.0,Saturated,,NotOutflow,3355,1,1,1.756257208798577e-14
3355,2586840.0,1112520.0,1320.0,Saturated,,NotOutflow,4277,1,1,1.756257208798577e-14
3356,2586920.0,1112520.0,1320.0,Unsaturated,,NotOutflow,2401,0,1,0.01
3357,2587000.0,1112520.0,1320.0,Saturated,,NotOutflow,3388,2,2,7.268528815942247e-09
3358,2587080.0,1112520.0,1320.0,Saturated,,NotOutflow,3323,2,1,1.2156653998071617e-13
3359,2587160.0,1112520.0,1320.0,Unsaturated,,NotOutflow,2404,0,1,0.01
3360,2587240.0,1112520.0,1320.0,Saturated,,NotOutflow,-1,1,0,0.0
3361,2587320.0,1112520.0,1320.0,Unsaturated,,NotOutflow,2406,0,1,0.01
3362,2587400.0,1112520.0,1320.0,Saturated,,NotOutflow,-1,0,0,0.0
3363,2587480.0,1112520.0,1320.0,Unsaturated,,NotOutflow,2408,1,1,0.01
3364,2587960.0,1112520.0,1320.0,Saturated,,NotOutflow,4285,1,1,1.0185150310850798e-08
3365,2588040.0,1112520.0,1320.0,Saturated,,NotOutflow,-1,1,0,0.0
3366,2588120.0,1112520.0,1320.0,Unsaturated,,NotOutflow,1414,0,1,0.01
3367,2588200.0,1112520.0,1320.0,Saturated,,NotOutflow,4288,4,2,4.467228283836261e-12
3368,2588280.0,1112520.0,1320.0,Saturated,,NotOutflow,3367,1,1,1.3253248975675814e-19
3369,2588440.0,1112520.0,1320.0,Saturated,,NotOutflow,4290,2,3,1.1736459274837359e-11
3370,2588520.0,1112520.0,1320.0,Saturated,,NotOutflow,3369,3,2,6.058068901042197e-12
3371,2588760.0,1112520.0,1320.0,Unsaturated,,NotOutflow,2415,1,1,0.01
3372,2588840.0,1112520.0,1320.0,Unsaturated,,NotOutflow,2416,1,1,0.01
3373,2588920.0,1112520.0,1320.0,Saturated,,NotOutflow,-1,1,0,0.0
3374,2589000.0,1112520.0,1320.0,Saturated,,NotOutflow,-1,1,0,0.0
3375,2589080.0,1112520.0,1320.0,Unsaturated,,NotOutflow,2419,1,1,0.01
3376,2589160.0,1112520.0,1320.0,Unsaturated,,NotOutflow,2420,1,1,0.01
3377,2589240.0,1112520.0,1320.0,Unsaturated,,NotOutflow,2421,1,1,0.01
3378,2590760.0,1112520.0,1320.0,Unsaturated,,NotOutflow,2422,1,1,0.01
3379,2590840.0,1112520.0,1320.0,Unsaturated,,NotOutflow,2423,1,1,0.01
3380,2590920.0,1112520.0,1320.0,Unsaturated,,NotOutflow,2424,1,1,0.01
3381,2591000.0,1112520.0,1320.0,Saturated,,NotOutflow,-1,0,0,0.0
3382,2586360.0,1112600.0,1320.0,Saturated,,NotOutflow,-1,0,0,0.0
3383,2586440.0,1112600.0,1320.0,Unsaturated,,NotOutflow,2427,0,1,0.01
3384,2586680.0,1112600.0,1320.0,Saturated,,NotOutflow,3385,2,1,7.77185647997516e-15
3385,2586760.0,1112600.0,1320.0,Saturated,,NotOutflow,3411,2,1,7.77185647997516e-15
3386,2586840.0,1112600.0,1320.0,Unsaturated,,NotOutflow,2429,0,1,0.01
3387,2586920.0,1112600.0,1320.0,Unsaturated,,NotOutflow,2430,0,1,0.01
3388,2587000.0,1112600.0,1320.0,Saturated,,NotOutflow,4309,3,2,7.268528815942247e-09
3389,2587080.0,1112600.0,1320.0,Saturated,,NotOutflow,3358,1,1,1.2156653998071617e-13
3390,2587160.0,1112600.0,1320.0,Saturated,,NotOutflow,3389,2,1,1.2156653998071617e-13
3391,2587240.0,1112600.0,1320.0,Unsaturated,,NotOutflow,2434,1,1,0.01
3392,2587320.0,1112600.0,1320.0,Unsaturated,,NotOutflow,2435,1,1,0.01
3393,2587400.0,1112600.0,1320.0,Saturated,,NotOutflow,-1,0,0,0.0
3394,2587480.0,1112600.0,1320.0,Saturated,,NotOutflow,4315,2,2,3.7106040316607053e-10
3395,2587560.0,1112600.0,1320.0,Unsaturated,,NotOutflow,2438,0,1,0.01
3396,2587960.0,1112600.0,1320.0,Unsaturated,,NotOutflow,-1,1,0,0.01
3397,2588040.0,1112600.0,1320.0,Unsaturated,,NotOutflow,2439,1,1,0.01
3398,2588200.0,1112600.0,1320.0,Saturated,,NotOutflow,3367,1,1,4.218548658045332e-19
3399,2588280.0,1112600.0,1320.0,Saturated,,NotOutflow,3398,2,3,4.218548658045332e-19
3400,2588360.0,1112600.0,1320.0,Saturated,,NotOutflow,3399,1,1,1.4806932848922848e-19
3401,2588520.0,1112600.0,1320.0,Saturated,,NotOutflow,3370,2,1,2.2480239433566576e-13
3402,2588600.0,1112600.0,1320.0,Saturated,,NotOutflow,3401,2,1,2.1812518171749126e-13
3403,2589080.0,1112600.0,1320.0,Unsaturated,,NotOutflow,2446,1,1,0.01
3404,2589160.0,1112600.0,1320.0,Unsaturated,,NotOutflow,2447,1,1,0.01
3405,2589240.0,1112600.0,1320.0,Unsaturated,,NotOutflow,2448,1,1,0.01
3406,2589320.0,1112600.0,1320.0,Unsaturated,,NotOutflow,2449,1,1,0.01
3407,2589400.0,1112600.0,1320.0,Saturated,,NotOutflow,-1,1,0,0.0
3408,2589480.0,1112600.0,1320.0,Unsaturated,,NotOutflow,2451,1,1,0.01
3409,2589560.0,1112600.0,1320.0,Unsaturated,,NotOutflow,2452,1,1,0.01
3410,2586360.0,1112680.0,1320.0,Unsaturated,,NotOutflow,2453,1,1,0.01
3411,2586760.0,1112680.0,1320.0,Saturated,,NotOutflow,4332,1,1,7.77185647997516e-15
3412,2586840.0,1112680.0,1320.0,Unsaturated,,NotOutflow,2454,1,1,0.01
3413,2586920.0,1112680.0,1320.0,Unsaturated,,NotOutflow,2455,0,1,0.01
3414,2587000.0,1112680.0,1320.0,Saturated,,NotOutflow,3388,2,1,1.1467638736557878e-11
3415,2587080.0,1112680.0,1320.0,Saturated,,NotOutflow,3414,1,1,1.1467638736557878e-11
3416,2587160.0,1112680.0,1320.0,Saturated,,NotOutflow,3390,1,1,1.2156653998071617e-13
3417,2587240.0,1112680.0,1320.0,Saturated,,NotOutflow,3416,1,1,1.2156653998071617e-13
3418,2587320.0,1112680.0,1320.0,Unsaturated,,NotOutflow,2460,1,1,0.01
3419,2587400.0,1112680.0,1320.0,Unsaturated,,NotOutflow,2461,1,1,0.01
3420,2587480.0,1112680.0,1320.0,Saturated,,NotOutflow,4341,1,1,7.156468621281888e-10
3421,2587560.0,1112680.0,1320.0,Saturated,,NotOutflow,3420,1,1,7.156468621281888e-10
3422,2587640.0,1112680.0,1320.0,Unsaturated,,NotOutflow,2464,1,1,0.01
3423,2588040.0,1112680.0,1320.0,Saturated,,NotOutflow,-1,1,0,0.0
3424,2588120.0,1112680.0,1320.0,Unsaturated,,NotOutflow,2466,1,1,0.01
3425,2588280.0,1112680.0,1320.0,Saturated,,NotOutflow,4345,1,2,9.963367476812865e-19
3426,2588360.0,1112680.0,1320.0,Saturated,,NotOutflow,3425,2,2,1.550724103242578e-18
3427,2588600.0,1112680.0,1320.0,Saturated,,NotOutflow,3402,2,1,2.1812518171749126e-13
3428,2588680.0,1112680.0,1320.0,Saturated,,NotOutflow,3427,3,1,1.8405722767086887e-13
3429,2589400.0,1112680.0,1320.0,Unsaturated,,NotOutflow,2472,1,1,0.01
3430,2589480.0,1112680.0,1320.0,Saturated,,NotOutflow,-1,1,0,0.0
3431,2589560.0,1112680.0,1320.0,Unsaturated,,NotOutflow,2474,1,1,0.01
3432,2589640.0,1112680.0,1320.0,Unsaturated,,NotOutflow,2475,1,1,0.01
3433,2589720.0,1112680.0,1320.0,Unsaturated,,NotOutflow,2476,1,1,0.01
3434,2589800.0,1112680.0,1320.0,Unsaturated,,NotOutflow,2477,1,1,0.01
3435,2586280.0,1112760.0,1320.0,Unsaturated,,NotOutflow,-1,1,0,0.01
3436,2586360.0,1112760.0,1320.0,Unsaturated,,NotOutflow,2478,1,1,0.01
3437,2586840.0,1112760.0,1320.0,Unsaturated,,NotOutflow,2479,0,1,0.01
3438,2586920.0,1112760.0,1320.0,Unsaturated,,NotOutflow,2480,0,1,0.01
3439,2587000.0,1112760.0,1320.0,Unsaturated,,NotOutflow,2481,1,1,0.01
3440,2587080.0,1112760.0,1320.0,Saturated,,NotOutflow,3415,2,1,1.1467638736557878e-11
3441,2587160.0,1112760.0,1320.0,Unsaturated,,NotOutflow,2483,0,1,0.01
3442,2587240.0,1112760.0,1320.0,Saturated,,NotOutflow,4363,1,2,1.599121119289792e-13
3443,2587320.0,1112760.0,1320.0,Saturated,,NotOutflow,-1,1,0,0.0
3444,2587400.0,1112760.0,1320.0,Unsaturated,,NotOutflow,2486,0,1,0.01
3445,2587480.0,1112760.0,1320.0,Saturated,,NotOutflow,3446,1,1,5.185807274607729e-09
3446,2587560.0,1112760.0,1320.0,Saturated,,NotOutflow,2488,3,2,5.406968246655989e-09
3447,2587640.0,1112760.0,1320.0,Saturated,,NotOutflow,3472,2,1,3.790612767422762e-11
3448,2588040.0,1112760.0,1320.0,Unsaturated,,NotOutflow,2492,1,1,0.01
3449,2588120.0,1112760.0,1320.0,Saturated,,NotOutflow,-1,1,0,0.0
3450,2588360.0,1112760.0,1320.0,Saturated,,NotOutflow,3426,1,1,1.6987934317318065e-18
3451,2588440.0,1112760.0,1320.0,Saturated,,NotOutflow,3450,1,1,1.6987934317318065e-18
3452,2588600.0,1112760.0,1320.0,Unsaturated,,NotOutflow,1505,0,1,0.01
3453,2588680.0,1112760.0,1320.0,Saturated,,NotOutflow,4375,1,2,2.323210935987107e-13
3454,2588760.0,1112760.0,1320.0,Saturated,,NotOutflow,3453,1,1,2.761699333452719e-13
3455,2589640.0,1112760.0,1320.0,Unsaturated,,NotOutflow,-1,1,0,0.01
3456,2589720.0,1112760.0,1320.0,Unsaturated,,NotOutflow,2499,1,1,0.01
3457,2589800.0,1112760.0,1320.0,Saturated,,NotOutflow,-1,0,0,0.0
3458,2589880.0,1112760.0,1320.0,Unsaturated,,NotOutflow,2501,1,1,0.01
3459,2589960.0,1112760.0,1320.0,Unsaturated,,NotOutflow,2502,1,1,0.01
3460,2590040.0,1112760.0,1320.0,Saturated,,NotOutflow,-1,0,0,0.0
3461,2590120.0,1112760.0,1320.0,Unsaturated,,NotOutflow,2504,1,1,0.01
3462,2586280.0,1112840.0,1320.0,Unsaturated,,NotOutflow,2505,1,1,0.01
3463,2586360.0,1112840.0,1320.0,Unsaturated,,NotOutflow,2506,1,1,0.01
3464,2586840.0,1112840.0,1320.0,Unsaturated,,NotOutflow,-1,0,0,0.01
3465,2586920.0,1112840.0,1320.0,Unsaturated,,NotOutflow,2507,0,1,0.01
3466,2587000.0,1112840.0,1320.0,Unsaturated,,NotOutflow,2508,1,1,0.01
3467,2587080.0,1112840.0,1320.0,Unsaturated,,NotOutflow,2509,0,1,0.01
3468,2587320.0,1112840.0,1320.0,Unsaturated,,NotOutflow,2511,1,1,0.01
3469,2587400.0,1112840.0,1320.0,Saturated,,NotOutflow,3470,2,2,1.7247670874646945e-15
3470,2587480.0,1112840.0,1320.0,Saturated,,NotOutflow,2513,2,3,1.7247670874646945e-15
3471,2587560.0,1112840.0,1320.0,Saturated,,NotOutflow,3446,1,1,2.2116097204826e-10
3472,2587640.0,1112840.0,1320.0,Saturated,,NotOutflow,3473,1,1,3.790612767422762e-11
3473,2587720.0,1112840.0,1320.0,Saturated,,NotOutflow,3500,4,2,3.8592661023442775e-09
3474,2587800.0,1112840.0,1320.0,Unsaturated,,NotOutflow,2517,0,1,0.01
3475,2588120.0,1112840.0,1320.0,Unsaturated,,NotOutflow,2519,0,1,0.01
3476,2588200.0,1112840.0,1320.0,Saturated,,NotOutflow,-1,1,0,0.0
3477,2588440.0,1112840.0,1320.0,Saturated,,NotOutflow,3451,1,2,1.6987934317318065e-18
3478,2588520.0,1112840.0,1320.0,Saturated,,NotOutflow,3477,2,1,2.515842775501883e-18
3479,2588680.0,1112840.0,1320.0,Unsaturated,,NotOutflow,1536,0,1,0.01
3480,2588760.0,1112840.0,1320.0,Unsaturated,,NotOutflow,2524,1,1,0.01
3481,2588840.0,1112840.0,1320.0,Unsaturated,,NotOutflow,2525,0,1,0.01
3482,2589960.0,1112840.0,1320.0,Unsaturated,,NotOutflow,2526,1,1,0.01
3483,2590040.0,1112840.0,1320.0,Unsaturated,,NotOutflow,2527,1,1,0.01
3484,2590120.0,1112840.0,1320.0,Unsaturated,,NotOutflow,2528,1,1,0.01
3485,2590200.0,1112840.0,1320.0,Saturated,,NotOutflow,-1,0,0,0.0
3486,2590280.0,1112840.0,1320.0,Unsaturated,,NotOutflow,2530,0,1,0.01
3487,2590360.0,1112840.0,1320.0,Unsaturated,,NotOutflow,2531,1,1,0.01
3488,2590440.0,1112840.0,1320.0,Unsaturated,,NotOutflow,2532,0,1,0.01
3489,2586280.0,1112920.0,1320.0,Unsaturated,,NotOutflow,2533,1,1,0.01
3490,2586360.0,1112920.0,1320.0,Unsaturated,,NotOutflow,2534,1,1,0.01
3491,2586840.0,1112920.0,1320.0,Unsaturated,,NotOutflow,2535,1,1,0.01
3492,2586920.0,1112920.0,1320.0,Unsaturated,,NotOutflow,2536,0,1,0.01
3493,2587000.0,1112920.0,1320.0,Saturated,,NotOutflow,4412,3,2,9.86921325299683e-10
3494,2587080.0,1112920.0,1320.0,Saturated,,NotOutflow,2538,2,2,7.888837414454493e-11
3495,2587320.0,1112920.0,1320.0,Unsaturated,,NotOutflow,1553,1,1,0.01
3496,2587400.0,1112920.0,1320.0,Unsaturated,,NotOutflow,2541,1,1,0.01
3497,2587480.0,1112920.0,1320.0,Unsaturated,,NotOutflow,2542,1,1,0.01
3498,2587560.0,1112920.0,1320.0,Unsaturated,,NotOutflow,2543,0,1,0.01
3499,2587640.0,1112920.0,1320.0,Unsaturated,,NotOutflow,2544,0,1,0.01
3500,2587720.0,1112920.0,1320.0,Saturated,,NotOutflow,3501,3,2,3.8592661023442775e-09
3501,2587800.0,1112920.0,1320.0,Saturated,,NotOutflow,3502,4,3,3.6286291656567942e-09
3502,2587880.0,1112920.0,1320.0,Saturated,,NotOutflow,3531,3,2,3.6286291656567942e-09
3503,2588120.0,1112920.0,1320.0,Unsaturated,,NotOutflow,2550,1,1,0.01
3504,2588200.0,1112920.0,1320.0,Unsaturated,,NotOutflow,2551,0,1,0.01
3505,2588520.0,1112920.0,1320.0,Saturated,,NotOutflow,3478,2,2,2.515842775501883e-18
3506,2588600.0,1112920.0,1320.0,Saturated,,NotOutflow,3505,2,1,2.79936189626142e-18
3507,2588680.0,1112920.0,1320.0,Unsaturated,,NotOutflow,2554,1,1,0.01
3508,2588760.0,1112920.0,1320.0,Unsaturated,,NotOutflow,2555,1,1,0.01
3509,2588840.0,1112920.0,1320.0,Unsaturated,,NotOutflow,2556,1,1,0.01
3510,2588920.0,1112920.0,1320.0,Unsaturated,,NotOutflow,2557,0,1,0.01
3511,2590280.0,1112920.0,1320.0,Unsaturated,,NotOutflow,2558,1,1,0.01
3512,2590360.0,1112920.0,1320.0,Unsaturated,,NotOutflow,2559,0,1,0.01
3513,2590440.0,1112920.0,1320.0,Saturated,,NotOutflow,-1,1,0,0.0
3514,2590520.0,1112920.0,1320.0,Saturated,,NotOutflow,-1,0,0,0.0
3515,2590600.0,1112920.0,1320.0,Unsaturated,,NotOutflow,2562,0,1,0.01
3516,2590680.0,1112920.0,1320.0,Unsaturated,,NotOutflow,2563,0,1,0.01
3517,2586280.0,1113000.0,1320.0,Saturated,,NotOutflow,-1,0,0,0.0
3518,2586360.0,1113000.0,1320.0,Unsaturated,,NotOutflow,2565,1,1,0.01
3519,2586840.0,1113000.0,1320.0,Unsaturated,,NotOutflow,2566,1,1,0.01
3520,2586920.0,1113000.0,1320.0,Unsaturated,,NotOutflow,2567,1,1,0.01
3521,2587000.0,1113000.0,1320.0,Saturated,,NotOutflow,3493,1,1,1.987718355197008e-10
3522,2587080.0,1113000.0,1320.0,Unsaturated,,NotOutflow,2568,0,1,0.01
3523,2587160.0,1113000.0,1320.0,Unsaturated,,NotOutflow,2569,1,1,0.01
3524,2587240.0,1113000.0,1320.0,Unsaturated,,NotOutflow,2570,0,1,0.01
3525,2587400.0,1113000.0,1320.0,Unsaturated,,NotOutflow,1584,1,1,0.01
3526,2587480.0,1113000.0,1320.0,Unsaturated,,NotOutflow,2572,1,1,0.01
3527,2587560.0,1113000.0,1320.0,Unsaturated,,NotOutflow,2573,1,1,0.01
3528,2587640.0,1113000.0,1320.0,Unsaturated,,NotOutflow,2574,1,1,0.01
3529,2587720.0,1113000.0,1320.0,Unsaturated,,NotOutflow,2575,1,1,0.01
3530,2587800.0,1113000.0,1320.0,Saturated,,NotOutflow,3501,1,1,5.181084979007394e-11
3531,2587880.0,1113000.0,1320.0,Saturated,,NotOutflow,4445,2,4,1.971572400105125e-09
3532,2587960.0,1113000.0,1320.0,Saturated,,NotOutflow,4446,1,1,1.593624967648159e-09
3533,2588040.0,1113000.0,1320.0,Unsaturated,,NotOutflow,2579,0,1,0.01
3534,2588200.0,1113000.0,1320.0,Unsaturated,,NotOutflow,2581,1,1,0.01
3535,2588280.0,1113000.0,1320.0,Unsaturated,,NotOutflow,2582,0,1,0.01
3536,2588600.0,1113000.0,1320.0,Saturated,,NotOutflow,3506,1,1,1.1193576652074217e-18
3537,2588680.0,1113000.0,1320.0,Saturated,,NotOutflow,4451,1,2,1.3720400274186683e-18
3538,2588760.0,1113000.0,1320.0,Unsaturated,,NotOutflow,2584,1,1,0.01
3539,2588840.0,1113000.0,1320.0,Unsaturated,,NotOutflow,2585,0,1,0.01
3540,2588920.0,1113000.0,1320.0,Saturated,,NotOutflow,-1,1,0,0.0
3541,2590520.0,1113000.0,1320.0,Unsaturated,,NotOutflow,2588,0,1,0.01
3542,2590600.0,1113000.0,1320.0,Unsaturated,,NotOutflow,2589,0,1,0.01
3543,2590680.0,1113000.0,1320.0,Unsaturated,,NotOutflow,2590,0,1,0.01
3544,2590760.0,1113000.0,1320.0,Saturated,,NotOutflow,-1,0,0,0.0
3545,2590840.0,1113000.0,1320.0,Saturated,,NotOutflow,-1,0,0,0.0
3546,2590920.0,1113000.0,1320.0,Unsaturated,,NotOutflow,2593,0,1,0.01
3547,2586280.0,1113080.0,1320.0,Unsaturated,,NotOutflow,2595,1,1,0.01
3548,2586360.0,1113080.0,1320.0,Unsaturated,,NotOutflow,2596,1,1,0.01
3549,2586840.0,1113080.0,1320.0,Unsaturated,,NotOutflow,2597,1,1,0.01
3550,2587000.0,1113080.0,1320.0,Saturated,,NotOutflow,3521,1,1,1.987718355197008e-10
3551,2587080.0,1113080.0,1320.0,Unsaturated,,NotOutflow,2599,0,1,0.01
3552,2587160.0,1113080.0,1320.0,Unsaturated,,NotOutflow,2600,0,1,0.01
3553,2587240.0,1113080.0,1320.0,Unsaturated,,NotOutflow,2601,1,1,0.01
3554,2587320.0,1113080.0,1320.0,Unsaturated,,NotOutflow,2602,1,1,0.01
3555,2587480.0,1113080.0,1320.0,Unsaturated,,NotOutflow,2604,1,1,0.01
3556,2587560.0,1113080.0,1320.0,Unsaturated,,NotOutflow,1616,1,1,0.01
3557,2587640.0,1113080.0,1320.0,Unsaturated,,NotOutflow,2605,1,1,0.01
3558,2587720.0,1113080.0,1320.0,Unsaturated,,NotOutflow,2606,1,1,0.01
3559,2587800.0,1113080.0,1320.0,Unsaturated,,NotOutflow,2607,1,1,0.01
3560,2587880.0,1113080.0,1320.0,Unsaturated,,NotOutflow,2608,0,1,0.01
3561,2587960.0,1113080.0,1320.0,Saturated,,NotOutflow,3588,1,1,2.2348364414148454e-10
3562,2588040.0,1113080.0,1320.0,Unsaturated,,NotOutflow,2610,1,1,0.01
3563,2588120.0,1113080.0,1320.0,Unsaturated,,NotOutflow,2611,0,1,0.01
3564,2588280.0,1113080.0,1320.0,Unsaturated,,NotOutflow,2613,1,1,0.01
3565,2588360.0,1113080.0,1320.0,Unsaturated,,NotOutflow,1626,1,1,0.01
3566,2588680.0,1113080.0,1320.0,Unsaturated,,NotOutflow,-1,0,0,0.01
3567,2588760.0,1113080.0,1320.0,Saturated,,NotOutflow,-1,0,0,0.0
3568,2588840.0,1113080.0,1320.0,Unsaturated,,NotOutflow,2615,1,1,0.01
3569,2588920.0,1113080.0,1320.0,Saturated,,NotOutflow,-1,1,0,0.0
3570,2589000.0,1113080.0,1320.0,Saturated,,NotOutflow,-1,1,0,0.0
3571,2590840.0,1113080.0,1320.0,Unsaturated,,NotOutflow,2619,0,1,0.01
3572,2590920.0,1113080.0,1320.0,Saturated,,NotOutflow,-1,0,0,0.0
3573,2591000.0,1113080.0,1320.0,Unsaturated,,NotOutflow,2621,0,1,0.01
3574,2586280.0,1113160.0,1320.0,Unsaturated,,NotOutflow,2622,1,1,0.01
3575,2586760.0,1113160.0,1320.0,Unsaturated,,NotOutflow,-1,1,0,0.01
3576,2586840.0,1113160.0,1320.0,Saturated,,NotOutflow,-1,1,0,0.0
3577,2587000.0,1113160.0,1320.0,Saturated,,NotOutflow,3550,1,1,1.987718355197008e-10
3578,2587080.0,1113160.0,1320.0,Saturated,,NotOutflow,3577,2,1,1.987718355197008e-10
3579,2587160.0,1113160.0,1320.0,Unsaturated,,NotOutflow,2625,0,1,0.01
3580,2587240.0,1113160.0,1320.0,Unsaturated,,NotOutflow,2626,0,1,0.01
3581,2587320.0,1113160.0,1320.0,Saturated,,NotOutflow,-1,1,0,0.0
3582,2587400.0,1113160.0,1320.0,Unsaturated,,NotOutflow,2628,1,1,0.01
3583,2587480.0,1113160.0,1320.0,Unsaturated,,NotOutflow,2629,1,1,0.01
3584,2587640.0,1113160.0,1320.0,Unsaturated,,NotOutflow,2631,1,1,0.01
3585,2587720.0,1113160.0,1320.0,Unsaturated,,NotOutflow,2632,1,1,0.01
3586,2587800.0,1113160.0,1320.0,Unsaturated,,NotOutflow,1647,1,1,0.01
3587,2587880.0,1113160.0,1320.0,Unsaturated,,NotOutflow,2633,0,1,0.01
3588,2587960.0,1113160.0,1320.0,Saturated,,NotOutflow,3589,1,1,2.2348364414148454e-10
3589,2588040.0,1113160.0,1320.0,Saturated,,NotOutflow,4496,1,2,1.3355069660138138e-10
3590,2588120.0,1113160.0,1320.0,Saturated,,NotOutflow,3591,2,1,8.993294754010314e-11
3591,2588200.0,1113160.0,1320.0,Saturated,,NotOutflow,2637,2,1,8.993294754010314e-11
3592,2588280.0,1113160.0,1320.0,Unsaturated,,NotOutflow,2638,1,1,0.01
3593,2588360.0,1113160.0,1320.0,Saturated,,NotOutflow,4500,1,1,1.6373292872350656e-09
3594,2588840.0,1113160.0,1320.0,Saturated,,NotOutflow,-1,0,0,0.0
3595,2588920.0,1113160.0,1320.0,Unsaturated,,NotOutflow,2641,1,1,0.01
3596,2589000.0,1113160.0,1320.0,Saturated,,NotOutflow,-1,0,0,0.0
3597,2589080.0,1113160.0,1320.0,Saturated,,NotOutflow,-1,1,0,0.0
3598,2586280.0,1113240.0,1320.0,Saturated,,NotOutflow,-1,0,0,0.0
3599,2586760.0,1113240.0,1320.0,Unsaturated,,NotOutflow,2646,1,1,0.01
3600,2586840.0,1113240.0,1320.0,Unsaturated,,NotOutflow,2647,1,1,0.01
3601,2587000.0,1113240.0,1320.0,Unsaturated,,NotOutflow,-1,1,0,0.01
3602,2587080.0,1113240.0,1320.0,Saturated,,NotOutflow,3578,1,1,1.987718355197008e-10
3603,2587160.0,1113240.0,1320.0,Unsaturated,,NotOutflow,2649,1,1,0.01
3604,2587320.0,1113240.0,1320.0,Unsaturated,,NotOutflow,1665,0,1,0.01
3605,2587400.0,1113240.0,1320.0,Unsaturated,,NotOutflow,1666,1,1,0.01
3606,2587480.0,1113240.0,1320.0,Unsaturated,,NotOutflow,2651,1,1,0.01
3607,2587560.0,1113240.0,1320.0,Unsaturated,,NotOutflow,2652,1,1,0.01
3608,2587640.0,1113240.0,1320.0,Unsaturated,,NotOutflow,2653,1,1,0.01
3609,2587720.0,1113240.0,1320.0,Unsaturated,,NotOutflow,2654,1,1,0.01
3610,2587800.0,1113240.0,1320.0,Unsaturated,,NotOutflow,2655,0,1,0.01
3611,2587880.0,1113240.0,1320.0,Unsaturated,,NotOutflow,2656,1,1,0.01
3612,2587960.0,1113240.0,1320.0,Unsaturated,,NotOutflow,2657,0,1,0.01
3613,2588040.0,1113240.0,1320.0,Unsaturated,,NotOutflow,2658,0,1,0.01
3614,2588120.0,1113240.0,1320.0,Unsaturated,,NotOutflow,2659,0,1,0.01
3615,2588200.0,1113240.0,1320.0,Saturated,,NotOutflow,3616,1,1,4.2121397471066226e-10
3616,2588280.0,1113240.0,1320.0,Saturated,,NotOutflow,2661,3,1,2.8052830399831937e-09
3617,2588360.0,1113240.0,1320.0,Saturated,,NotOutflow,3618,1,1,1.257886700288231e-09
3618,2588440.0,1113240.0,1320.0,Saturated,,NotOutflow,3640,1,1,1.257886700288231e-09
3619,2589000.0,1113240.0,1320.0,Saturated,,NotOutflow,-1,0,0,0.0
3620,2589080.0,1113240.0,1320.0,Unsaturated,,NotOutflow,2666,1,1,0.01
3621,2589160.0,1113240.0,1320.0,Unsaturated,,NotOutflow,2667,1,1,0.01
3622,2586200.0,1113320.0,1320.0,Unsaturated,,NotOutflow,2669,1,1,0.01
3623,2586280.0,1113320.0,1320.0,Unsaturated,,NotOutflow,2670,1,1,0.01
3624,2586760.0,1113320.0,1320.0,Unsaturated,,NotOutflow,2671,1,1,0.01
3625,2586840.0,1113320.0,1320.0,Unsaturated,,NotOutflow,2672,1,1,0.01
3626,2587080.0,1113320.0,1320.0,Unsaturated,,NotOutflow,-1,0,0,0.01
3627,2587160.0,1113320.0,1320.0,Unsaturated,,NotOutflow,2673,1,1,0.01
3628,2587480.0,1113320.0,1320.0,Saturated,,NotOutflow,-1,0,0,0.0
3629,2587560.0,1113320.0,1320.0,Unsaturated,,NotOutflow,1694,1,1,0.01
3630,2587640.0,1113320.0,1320.0,Saturated,,NotOutflow,-1,1,0,0.0
3631,2587720.0,1113320.0,1320.0,Unsaturated,,NotOutflow,2677,0,1,0.01
3632,2587800.0,1113320.0,1320.0,Unsaturated,,NotOutflow,2678,1,1,0.01
3633,2587880.0,1113320.0,1320.0,Unsaturated,,NotOutflow,2679,1,1,0.01
3634,2587960.0,1113320.0,1320.0,Unsaturated,,NotOutflow,2680,1,1,0.01
3635,2588040.0,1113320.0,1320.0,Unsaturated,,NotOutflow,2681,0,1,0.01
3636,2588120.0,1113320.0,1320.0,Unsaturated,,NotOutflow,2682,0,1,0.01
3637,2588200.0,1113320.0,1320.0,Saturated,,NotOutflow,3638,1,1,2.3840690652725315e-09
3638,2588280.0,1113320.0,1320.0,Saturated,,NotOutflow,3616,2,1,2.3840690652725315e-09
3639,2588360.0,1113320.0,1320.0,Unsaturated,,NotOutflow,2685,1,1,0.01
3640,2588440.0,1113320.0,1320.0,Saturated,,NotOutflow,4552,1,1,1.257886700288231e-09
3641,2588520.0,1113320.0,1320.0,Unsaturated,,NotOutflow,2687,0,1,0.01
3642,2589080.0,1113320.0,1320.0,Unsaturated,,NotOutflow,743,1,1,0.01
3643,2589160.0,1113320.0,1320.0,Saturated,,NotOutflow,-1,0,0,0.0
3644,2589240.0,1113320.0,1320.0,Saturated,,NotOutflow,-1,1,0,0.0
3645,2589320.0,1113320.0,1320.0,Unsaturated,,NotOutflow,2692,1,1,0.01
3646,2589400.0,1113320.0,1320.0,Unsaturated,,NotOutflow,2693,0,1,0.01
3647,2586200.0,1113400.0,1320.0,Unsaturated,,NotOutflow,2694,1,1,0.01
3648,2586280.0,1113400.0,1320.0,Unsaturated,,NotOutflow,2695,1,1,0.01
3649,2586760.0,1113400.0,1320.0,Unsaturated,,NotOutflow,2696,0,1,0.01
3650,2587080.0,1113400.0,1320.0,Saturated,,NotOutflow,-1,0,0,0.0
3651,2587160.0,1113400.0,1320.0,Unsaturated,,NotOutflow,2698,0,1,0.01
3652,2587640.0,1113400.0,1320.0,Unsaturated,,NotOutflow,754,0,1,0.01
3653,2587720.0,1113400.0,1320.0,Unsaturated,,NotOutflow,755,1,1,0.01
3654,2587800.0,1113400.0,1320.0,Unsaturated,,NotOutflow,-1,1,0,0.01
3655,2587880.0,1113400.0,1320.0,Unsaturated,,NotOutflow,2701,1,1,0.01
3656,2587960.0,1113400.0,1320.0,Unsaturated,,NotOutflow,2702,1,1,0.01
3657,2588040.0,1113400.0,1320.0,Unsaturated,,NotOutflow,2703,1,1,0.01
3658,2588120.0,1113400.0,1320.0,Unsaturated,,NotOutflow,2704,0,1,0.01
3659,2588200.0,1113400.0,1320.0,Unsaturated,,NotOutflow,2705,1,1,0.01
3660,2588280.0,1113400.0,1320.0,Unsaturated,,NotOutflow,2706,1,1,0.01
3661,2588360.0,1113400.0,1320.0,Unsaturated,,NotOutflow,2707,1,1,0.01
3662,2588440.0,1113400.0,1320.0,Saturated,,NotOutflow,-1,1,0,0.0
3663,2588520.0,1113400.0,1320.0,Unsaturated,,NotOutflow,2709,0,1,0.01
3664,2588600.0,1113400.0,1320.0,Unsaturated,,NotOutflow,2710,1,1,0.01
3665,2588680.0,1113400.0,1320.0,Unsaturated,,NotOutflow,2711,1,1,0.01
3666,2589160.0,1113400.0,1320.0,Unsaturated,,NotOutflow,765,1,1,0.01
3667,2589240.0,1113400.0,1320.0,Unsaturated,,NotOutflow,2714,0,1,0.01
3668,2589320.0,1113400.0,1320.0,Unsaturated,,NotOutflow,2715,1,1,0.01
3669,2589400.0,1113400.0,1320.0,Unsaturated,,NotOutflow,2716,1,1,0.01
3670,2589480.0,1113400.0,1320.0,Saturated,,NotOutflow,-1,1,0,0.0
3671,2589560.0,1113400.0,1320.0,Unsaturated,,NotOutflow,2718,0,1,0.01
3672,2586200.0,1113480.0,1320.0,Saturated,,NotOutflow,-1,0,0,0.0
3673,2586280.0,1113480.0,1320.0,Unsaturated,,NotOutflow,2720,1,1,0.01
3674,2586680.0,1113480.0,1320.0,Saturated,,NotOutflow,4590,1,1,4.0031256302720765e-12
3675,2586760.0,1113480.0,1320.0,Unsaturated,,NotOutflow,2721,0,1,0.01
3676,2587080.0,1113480.0,1320.0,Saturated,,NotOutflow,-1,0,0,0.0
3677,2587160.0,1113480.0,1320.0,Unsaturated,,NotOutflow,2722,0,1,0.01
3678,2587800.0,1113480.0,1320.0,Unsaturated,,NotOutflow,780,0,1,0.01
3679,2587880.0,1113480.0,1320.0,Unsaturated,,NotOutflow,781,1,1,0.01
3680,2587960.0,1113480.0,1320.0,Unsaturated,,NotOutflow,-1,1,0,0.01
3681,2588040.0,1113480.0,1320.0,Saturated,,NotOutflow,-1,1,0,0.0
3682,2588120.0,1113480.0,1320.0,Unsaturated,,NotOutflow,2726,1,1,0.01
3683,2588200.0,1113480.0,1320.0,Unsaturated,,NotOutflow,2727,0,1,0.01
3684,2588280.0,1113480.0,1320.0,Unsaturated,,NotOutflow,2728,1,1,0.01
3685,2588360.0,1113480.0,1320.0,Unsaturated,,NotOutflow,2729,0,1,0.01
3686,2588440.0,1113480.0,1320.0,Unsaturated,,NotOutflow,2730,1,1,0.01
3687,2588520.0,1113480.0,1320.0,Unsaturated,,NotOutflow,2731,1,1,0.01
3688,2588600.0,1113480.0,1320.0,Unsaturated,,NotOutflow,2732,1,1,0.01
3689,2588680.0,1113480.0,1320.0,Unsaturated,,NotOutflow,2733,1,1,0.01
3690,2588760.0,1113480.0,1320.0,Unsaturated,,NotOutflow,2734,0,1,0.01
3691,2588840.0,1113480.0,1320.0,Unsaturated,,NotOutflow,2735,1,1,0.01
3692,2589240.0,1113480.0,1320.0,Unsaturated,,NotOutflow,790,1,1,0.01
3693,2589320.0,1113480.0,1320.0,Saturated,,NotOutflow,-1,0,0,0.0
3694,2589400.0,1113480.0,1320.0,Unsaturated,,NotOutflow,2739,1,1,0.01
3695,2589480.0,1113480.0,1320.0,Saturated,,NotOutflow,-1,1,0,0.0
3696,2589560.0,1113480.0,1320.0,Saturated,,NotOutflow,-1,0,0,0.0
3697,2589640.0,1113480.0,1320.0,Unsaturated,,NotOutflow,2742,1,1,0.01
3698,2586200.0,1113560.0,1320.0,Unsaturated,,NotOutflow,2744,1,1,0.01
3699,2586280.0,1113560.0,1320.0,Unsaturated,,NotOutflow,2745,1,1,0.01
3700,2586520.0,1113560.0,1320.0,Unsaturated,,NotOutflow,-1,0,0,0.01
3701,2586600.0,1113560.0,1320.0,Unsaturated,,NotOutflow,-1,0,0,0.01
3702,2586680.0,1113560.0,1320.0,Saturated,,NotOutflow,4620,1,2,1.9540644434764826e-11
3703,2586760.0,1113560.0,1320.0,Unsaturated,,NotOutflow,2747,1,1,0.01
3704,2587080.0,1113560.0,1320.0,Unsaturated,,NotOutflow,-1,0,0,0.01
3705,2587160.0,1113560.0,1320.0,Unsaturated,,NotOutflow,2748,0,1,0.01
3706,2587240.0,1113560.0,1320.0,Unsaturated,,NotOutflow,2749,0,1,0.01
3707,2587960.0,1113560.0,1320.0,Unsaturated,,NotOutflow,806,1,1,0.01
3708,2588040.0,1113560.0,1320.0,Unsaturated,,NotOutflow,-1,1,0,0.01
3709,2588120.0,1113560.0,1320.0,Unsaturated,,NotOutflow,-1,1,0,0.01
3710,2588200.0,1113560.0,1320.0,Unsaturated,,NotOutflow,2753,1,1,0.01
3711,2588280.0,1113560.0,1320.0,Unsaturated,,NotOutflow,2754,1,1,0.01
3712,2588360.0,1113560.0,1320.0,Unsaturated,,NotOutflow,2755,1,1,0.01
3713,2588440.0,1113560.0,1320.0,Unsaturated,,NotOutflow,2756,1,1,0.01
3714,2588520.0,1113560.0,1320.0,Unsaturated,,NotOutflow,2757,1,1,0.01
3715,2588600.0,1113560.0,1320.0,Unsaturated,,NotOutflow,2758,1,1,0.01
3716,2588680.0,1113560.0,1320.0,Unsaturated,,NotOutflow,2759,1,1,0.01
3717,2588760.0,1113560.0,1320.0,Unsaturated,,NotOutflow,2760,1,1,0.01
3718,2588840.0,1113560.0,1320.0,Unsaturated,,NotOutflow,2761,0,1,0.01
3719,2588920.0,1113560.0,1320.0,Unsaturated,,NotOutflow,2762,0,1,0.01
3720,2589000.0,1113560.0,1320.0,Unsaturated,,NotOutflow,2763,1,1,0.01
3721,2589320.0,1113560.0,1320.0,Unsaturated,,NotOutflow,1787,0,1,0.01
3722,2589400.0,1113560.0,1320.0,Saturated,,NotOutflow,-1,1,0,0.0
3723,2589480.0,1113560.0,1320.0,Unsaturated,,NotOutflow,2767,1,1,0.01
3724,2589560.0,1113560.0,1320.0,Unsaturated,,NotOutflow,1790,1,1,0.01
3725,2589640.0,1113560.0,1320.0,Saturated,,NotOutflow,-1,1,0,0.0
3726,2589720.0,1113560.0,1320.0,Unsaturated,,NotOutflow,2769,1,1,0.01
3727,2586200.0,1113640.0,1320.0,Saturated,,NotOutflow,-1,0,0,0.0
3728,2586280.0,1113640.0,1320.0,Unsaturated,,NotOutflow,2772,0,1,0.01
3729,2586680.0,1113640.0,1320.0,Saturated,,NotOutflow,3702,1,2,2.3543770065036903e-11
3730,2586760.0,1113640.0,1320.0,Unsaturated,,NotOutflow,2774,0,1,0.01
3731,2587080.0,1113640.0,1320.0,Unsaturated,,NotOutflow,-1,0,0,0.01
3732,2587160.0,1113640.0,1320.0,Unsaturated,,NotOutflow,-1,0,0,0.01
3733,2587240.0,1113640.0,1320.0,Unsaturated,,NotOutflow,2775,0,1,0.01
3734,2588120.0,1113640.0,1320.0,Unsaturated,,NotOutflow,831,1,1,0.01
3735,2588200.0,1113640.0,1320.0,Unsaturated,,NotOutflow,-1,1,0,0.01
3736,2588280.0,1113640.0,1320.0,Unsaturated,,NotOutflow,-1,1,0,0.01
3737,2588360.0,1113640.0,1320.0,Saturated,,NotOutflow,-1,0,0,0.0
3738,2588440.0,1113640.0,1320.0,Unsaturated,,NotOutflow,2781,1,1,0.01
3739,2588520.0,1113640.0,1320.0,Saturated,,NotOutflow,-1,1,0,0.0
3740,2588600.0,1113640.0,1320.0,Unsaturated,,NotOutflow,2783,1,1,0.01
3741,2588680.0,1113640.0,1320.0,Unsaturated,,NotOutflow,2784,1,1,0.01
3742,2588760.0,1113640.0,1320.0,Unsaturated,,NotOutflow,2785,1,1,0.01
3743,2588840.0,1113640.0,1320.0,Unsaturated,,NotOutflow,2786,1,1,0.01
3744,2588920.0,1113640.0,1320.0,Unsaturated,,NotOutflow,2787,1,1,0.01
3745,2589000.0,1113640.0,1320.0,Unsaturated,,NotOutflow,2788,0,1,0.01
3746,2589080.0,1113640.0,1320.0,Unsaturated,,NotOutflow,2789,1,1,0.01
3747,2589160.0,1113640.0,1320.0,Unsaturated,,NotOutflow,2790,1,1,0.01
3748,2589400.0,1113640.0,1320.0,Unsaturated,,NotOutflow,2792,1,1,0.01
3749,2589480.0,1113640.0,1320.0,Saturated,,NotOutflow,-1,1,0,0.0
3750,2589720.0,1113640.0,1320.0,Unsaturated,,NotOutflow,2795,1,1,0.01
3751,2589800.0,1113640.0,1320.0,Saturated,,NotOutflow,-1,1,0,0.0
3752,2589880.0,1113640.0,1320.0,Unsaturated,,NotOutflow,2797,0,1,0.01
3753,2586200.0,1113720.0,1320.0,Unsaturated,,NotOutflow,2798,0,1,0.01
3754,2586280.0,1113720.0,1320.0,Unsaturated,,NotOutflow,2799,0,1,0.01
3755,2586440.0,1113720.0,1320.0,Unsaturated,,NotOutflow,2801,0,1,0.01
3756,2586520.0,1113720.0,1320.0,Unsaturated,,NotOutflow,2802,0,1,0.01
3757,2586600.0,1113720.0,1320.0,Unsaturated,,NotOutflow,2803,0,1,0.01
3758,2586680.0,1113720.0,1320.0,Saturated,,NotOutflow,3729,2,2,4.3118829600703205e-11
3759,2587080.0,1113720.0,1320.0,Unsaturated,,NotOutflow,-1,0,0,0.01
3760,2587160.0,1113720.0,1320.0,Unsaturated,,NotOutflow,-1,0,0,0.01
3761,2587240.0,1113720.0,1320.0,Unsaturated,,NotOutflow,2806,0,1,0.01
3762,2587320.0,1113720.0,1320.0,Unsaturated,,NotOutflow,2807,0,1,0.01
3763,2587400.0,1113720.0,1320.0,Unsaturated,,NotOutflow,2808,0,1,0.01
3764,2588280.0,1113720.0,1320.0,Unsaturated,,NotOutflow,856,0,1,0.01
3765,2588360.0,1113720.0,1320.0,Unsaturated,,NotOutflow,-1,1,0,0.01
3766,2588440.0,1113720.0,1320.0,Unsaturated,,NotOutflow,-1,1,0,0.01
3767,2588520.0,1113720.0,1320.0,Unsaturated,,NotOutflow,2812,0,1,0.01
3768,2588600.0,1113720.0,1320.0,Unsaturated,,NotOutflow,2813,1,1,0.01
3769,2588680.0,1113720.0,1320.0,Saturated,,NotOutflow,-1,0,0,0.0
3770,2588760.0,1113720.0,1320.0,Saturated,,NotOutflow,-1,0,0,0.0
3771,2588840.0,1113720.0,1320.0,Unsaturated,,NotOutflow,2816,1,1,0.01
3772,2588920.0,1113720.0,1320.0,Unsaturated,,NotOutflow,2817,1,1,0.01
3773,2589000.0,1113720.0,1320.0,Unsaturated,,NotOutflow,2818,1,1,0.01
3774,2589080.0,1113720.0,1320.0,Unsaturated,,NotOutflow,2819,1,1,0.01
3775,2589160.0,1113720.0,1320.0,Unsaturated,,NotOutflow,2820,1,1,0.01
3776,2589240.0,1113720.0,1320.0,Unsaturated,,NotOutflow,2821,1,1,0.01
3777,2589320.0,1113720.0,1320.0,Unsaturated,,NotOutflow,2822,1,1,0.01
3778,2589480.0,1113720.0,1320.0,Saturated,,NotOutflow,-1,0,0,0.0
3779,2589560.0,1113720.0,1320.0,Unsaturated,,NotOutflow,2825,1,1,0.01
3780,2589800.0,1113720.0,1320.0,Saturated,,NotOutflow,-1,0,0,0.0
3781,2589880.0,1113720.0,1320.0,Unsaturated,,NotOutflow,2828,1,1,0.01
3782,2589960.0,1113720.0,1320.0,Unsaturated,,NotOutflow,2829,0,1,0.01
3783,2586360.0,1113800.0,1320.0,Unsaturated,,NotOutflow,2832,0,1,0.01
3784,2586440.0,1113800.0,1320.0,Unsaturated,,NotOutflow,2833,0,1,0.01
3785,2586520.0,1113800.0,1320.0,Unsaturated,,NotOutflow,2834,0,1,0.01
3786,2586600.0,1113800.0,1320.0,Unsaturated,,NotOutflow,2835,0,1,0.01
3787,2586680.0,1113800.0,1320.0,Saturated,,NotOutflow,3758,2,1,5.82529942725282e-11
3788,2586760.0,1113800.0,1320.0,Saturated,,NotOutflow,3787,1,1,3.110338574969953e-11
3789,2586840.0,1113800.0,1320.0,Unsaturated,,NotOutflow,2838,0,1,0.01
3790,2587160.0,1113800.0,1320.0,Saturated,,NotOutflow,-1,0,0,0.0
3791,2587240.0,1113800.0,1320.0,Unsaturated,,NotOutflow,-1,0,0,0.01
3792,2587320.0,1113800.0,1320.0,Unsaturated,,NotOutflow,2839,0,1,0.01
3793,2587400.0,1113800.0,1320.0,Unsaturated,,NotOutflow,2840,0,1,0.01
3794,2587480.0,1113800.0,1320.0,Unsaturated,,NotOutflow,2841,0,1,0.01
3795,2588440.0,1113800.0,1320.0,Unsaturated,,NotOutflow,-1,1,0,0.01
3796,2588520.0,1113800.0,1320.0,Saturated,,NotOutflow,-1,1,0,0.0
3797,2588600.0,1113800.0,1320.0,Unsaturated,,NotOutflow,-1,1,0,0.01
3798,2588680.0,1113800.0,1320.0,Saturated,,NotOutflow,-1,0,0,0.0
3799,2588760.0,1113800.0,1320.0,Saturated,,NotOutflow,-1,0,0,0.0
3800,2588840.0,1113800.0,1320.0,Unsaturated,,NotOutflow,2848,1,1,0.01
3801,2588920.0,1113800.0,1320.0,Unsaturated,,NotOutflow,2849,1,1,0.01
3802,2589000.0,1113800.0,1320.0,Unsaturated,,NotOutflow,2850,1,1,0.01
3803,2589080.0,1113800.0,1320.0,Unsaturated,,NotOutflow,2851,1,1,0.01
3804,2589160.0,1113800.0,1320.0,Unsaturated,,NotOutflow,2852,1,1,0.01
3805,2589240.0,1113800.0,1320.0,Unsaturated,,NotOutflow,2853,1,1,0.01
3806,2589320.0,1113800.0,1320.0,Unsaturated,,NotOutflow,2854,1,1,0.01
3807,2589400.0,1113800.0,1320.0,Unsaturated,,NotOutflow,2855,1,1,0.01
3808,2589480.0,1113800.0,1320.0,Unsaturated,,NotOutflow,2856,1,1,0.01
3809,2589560.0,1113800.0,1320.0,Unsaturated,,NotOutflow,2857,0,1,0.01
3810,2589640.0,1113800.0,1320.0,Unsaturated,,NotOutflow,2858,1,1,0.01
3811,2589880.0,1113800.0,1320.0,Unsaturated,,NotOutflow,896,1,1,0.01
3812,2589960.0,1113800.0,1320.0,Unsaturated,,NotOutflow,2860,0,1,0.01
3813,2590040.0,1113800.0,1320.0,Saturated,,NotOutflow,-1,1,0,0.0
3814,2586600.0,1113880.0,1320.0,Unsaturated,,NotOutflow,2863,0,1,0.01
3815,2586680.0,1113880.0,1320.0,Unsaturated,,NotOutflow,2864,0,1,0.01
3816,2586760.0,1113880.0,1320.0,Saturated,,NotOutflow,2865,1,2,3.115273415310075e-11
3817,2586840.0,1113880.0,1320.0,Saturated,,NotOutflow,3816,1,1,6.225611990280028e-11
3818,2586920.0,1113880.0,1320.0,Saturated,,NotOutflow,3817,2,1,6.225611990280028e-11
3819,2587000.0,1113880.0,1320.0,Saturated,,NotOutflow,3820,1,2,5.016197371885025e-10
3820,2587080.0,1113880.0,1320.0,Saturated,Inlet,NotOutflow,3846,2,1,1.0654955942798053e-09
3821,2587160.0,1113880.0,1320.0,Unsaturated,,NotOutflow,-1,0,0,0.01
3822,2587240.0,1113880.0,1320.0,Unsaturated,,NotOutflow,-1,0,0,0.01
3823,2587320.0,1113880.0,1320.0,Unsaturated,,NotOutflow,-1,1,0,0.01
3824,2587400.0,1113880.0,1320.0,Unsaturated,,NotOutflow,2870,0,1,0.01
3825,2587480.0,1113880.0,1320.0,Unsaturated,,NotOutflow,2871,0,1,0.01
3826,2587560.0,1113880.0,1320.0,Unsaturated,,NotOutflow,2872,0,1,0.01
3827,2588520.0,1113880.0,1320.0,Unsaturated,,NotOutflow,-1,0,0,0.01
3828,2588600.0,1113880.0,1320.0,Unsaturated,,NotOutflow,-1,0,0,0.01
3829,2588680.0,1113880.0,1320.0,Saturated,,NotOutflow,-1,1,0,0.0
3830,2588760.0,1113880.0,1320.0,Unsaturated,,NotOutflow,-1,0,0,0.01
3831,2588840.0,1113880.0,1320.0,Unsaturated,,NotOutflow,2877,1,1,0.01
3832,2588920.0,1113880.0,1320.0,Unsaturated,,NotOutflow,2878,1,1,0.01
3833,2589000.0,1113880.0,1320.0,Saturated,,NotOutflow,-1,1,0,0.0
3834,2589080.0,1113880.0,1320.0,Unsaturated,,NotOutflow,2880,1,1,0.01
3835,2589160.0,1113880.0,1320.0,Unsaturated,,NotOutflow,2881,1,1,0.01
3836,2589240.0,1113880.0,1320.0,Unsaturated,,NotOutflow,2882,1,1,0.01
3837,2589320.0,1113880.0,1320.0,Unsaturated,,NotOutflow,2883,1,1,0.01
3838,2589400.0,1113880.0,1320.0,Unsaturated,,NotOutflow,2884,1,1,0.01
3839,2589480.0,1113880.0,1320.0,Unsaturated,,NotOutflow,2885,1,1,0.01
3840,2589560.0,1113880.0,1320.0,Unsaturated,,NotOutflow,2886,1,1,0.01
3841,2589640.0,1113880.0,1320.0,Saturated,,NotOutflow,-1,0,0,0.0
3842,2589720.0,1113880.0,1320.0,Unsaturated,,NotOutflow,2888,1,1,0.01
3843,2590040.0,1113880.0,1320.0,Unsaturated,,NotOutflow,2890,0,1,0.01
3844,2590120.0,1113880.0,1320.0,Saturated,,NotOutflow,-1,0,0,0.0
3845,2587000.0,1113960.0,1320.0,Unsaturated,,NotOutflow,2896,0,1,0.01
3846,2587080.0,1113960.0,1320.0,Saturated,,NotOutflow,3847,2,1,1.0654955942798053e-09
3847,2587160.0,1113960.0,1320.0,Saturated,,NotOutflow,4752,1,1,1.0654955942798053e-09
3848,2587240.0,1113960.0,1320.0,Unsaturated,,NotOutflow,2899,0,1,0.01
3849,2587320.0,1113960.0,1320.0,Unsaturated,,NotOutflow,-1,1,0,0.01
3850,2587400.0,1113960.0,1320.0,Unsaturated,,NotOutflow,-1,1,0,0.01
3851,2587480.0,1113960.0,1320.0,Unsaturated,,NotOutflow,2900,0,1,0.01
3852,2587560.0,1113960.0,1320.0,Unsaturated,,NotOutflow,2901,0,1,0.01
3853,2587640.0,1113960.0,1320.0,Unsaturated,,NotOutflow,2902,0,1,0.01
3854,2587720.0,1113960.0,1320.0,Unsaturated,,NotOutflow,2903,0,1,0.01
3855,2588680.0,1113960.0,1320.0,Unsaturated,,NotOutflow,-1,1,0,0.01
3856,2588760.0,1113960.0,1320.0,Unsaturated,,NotOutflow,-1,1,0,0.01
3857,2588840.0,1113960.0,1320.0,Saturated,,NotOutflow,-1,1,0,0.0
3858,2588920.0,1113960.0,1320.0,Unsaturated,,NotOutflow,2908,1,1,0.01
3859,2589000.0,1113960.0,1320.0,Saturated,,NotOutflow,-1,1,0,0.0
3860,2589080.0,1113960.0,1320.0,Saturated,,NotOutflow,-1,1,0,0.0
3861,2589160.0,1113960.0,1320.0,Unsaturated,,NotOutflow,2911,1,1,0.01
3862,2589240.0,1113960.0,1320.0,Unsaturated,,NotOutflow,2912,1,1,0.01
3863,2589320.0,1113960.0,1320.0,Unsaturated,,NotOutflow,2913,1,1,0.01
3864,2589400.0,1113960.0,1320.0,Unsaturated,,NotOutflow,2914,1,1,0.01
3865,2589480.0,1113960.0,1320.0,Unsaturated,,NotOutflow,2915,1,1,0.01
3866,2589560.0,1113960.0,1320.0,Unsaturated,,NotOutflow,2916,1,1,0.01
3867,2589640.0,1113960.0,1320.0,Unsaturated,,NotOutflow,2917,1,1,0.01
3868,2589720.0,1113960.0,1320.0,Unsaturated,,NotOutflow,2918,0,1,0.01
3869,2589800.0,1113960.0,1320.0,Unsaturated,,NotOutflow,2919,1,1,0.01
3870,2589880.0,1113960.0,1320.0,Unsaturated,,NotOutflow,2920,1,1,0.01
3871,2590120.0,1113960.0,1320.0,Unsaturated,,NotOutflow,2921,0,1,0.01
3872,2590200.0,1113960.0,1320.0,Unsaturated,,NotOutflow,2922,1,1,0.01
3873,2587960.0,1109000.0,1400.0,Unsaturated,,NotOutflow,2924,0,1,0.01
3874,2588040.0,1109000.0,1400.0,Unsaturated,,NotOutflow,2925,1,1,0.01
3875,2587960.0,1109080.0,1400.0,Unsaturated,,NotOutflow,2926,1,1,0.01
3876,2588040.0,1109080.0,1400.0,Unsaturated,,NotOutflow,2927,1,1,0.01
3877,2587960.0,1109160.0,1400.0,Unsaturated,,NotOutflow,2928,1,1,0.01
3878,2587880.0,1109240.0,1400.0,Unsaturated,,NotOutflow,-1,1,0,0.01
3879,2587960.0,1109240.0,1400.0,Unsaturated,,NotOutflow,2930,1,1,0.01
3880,2587880.0,1109320.0,1400.0,Unsaturated,,NotOutflow,2931,1,1,0.01
3881,2587960.0,1109320.0,1400.0,Unsaturated,,NotOutflow,2932,1,1,0.01
3882,2587880.0,1109400.0,1400.0,Unsaturated,,NotOutflow,2933,1,1,0.01
3883,2587960.0,1109400.0,1400.0,Unsaturated,,NotOutflow,2934,0,1,0.01
3884,2587800.0,1109480.0,1400.0,Unsaturated,,NotOutflow,-1,1,0,0.01
3885,2587880.0,1109480.0,1400.0,Unsaturated,,NotOutflow,2935,0,1,0.01
3886,2586040.0,1109560.0,1400.0,Unsaturated,,NotOutflow,2936,0,1,0.01
3887,2587800.0,1109560.0,1400.0,Unsaturated,,NotOutflow,2937,1,1,0.01
3888,2587880.0,1109560.0,1400.0,Unsaturated,,NotOutflow,2938,1,1,0.01
3889,2586040.0,1109640.0,1400.0,Unsaturated,,NotOutflow,2939,1,1,0.01
3890,2586120.0,1109640.0,1400.0,Unsaturated,,NotOutflow,2940,1,1,0.01
3891,2587800.0,1109640.0,1400.0,Unsaturated,,NotOutflow,2941,1,1,0.01
3892,2587880.0,1109640.0,1400.0,Unsaturated,,NotOutflow,2942,1,1,0.01
3893,2586040.0,1109720.0,1400.0,Unsaturated,,NotOutflow,2943,1,1,0.01
3894,2586120.0,1109720.0,1400.0,Unsaturated,,NotOutflow,2944,1,1,0.01
3895,2587800.0,1109720.0,1400.0,Saturated,,NotOutflow,-1,0,0,0.0
3896,2586120.0,1109800.0,1400.0,Unsaturated,,NotOutflow,2947,1,1,0.01
3897,2586200.0,1109800.0,1400.0,Saturated,,NotOutflow,-1,0,0,0.0
3898,2587720.0,1109800.0,1400.0,Unsaturated,,NotOutflow,2949,1,1,0.01
3899,2587800.0,1109800.0,1400.0,Unsaturated,,NotOutflow,2950,1,1,0.01
3900,2586200.0,1109880.0,1400.0,Unsaturated,,NotOutflow,2952,0,1,0.01
3901,2586280.0,1109880.0,1400.0,Unsaturated,,NotOutflow,2953,0,1,0.01
3902,2587720.0,1109880.0,1400.0,Unsaturated,,NotOutflow,2954,0,1,0.01
3903,2587800.0,1109880.0,1400.0,Unsaturated,,NotOutflow,2955,1,1,0.01
3904,2586200.0,1109960.0,1400.0,Unsaturated,,NotOutflow,2956,1,1,0.01
3905,2586280.0,1109960.0,1400.0,Unsaturated,,NotOutflow,2957,0,1,0.01
3906,2587720.0,1109960.0,1400.0,Unsaturated,,NotOutflow,2958,0,1,0.01
3907,2586280.0,1110040.0,1400.0,Saturated,,NotOutflow,-1,0,0,0.0
3908,2586360.0,1110040.0,1400.0,Unsaturated,,NotOutflow,2961,0,1,0.01
3909,2587640.0,1110040.0,1400.0,Unsaturated,,NotOutflow,-1,0,0,0.01
3910,2587720.0,1110040.0,1400.0,Saturated,,NotOutflow,-1,0,0,0.0
3911,2586280.0,1110120.0,1400.0,Unsaturated,,NotOutflow,2963,0,1,0.01
3912,2586360.0,1110120.0,1400.0,Saturated,,NotOutflow,3916,1,1,1.5895393137021842e-09
3913,2586440.0,1110120.0,1400.0,Unsaturated,,NotOutflow,1009,1,1,0.01
3914,2587640.0,1110120.0,1400.0,Saturated,,NotOutflow,3918,1,1,6.598540007736825e-13
3915,2587720.0,1110120.0,1400.0,Unsaturated,,NotOutflow,2966,1,1,0.01
3916,2586360.0,1110200.0,1400.0,Saturated,,NotOutflow,3917,1,1,1.5895393137021842e-09
3917,2586440.0,1110200.0,1400.0,Saturated,,NotOutflow,3920,2,1,2.447735842745864e-09
3918,2587640.0,1110200.0,1400.0,Saturated,,NotOutflow,3923,1,1,6.598540007736825e-13
3919,2587720.0,1110200.0,1400.0,Unsaturated,,NotOutflow,2971,0,1,0.01
3920,2586440.0,1110280.0,1400.0,Saturated,,NotOutflow,3921,1,2,1.6830008548425673e-09
3921,2586520.0,1110280.0,1400.0,Saturated,,NotOutflow,3925,2,1,6.001775297192335e-09
3922,2587560.0,1110280.0,1400.0,Unsaturated,,NotOutflow,-1,0,0,0.01
3923,2587640.0,1110280.0,1400.0,Saturated,,NotOutflow,3928,1,1,6.598540007736825e-13
3924,2586440.0,1110360.0,1400.0,Unsaturated,,NotOutflow,2978,0,1,0.01
3925,2586520.0,1110360.0,1400.0,Saturated,,NotOutflow,3929,3,2,4.940281355149494e-09
3926,2586600.0,1110360.0,1400.0,Unsaturated,,NotOutflow,84,0,1,0.01
3927,2587560.0,1110360.0,1400.0,Saturated,,NotOutflow,3931,1,1,6.598540007736825e-13
3928,2587640.0,1110360.0,1400.0,Saturated,,NotOutflow,3927,1,1,6.598540007736825e-13
3929,2586520.0,1110440.0,1400.0,Saturated,,NotOutflow,3930,1,1,4.940281355149494e-09
3930,2586600.0,1110440.0,1400.0,Saturated,,NotOutflow,2986,2,2,4.462570652729782e-09
3931,2587560.0,1110440.0,1400.0,Saturated,,NotOutflow,3936,2,3,3.1863923872080575e-13
3932,2587640.0,1110440.0,1400.0,Unsaturated,,NotOutflow,2988,1,1,0.01
3933,2586040.0,1110520.0,1400.0,Unsaturated,,NotOutflow,2989,0,1,0.01
3934,2586600.0,1110520.0,1400.0,Saturated,,NotOutflow,2992,2,2,3.766935761832015e-09
3935,2586680.0,1110520.0,1400.0,Saturated,,NotOutflow,3938,3,2,3.6351726420199314e-09
3936,2587560.0,1110520.0,1400.0,Saturated,,NotOutflow,4834,2,2,3.5216063988400046e-13
3937,2586040.0,1110600.0,1400.0,Unsaturated,,NotOutflow,2996,0,1,0.01
3938,2586680.0,1110600.0,1400.0,Saturated,,NotOutflow,3939,2,3,3.376676740761597e-09
3939,2586760.0,1110600.0,1400.0,Saturated,,NotOutflow,3945,1,1,3.376676740761597e-09
3940,2587480.0,1110600.0,1400.0,Unsaturated,,NotOutflow,3002,0,1,0.01
3941,2587560.0,1110600.0,1400.0,Saturated,,NotOutflow,4838,1,1,2.1875962241726888e-14
3942,2586040.0,1110680.0,1400.0,Saturated,,NotOutflow,-1,0,0,0.0
3943,2586120.0,1110680.0,1400.0,Unsaturated,,NotOutflow,3005,0,1,0.01
3944,2586680.0,1110680.0,1400.0,Unsaturated,,NotOutflow,3008,1,1,0.01
3945,2586760.0,1110680.0,1400.0,Saturated,,NotOutflow,3948,3,1,6.034608685544374e-09
3946,2587480.0,1110680.0,1400.0,Saturated,,NotOutflow,4842,2,3,2.2910250503218397e-12
3947,2587560.0,1110680.0,1400.0,Saturated,,NotOutflow,3941,2,1,2.1875962241726888e-14
3948,2586760.0,1110760.0,1400.0,Saturated,,NotOutflow,3949,1,1,6.034608685544374e-09
3949,2586840.0,1110760.0,1400.0,Saturated,,NotOutflow,3952,1,1,6.034608685544374e-09
3950,2587480.0,1110760.0,1400.0,Saturated,,NotOutflow,3955,3,3,1.8128833957420147e-12
3951,2587560.0,1110760.0,1400.0,Unsaturated,,NotOutflow,3019,0,1,0.01
3952,2586840.0,1110840.0,1400.0,Saturated,,NotOutflow,4847,1,2,3.0294875277484557e-09
3953,2586920.0,1110840.0,1400.0,Saturated,,NotOutflow,3956,1,1,3.0051211577959176e-09
3954,2587400.0,1110840.0,1400.0,Unsaturated,,NotOutflow,-1,0,0,0.01
3955,2587480.0,1110840.0,1400.0,Saturated,,NotOutflow,3025,2,4,8.584151346634456e-13
3956,2586920.0,1110920.0,1400.0,Saturated,,NotOutflow,3030,1,1,3.0051211577959176e-09
3957,2587000.0,1110920.0,1400.0,Unsaturated,,NotOutflow,3031,0,1,0.01
3958,2587400.0,1110920.0,1400.0,Saturated,,NotOutflow,3965,1,1,6.238857877034619e-11
3959,2587480.0,1110920.0,1400.0,Saturated,,NotOutflow,3958,2,2,6.238857877034619e-11
3960,2586280.0,1111000.0,1400.0,Unsaturated,,NotOutflow,3034,0,1,0.01
3961,2586360.0,1111000.0,1400.0,Unsaturated,,NotOutflow,3035,0,1,0.01
3962,2586920.0,1111000.0,1400.0,Unsaturated,,NotOutflow,3038,1,1,0.01
3963,2587000.0,1111000.0,1400.0,Saturated,,NotOutflow,4856,1,1,1.9915892002503718e-09
3964,2587080.0,1111000.0,1400.0,Unsaturated,,NotOutflow,3040,0,1,0.01
3965,2587400.0,1111000.0,1400.0,Saturated,,NotOutflow,3041,2,3,6.238857877034619e-11
3966,2587480.0,1111000.0,1400.0,Unsaturated,,NotOutflow,3042,0,1,0.01
3967,2586280.0,1111080.0,1400.0,Unsaturated,,NotOutflow,3045,0,1,0.01
3968,2586360.0,1111080.0,1400.0,Unsaturated,,NotOutflow,3046,0,1,0.01
3969,2587000.0,1111080.0,1400.0,Unsaturated,,NotOutflow,3050,0,1,0.01
3970,2587080.0,1111080.0,1400.0,Saturated,,NotOutflow,3976,1,1,5.579855639164994e-10
3971,2587400.0,1111080.0,1400.0,Saturated,,NotOutflow,4861,2,2,1.5304026322709458e-11
3972,2586200.0,1111160.0,1400.0,Unsaturated,,NotOutflow,3055,0,1,0.01
3973,2586280.0,1111160.0,1400.0,Unsaturated,,NotOutflow,3056,0,1,0.01
3974,2586360.0,1111160.0,1400.0,Unsaturated,,NotOutflow,3057,0,1,0.01
3975,2586440.0,1111160.0,1400.0,Unsaturated,,NotOutflow,3058,0,1,0.01
3976,2587080.0,1111160.0,1400.0,Saturated,,NotOutflow,3977,1,1,5.579855639164994e-10
3977,2587160.0,1111160.0,1400.0,Saturated,,NotOutflow,3985,1,1,5.579855639164994e-10
3978,2587320.0,1111160.0,1400.0,Saturated,,NotOutflow,3987,1,1,1.9590088034656043e-10
3979,2587400.0,1111160.0,1400.0,Saturated,,NotOutflow,3978,2,2,1.9590088034656043e-10
3980,2586200.0,1111240.0,1400.0,Unsaturated,,NotOutflow,3065,0,1,0.01
3981,2586280.0,1111240.0,1400.0,Saturated,,NotOutflow,-1,1,0,0.0
3982,2586360.0,1111240.0,1400.0,Unsaturated,,NotOutflow,3067,0,1,0.01
3983,2586440.0,1111240.0,1400.0,Unsaturated,,NotOutflow,3068,0,1,0.01
3984,2586520.0,1111240.0,1400.0,Unsaturated,,NotOutflow,3069,0,1,0.01
3985,2587160.0,1111240.0,1400.0,Saturated,,NotOutflow,3993,2,1,1.322272928240096e-09
3986,2587240.0,1111240.0,1400.0,Unsaturated,,NotOutflow,3072,1,1,0.01
3987,2587320.0,1111240.0,1400.0,Saturated,,NotOutflow,3995,2,1,2.978287516636533e-10
3988,2587400.0,1111240.0,1400.0,Unsaturated,,NotOutflow,3074,1,1,0.01
3989,2586280.0,1111320.0,1400.0,Unsaturated,,NotOutflow,3075,1,1,0.01
3990,2586360.0,1111320.0,1400.0,Saturated,,NotOutflow,-1,1,0,0.0
3991,2586440.0,1111320.0,1400.0,Unsaturated,,NotOutflow,3077,1,1,0.01
3992,2586520.0,1111320.0,1400.0,Unsaturated,,NotOutflow,3078,0,1,0.01
3993,2587160.0,1111320.0,1400.0,Saturated,,NotOutflow,3994,1,1,1.322272928240096e-09
3994,2587240.0,1111320.0,1400.0,Saturated,,NotOutflow,4001,1,1,1.322272928240096e-09
3995,2587320.0,1111320.0,1400.0,Saturated,,NotOutflow,4002,2,2,5.557671603499971e-10
3996,2586280.0,1111400.0,1400.0,Unsaturated,,NotOutflow,-1,1,0,0.01
3997,2586360.0,1111400.0,1400.0,Unsaturated,,NotOutflow,-1,1,0,0.01
3998,2586440.0,1111400.0,1400.0,Unsaturated,,NotOutflow,3085,1,1,0.01
3999,2586520.0,1111400.0,1400.0,Unsaturated,,NotOutflow,3086,1,1,0.01
4000,2586600.0,1111400.0,1400.0,Unsaturated,,NotOutflow,3087,0,1,0.01
4001,2587240.0,1111400.0,1400.0,Saturated,,NotOutflow,4002,2,1,1.880283419100268e-09
4002,2587320.0,1111400.0,1400.0,Saturated,,NotOutflow,4882,5,3,3.4149278841888186e-09
4003,2586360.0,1111480.0,1400.0,Unsaturated,,NotOutflow,-1,1,0,0.01
4004,2586440.0,1111480.0,1400.0,Unsaturated,,NotOutflow,-1,1,0,0.01
4005,2586520.0,1111480.0,1400.0,Saturated,,NotOutflow,-1,1,0,0.0
4006,2586600.0,1111480.0,1400.0,Unsaturated,,NotOutflow,3092,1,1,0.01
4007,2587240.0,1111480.0,1400.0,Saturated,,NotOutflow,4008,1,1,7.142360096015014e-10
4008,2587320.0,1111480.0,1400.0,Saturated,,NotOutflow,4002,3,3,7.142360096015014e-10
4009,2587400.0,1111480.0,1400.0,Saturated,,NotOutflow,4017,1,1,4.714226788656854e-10
4010,2586360.0,1111560.0,1400.0,Unsaturated,,NotOutflow,-1,1,0,0.01
4011,2586440.0,1111560.0,1400.0,Unsaturated,,NotOutflow,-1,1,0,0.01
4012,2586520.0,1111560.0,1400.0,Unsaturated,,NotOutflow,3097,1,1,0.01
4013,2586600.0,1111560.0,1400.0,Unsaturated,,NotOutflow,3098,1,1,0.01
4014,2586680.0,1111560.0,1400.0,Unsaturated,,NotOutflow,3099,1,1,0.01
4015,2587240.0,1111560.0,1400.0,Saturated,,NotOutflow,4007,2,2,7.142360096015014e-10
4016,2587320.0,1111560.0,1400.0,Unsaturated,,NotOutflow,3102,1,1,0.01
4017,2587400.0,1111560.0,1400.0,Saturated,,NotOutflow,4898,1,1,4.714226788656854e-10
4018,2587480.0,1111560.0,1400.0,Unsaturated,,NotOutflow,3104,0,1,0.01
4019,2586360.0,1111640.0,1400.0,Unsaturated,,NotOutflow,-1,0,0,0.01
4020,2586440.0,1111640.0,1400.0,Unsaturated,,NotOutflow,-1,1,0,0.01
4021,2586520.0,1111640.0,1400.0,Unsaturated,,NotOutflow,3105,0,1,0.01
4022,2586600.0,1111640.0,1400.0,Unsaturated,,NotOutflow,3106,0,1,0.01
4023,2586680.0,1111640.0,1400.0,Unsaturated,,NotOutflow,3107,1,1,0.01
4024,2586760.0,1111640.0,1400.0,Unsaturated,,NotOutflow,3108,1,1,0.01
4025,2586840.0,1111640.0,1400.0,Unsaturated,,NotOutflow,3109,0,1,0.01
4026,2587240.0,1111640.0,1400.0,Saturated,,NotOutflow,4015,1,2,6.977867912836431e-10
4027,2587400.0,1111640.0,1400.0,Saturated,,NotOutflow,4028,1,1,1.0851449246277424e-10
4028,2587480.0,1111640.0,1400.0,Saturated,,NotOutflow,4039,2,2,1.242149895908544e-10
4029,2586440.0,1111720.0,1400.0,Unsaturated,,NotOutflow,-1,1,0,0.01
4030,2586520.0,1111720.0,1400.0,Unsaturated,,NotOutflow,3114,0,1,0.01
4031,2586600.0,1111720.0,1400.0,Unsaturated,,NotOutflow,3115,1,1,0.01
4032,2586680.0,1111720.0,1400.0,Unsaturated,,NotOutflow,3116,0,1,0.01
4033,2586760.0,1111720.0,1400.0,Unsaturated,,NotOutflow,3117,0,1,0.01
4034,2586840.0,1111720.0,1400.0,Unsaturated,,NotOutflow,3118,0,1,0.01
4035,2586920.0,1111720.0,1400.0,Saturated,,NotOutflow,-1,1,0,0.0
4036,2587000.0,1111720.0,1400.0,Unsaturated,,NotOutflow,3120,0,1,0.01
4037,2587160.0,1111720.0,1400.0,Saturated,,NotOutflow,4038,1,1,5.049505848501159e-10
4038,2587240.0,1111720.0,1400.0,Saturated,,NotOutflow,4026,2,2,8.5895015099288e-10
4039,2587480.0,1111720.0,1400.0,Saturated,,NotOutflow,4920,2,2,3.385058428624628e-10
4040,2587560.0,1111720.0,1400.0,Saturated,,NotOutflow,4051,1,1,6.034240982414195e-11
4041,2586440.0,1111800.0,1400.0,Unsaturated,,NotOutflow,3125,0,1,0.01
4042,2586520.0,1111800.0,1400.0,Saturated,,NotOutflow,4926,1,1,1.8500454681231244e-10
4043,2586600.0,1111800.0,1400.0,Unsaturated,,NotOutflow,3127,1,1,0.01
4044,2586680.0,1111800.0,1400.0,Unsaturated,,NotOutflow,3128,0,1,0.01
4045,2586840.0,1111800.0,1400.0,Unsaturated,,NotOutflow,3130,1,1,0.01
4046,2586920.0,1111800.0,1400.0,Unsaturated,,NotOutflow,3131,1,1,0.01
4047,2587000.0,1111800.0,1400.0,Unsaturated,,NotOutflow,3132,1,1,0.01
4048,2587080.0,1111800.0,1400.0,Unsaturated,,NotOutflow,3133,1,1,0.01
4049,2587160.0,1111800.0,1400.0,Saturated,,NotOutflow,4050,1,2,1.0337360044707656e-09
4050,2587240.0,1111800.0,1400.0,Saturated,,NotOutflow,4038,2,1,1.0337360044707656e-09
4051,2587560.0,1111800.0,1400.0,Saturated,,NotOutflow,4052,2,1,1.8259566621458656e-10
4052,2587640.0,1111800.0,1400.0,Saturated,,NotOutflow,4067,1,1,1.8259566621458656e-10
4053,2586440.0,1111880.0,1400.0,Saturated,,NotOutflow,4054,1,1,3.848327418208637e-10
4054,2586520.0,1111880.0,1400.0,Saturated,,NotOutflow,4940,1,2,1.9982819500855123e-10
4055,2586600.0,1111880.0,1400.0,Unsaturated,,NotOutflow,-1,0,0,0.01
4056,2586680.0,1111880.0,1400.0,Unsaturated,,NotOutflow,3140,0,1,0.01
4057,2586760.0,1111880.0,1400.0,Unsaturated,,NotOutflow,3141,0,1,0.01
4058,2586920.0,1111880.0,1400.0,Unsaturated,,NotOutflow,3143,1,1,0.01
4059,2587000.0,1111880.0,1400.0,Unsaturated,,NotOutflow,3144,1,1,0.01
4060,2587080.0,1111880.0,1400.0,Unsaturated,,NotOutflow,3145,1,1,0.01
4061,2587160.0,1111880.0,1400.0,Saturated,,NotOutflow,4945,3,2,3.6167761863791548e-09
4062,2587240.0,1111880.0,1400.0,Unsaturated,,NotOutflow,3147,1,1,0.01
4063,2587320.0,1111880.0,1400.0,Unsaturated,,NotOutflow,3148,1,1,0.01
4064,2587400.0,1111880.0,1400.0,Unsaturated,,NotOutflow,3149,0,1,0.01
4065,2587480.0,1111880.0,1400.0,Unsaturated,,NotOutflow,3150,1,1,0.01
4066,2587560.0,1111880.0,1400.0,Unsaturated,,NotOutflow,2204,0,1,0.01
4067,2587640.0,1111880.0,1400.0,Saturated,,NotOutflow,4068,2,1,8.539524718093175e-10
4068,2587720.0,1111880.0,1400.0,Saturated,,NotOutflow,4083,2,1,8.539524718093175e-10
4069,2586440.0,1111960.0,1400.0,Saturated,,NotOutflow,4053,2,2,3.848327418208637e-10
4070,2586520.0,1111960.0,1400.0,Unsaturated,,NotOutflow,3154,0,1,0.01
4071,2586600.0,1111960.0,1400.0,Saturated,,NotOutflow,4072,1,2,1.7622490630782819e-09
4072,2586680.0,1111960.0,1400.0,Saturated,,NotOutflow,4090,1,1,1.7622490630782819e-09
4073,2586760.0,1111960.0,1400.0,Unsaturated,,NotOutflow,3156,0,1,0.01
4074,2587000.0,1111960.0,1400.0,Unsaturated,,NotOutflow,3159,1,1,0.01
4075,2587080.0,1111960.0,1400.0,Unsaturated,,NotOutflow,3160,0,1,0.01
4076,2587160.0,1111960.0,1400.0,Saturated,,NotOutflow,4061,2,1,2.158493272921301e-09
4077,2587240.0,1111960.0,1400.0,Unsaturated,,NotOutflow,3162,1,1,0.01
4078,2587320.0,1111960.0,1400.0,Unsaturated,,NotOutflow,3163,1,1,0.01
4079,2587400.0,1111960.0,1400.0,Unsaturated,,NotOutflow,3164,1,1,0.01
4080,2587480.0,1111960.0,1400.0,Saturated,,NotOutflow,-1,0,0,0.0
4081,2587560.0,1111960.0,1400.0,Unsaturated,,NotOutflow,3166,1,1,0.01
4082,2587640.0,1111960.0,1400.0,Unsaturated,,NotOutflow,3167,1,1,0.01
4083,2587720.0,1111960.0,1400.0,Saturated,,NotOutflow,4966,4,2,1.2580334874732677e-09
4084,2587800.0,1111960.0,1400.0,Saturated,,NotOutflow,4083,2,1,4.2593041707592936e-10
4085,2587880.0,1111960.0,1400.0,Saturated,,NotOutflow,4084,1,1,4.015484110952601e-10
4086,2587960.0,1111960.0,1400.0,Unsaturated,,NotOutflow,3171,1,1,0.01
4087,2586440.0,1112040.0,1400.0,Saturated,,NotOutflow,4069,1,1,1.0605751566407807e-10
4088,2586520.0,1112040.0,1400.0,Unsaturated,,NotOutflow,3173,0,1,0.01
4089,2586600.0,1112040.0,1400.0,Unsaturated,,NotOutflow,-1,0,0,0.01
4090,2586680.0,1112040.0,1400.0,Saturated,,NotOutflow,4113,2,2,2.522680217746879e-08
4091,2586760.0,1112040.0,1400.0,Saturated,,NotOutflow,3174,2,1,1.7622490630782819e-09
4092,2586840.0,1112040.0,1400.0,Unsaturated,,NotOutflow,3175,0,1,0.01
4093,2587080.0,1112040.0,1400.0,Saturated,,NotOutflow,4094,1,2,1.7702630232312244e-09
4094,2587160.0,1112040.0,1400.0,Saturated,,NotOutflow,4076,1,1,1.7702630232312244e-09
4095,2587320.0,1112040.0,1400.0,Unsaturated,,NotOutflow,3180,1,1,0.01
4096,2587400.0,1112040.0,1400.0,Unsaturated,,NotOutflow,3181,1,1,0.01
4097,2587480.0,1112040.0,1400.0,Unsaturated,,NotOutflow,3182,1,1,0.01
4098,2587560.0,1112040.0,1400.0,Unsaturated,,NotOutflow,3183,0,1,0.01
4099,2587720.0,1112040.0,1400.0,Saturated,,NotOutflow,4100,1,1,2.1831557219725862e-10
4100,2587800.0,1112040.0,1400.0,Saturated,,NotOutflow,4124,2,1,2.2120521611125513e-10
4101,2587880.0,1112040.0,1400.0,Saturated,,NotOutflow,4085,1,1,4.015484110952601e-10
4102,2587960.0,1112040.0,1400.0,Saturated,,NotOutflow,4984,1,1,3.977092162652231e-12
4103,2588040.0,1112040.0,1400.0,Saturated,,NotOutflow,4102,1,1,3.977092162652231e-12
4104,2588120.0,1112040.0,1400.0,Unsaturated,,NotOutflow,3189,1,1,0.01
4105,2588200.0,1112040.0,1400.0,Unsaturated,,NotOutflow,3190,1,1,0.01
4106,2588280.0,1112040.0,1400.0,Unsaturated,,NotOutflow,3191,1,1,0.01
4107,2588360.0,1112040.0,1400.0,Unsaturated,,NotOutflow,3192,1,1,0.01
4108,2588440.0,1112040.0,1400.0,Unsaturated,,NotOutflow,3193,1,1,0.01
4109,2588520.0,1112040.0,1400.0,Unsaturated,,NotOutflow,3194,1,1,0.01
4110,2586040.0,1112120.0,1400.0,Unsaturated,,NotOutflow,3195,1,1,0.01
4111,2586120.0,1112120.0,1400.0,Unsaturated,,NotOutflow,3196,1,1,0.01
4112,2586440.0,1112120.0,1400.0,Saturated,,NotOutflow,3197,1,1,7.385807307078659e-10
4113,2586680.0,1112120.0,1400.0,Saturated,,NotOutflow,4114,2,1,2.522680217746879e-08
4114,2586760.0,1112120.0,1400.0,Saturated,,NotOutflow,4143,2,2,2.522680217746879e-08
4115,2586840.0,1112120.0,1400.0,Saturated,,NotOutflow,4114,3,2,2.1620767977523855e-09
4116,2586920.0,1112120.0,1400.0,Unsaturated,,NotOutflow,3201,0,1,0.01
4117,2587080.0,1112120.0,1400.0,Saturated,,NotOutflow,5001,2,2,8.8699565043532e-09
4118,2587160.0,1112120.0,1400.0,Unsaturated,,NotOutflow,3204,1,1,0.01
4119,2587400.0,1112120.0,1400.0,Unsaturated,,NotOutflow,-1,1,0,0.01
4120,2587480.0,1112120.0,1400.0,Saturated,,NotOutflow,4121,1,2,3.142135579883182e-14
4121,2587560.0,1112120.0,1400.0,Saturated,,NotOutflow,5005,1,1,3.142135579883182e-14
4122,2587640.0,1112120.0,1400.0,Unsaturated,,NotOutflow,3207,0,1,0.01
4123,2587720.0,1112120.0,1400.0,Saturated,,NotOutflow,5007,2,2,4.363893053278423e-08
4124,2587800.0,1112120.0,1400.0,Saturated,,NotOutflow,4125,1,1,2.2120521611125513e-10
4125,2587880.0,1112120.0,1400.0,Saturated,,NotOutflow,5009,1,2,2.1831557219725862e-10
4126,2588200.0,1112120.0,1400.0,Unsaturated,,NotOutflow,3211,1,1,0.01
4127,2588280.0,1112120.0,1400.0,Unsaturated,,NotOutflow,3212,1,1,0.01
4128,2588360.0,1112120.0,1400.0,Unsaturated,,NotOutflow,3213,1,1,0.01
4129,2588440.0,1112120.0,1400.0,Unsaturated,,NotOutflow,3214,0,1,0.01
4130,2588520.0,1112120.0,1400.0,Unsaturated,,NotOutflow,3215,0,1,0.01
4131,2588600.0,1112120.0,1400.0,Unsaturated,,NotOutflow,3216,1,1,0.01
4132,2588680.0,1112120.0,1400.0,Unsaturated,,NotOutflow,3217,1,1,0.01
4133,2588760.0,1112120.0,1400.0,Unsaturated,,NotOutflow,3218,1,1,0.01
4134,2588840.0,1112120.0,1400.0,Unsaturated,,NotOutflow,3219,0,1,0.01
4135,2588920.0,1112120.0,1400.0,Unsaturated,,NotOutflow,3220,1,1,0.01
4136,2589000.0,1112120.0,1400.0,Unsaturated,,NotOutflow,3221,1,1,0.01
4137,2586040.0,1112200.0,1400.0,Unsaturated,,NotOutflow,3222,1,1,0.01
4138,2586120.0,1112200.0,1400.0,Unsaturated,,NotOutflow,3223,1,1,0.01
4139,2586200.0,1112200.0,1400.0,Unsaturated,,NotOutflow,3224,1,1,0.01
4140,2586280.0,1112200.0,1400.0,Unsaturated,,NotOutflow,3225,1,1,0.01
4141,2586440.0,1112200.0,1400.0,Saturated,,NotOutflow,4112,1,2,7.385807307078659e-10
4142,2586680.0,1112200.0,1400.0,Unsaturated,,NotOutflow,-1,1,0,0.01
4143,2586760.0,1112200.0,1400.0,Saturated,,NotOutflow,4144,1,2,2.4590723035663997e-08
4144,2586840.0,1112200.0,1400.0,Saturated,,NotOutflow,4175,3,2,2.4590723035663997e-08
4145,2586920.0,1112200.0,1400.0,Saturated,,NotOutflow,4144,2,1,3.998277346741038e-10
4146,2587000.0,1112200.0,1400.0,Unsaturated,,NotOutflow,3230,1,1,0.01
4147,2587080.0,1112200.0,1400.0,Saturated,,NotOutflow,4117,2,2,1.1612813490890951e-08
4148,2587160.0,1112200.0,1400.0,Unsaturated,,NotOutflow,3232,1,1,0.01
4149,2587240.0,1112200.0,1400.0,Unsaturated,,NotOutflow,3233,1,1,0.01
4150,2587640.0,1112200.0,1400.0,Unsaturated,,NotOutflow,-1,0,0,0.01
4151,2587720.0,1112200.0,1400.0,Saturated,,NotOutflow,4123,2,3,4.363893053278423e-08
4152,2587800.0,1112200.0,1400.0,Saturated,,NotOutflow,3235,4,3,7.222913191992194e-08
4153,2587880.0,1112200.0,1400.0,Saturated,,NotOutflow,5039,5,3,2.0031108307691502e-10
4154,2587960.0,1112200.0,1400.0,Saturated,,NotOutflow,4153,4,1,1.9366074471375773e-10
4155,2588040.0,1112200.0,1400.0,Unsaturated,,NotOutflow,3238,1,1,0.01
4156,2588680.0,1112200.0,1400.0,Unsaturated,,NotOutflow,3239,0,1,0.01
4157,2588760.0,1112200.0,1400.0,Unsaturated,,NotOutflow,3240,1,1,0.01
4158,2588840.0,1112200.0,1400.0,Unsaturated,,NotOutflow,3241,1,1,0.01
4159,2588920.0,1112200.0,1400.0,Unsaturated,,NotOutflow,3242,1,1,0.01
4160,2589000.0,1112200.0,1400.0,Saturated,,NotOutflow,-1,0,0,0.0
4161,2589080.0,1112200.0,1400.0,Unsaturated,,NotOutflow,3244,1,1,0.01
4162,2589160.0,1112200.0,1400.0,Unsaturated,,NotOutflow,3245,1,1,0.01
4163,2589240.0,1112200.0,1400.0,Unsaturated,,NotOutflow,3246,1,1,0.01
4164,2589320.0,1112200.0,1400.0,Saturated,,NotOutflow,-1,0,0,0.0
4165,2589400.0,1112200.0,1400.0,Unsaturated,,NotOutflow,3248,1,1,0.01
4166,2589480.0,1112200.0,1400.0,Unsaturated,,NotOutflow,3249,1,1,0.01
4167,2589560.0,1112200.0,1400.0,Unsaturated,,NotOutflow,3250,1,1,0.01
4168,2586200.0,1112280.0,1400.0,Unsaturated,,NotOutflow,3251,0,1,0.01
4169,2586280.0,1112280.0,1400.0,Unsaturated,,NotOutflow,3252,0,1,0.01
4170,2586360.0,1112280.0,1400.0,Saturated,,NotOutflow,4171,2,1,1.5544205699708162e-09
4171,2586440.0,1112280.0,1400.0,Saturated,,NotOutflow,4202,4,4,3.728049071544022e-09
4172,2586520.0,1112280.0,1400.0,Unsaturated,,NotOutflow,-1,1,0,0.01
4173,2586680.0,1112280.0,1400.0,Unsaturated,,NotOutflow,-1,0,0,0.01
4174,2586760.0,1112280.0,1400.0,Unsaturated,,NotOutflow,-1,1,0,0.01
4175,2586840.0,1112280.0,1400.0,Saturated,,NotOutflow,3255,1,2,1.3471190998205031e-08
4176,2586920.0,1112280.0,1400.0,Saturated,,NotOutflow,4145,1,1,3.998277346741038e-10
4177,2587000.0,1112280.0,1400.0,Saturated,,NotOutflow,4178,1,1,2.6444295002195496e-08
4178,2587080.0,1112280.0,1400.0,Saturated,,NotOutflow,4147,2,2,1.905647072321141e-08
4179,2587160.0,1112280.0,1400.0,Unsaturated,,NotOutflow,2307,1,1,0.01
4180,2587240.0,1112280.0,1400.0,Saturated,,NotOutflow,-1,0,0,0.0
4181,2587320.0,1112280.0,1400.0,Unsaturated,,NotOutflow,3260,0,1,0.01
4182,2587800.0,1112280.0,1400.0,Saturated,,NotOutflow,4183,1,3,6.33225433116406e-09
4183,2587880.0,1112280.0,1400.0,Saturated,,NotOutflow,4213,2,2,6.33225433116406e-09
4184,2587960.0,1112280.0,1400.0,Saturated,,NotOutflow,4154,3,1,1.8067656024001105e-10
4185,2588040.0,1112280.0,1400.0,Saturated,,NotOutflow,4184,1,1,2.068803683424661e-12
4186,2588120.0,1112280.0,1400.0,Unsaturated,,NotOutflow,3265,0,1,0.01
4187,2588200.0,1112280.0,1400.0,Saturated,,NotOutflow,3266,1,1,3.0059406519825196e-13
4188,2588280.0,1112280.0,1400.0,Saturated,,NotOutflow,5073,1,2,1.5318354366123783e-10
4189,2588360.0,1112280.0,1400.0,Unsaturated,,NotOutflow,3268,1,1,0.01
4190,2589240.0,1112280.0,1400.0,Unsaturated,,NotOutflow,3269,1,1,0.01
4191,2589320.0,1112280.0,1400.0,Unsaturated,,NotOutflow,3270,1,1,0.01
4192,2589400.0,1112280.0,1400.0,Unsaturated,,NotOutflow,3271,1,1,0.01
4193,2589480.0,1112280.0,1400.0,Saturated,,NotOutflow,-1,0,0,0.0
4194,2589560.0,1112280.0,1400.0,Unsaturated,,NotOutflow,3273,1,1,0.01
4195,2589640.0,1112280.0,1400.0,Unsaturated,,NotOutflow,3274,1,1,0.01
4196,2589720.0,1112280.0,1400.0,Saturated,,NotOutflow,-1,0,0,0.0
4197,2589800.0,1112280.0,1400.0,Unsaturated,,NotOutflow,3276,1,1,0.01
4198,2589880.0,1112280.0,1400.0,Unsaturated,,NotOutflow,3277,1,1,0.01
4199,2589960.0,1112280.0,1400.0,Unsaturated,,NotOutflow,3278,1,1,0.01
4200,2590040.0,1112280.0,1400.0,Unsaturated,,NotOutflow,3279,1,1,0.01
4201,2586360.0,1112360.0,1400.0,Saturated,,NotOutflow,4202,2,1,2.9087040140674737e-09
4202,2586440.0,1112360.0,1400.0,Saturated,,NotOutflow,4171,4,2,5.393104248083168e-09
4203,2586520.0,1112360.0,1400.0,Saturated,,NotOutflow,3282,1,1,9.47160457941419e-13
4204,2586600.0,1112360.0,1400.0,Saturated,,NotOutflow,4203,2,2,9.47160457941419e-13
4205,2586760.0,1112360.0,1400.0,Saturated,,NotOutflow,4206,1,1,5.426601425694439e-10
4206,2586840.0,1112360.0,1400.0,Saturated,,NotOutflow,4207,1,1,5.426601425694439e-10
4207,2586920.0,1112360.0,1400.0,Saturated,,NotOutflow,4241,1,1,5.426601425694439e-10
4208,2587000.0,1112360.0,1400.0,Saturated,,NotOutflow,4177,1,2,2.6444295002195496e-08
4209,2587080.0,1112360.0,1400.0,Saturated,,NotOutflow,-1,1,0,0.0
4210,2587240.0,1112360.0,1400.0,Unsaturated,,NotOutflow,3289,1,1,0.01
4211,2587320.0,1112360.0,1400.0,Unsaturated,,NotOutflow,3290,0,1,0.01
4212,2587800.0,1112360.0,1400.0,Saturated,,NotOutflow,4213,1,1,3.4376540281889786e-09
4213,2587880.0,1112360.0,1400.0,Saturated,,NotOutflow,5100,2,2,6.684635946742701e-09
4214,2587960.0,1112360.0,1400.0,Saturated,,NotOutflow,4184,1,1,1.8669013600142443e-12
4215,2588040.0,1112360.0,1400.0,Saturated,,NotOutflow,4185,2,3,2.068803683424661e-12
4216,2588120.0,1112360.0,1400.0,Unsaturated,,NotOutflow,3295,1,1,0.01
4217,2588200.0,1112360.0,1400.0,Unsaturated,,NotOutflow,3296,0,1,0.01
4218,2588280.0,1112360.0,1400.0,Saturated,,NotOutflow,4188,2,1,1.534841377264361e-10
4219,2588360.0,1112360.0,1400.0,Saturated,,NotOutflow,4218,2,1,8.296202525970323e-11
4220,2588440.0,1112360.0,1400.0,Saturated,,NotOutflow,3299,1,1,7.477235455833618e-11
4221,2588520.0,1112360.0,1400.0,Saturated,,NotOutflow,5107,1,1,1.3019938845981596e-11
4222,2588600.0,1112360.0,1400.0,Unsaturated,,NotOutflow,3301,1,1,0.01
4223,2589800.0,1112360.0,1400.0,Unsaturated,,NotOutflow,3304,1,1,0.01
4224,2589880.0,1112360.0,1400.0,Unsaturated,,NotOutflow,3305,1,1,0.01
4225,2589960.0,1112360.0,1400.0,Unsaturated,,NotOutflow,3306,1,1,0.01
4226,2590040.0,1112360.0,1400.0,Saturated,,NotOutflow,-1,0,0,0.0
4227,2590120.0,1112360.0,1400.0,Saturated,,NotOutflow,-1,0,0,0.0
4228,2590200.0,1112360.0,1400.0,Unsaturated,,NotOutflow,3309,1,1,0.01
4229,2590280.0,1112360.0,1400.0,Unsaturated,,NotOutflow,3310,1,1,0.01
4230,2590360.0,1112360.0,1400.0,Unsaturated,,NotOutflow,3311,0,1,0.01
4231,2590440.0,1112360.0,1400.0,Unsaturated,,NotOutflow,3312,1,1,0.01
4232,2590520.0,1112360.0,1400.0,Unsaturated,,NotOutflow,3313,0,1,0.01
4233,2590600.0,1112360.0,1400.0,Unsaturated,,NotOutflow,3314,0,1,0.01
4234,2586360.0,1112440.0,1400.0,Saturated,,NotOutflow,4201,2,1,1.198455639804758e-09
4235,2586440.0,1112440.0,1400.0,Unsaturated,,NotOutflow,3316,0,1,0.01
4236,2586520.0,1112440.0,1400.0,Saturated,,NotOutflow,5120,1,1,9.131200417990577e-15
4237,2586600.0,1112440.0,1400.0,Saturated,,NotOutflow,4238,2,2,1.7106890759299588e-13
4238,2586680.0,1112440.0,1400.0,Saturated,,NotOutflow,5122,2,2,1.7106890759299588e-13
4239,2586760.0,1112440.0,1400.0,Saturated,,NotOutflow,4276,1,1,3.440096919844927e-14
4240,2586840.0,1112440.0,1400.0,Saturated,,NotOutflow,4241,2,1,9.826262791803154e-10
4241,2586920.0,1112440.0,1400.0,Saturated,,NotOutflow,3321,2,1,1.5252864217497593e-09
4242,2587000.0,1112440.0,1400.0,Saturated,,NotOutflow,4208,2,2,3.489480842708044e-08
4243,2587080.0,1112440.0,1400.0,Unsaturated,,NotOutflow,3323,0,1,0.01
4244,2587160.0,1112440.0,1400.0,Unsaturated,,NotOutflow,3324,1,1,0.01
4245,2587320.0,1112440.0,1400.0,Saturated,,NotOutflow,-1,0,0,0.0
4246,2587400.0,1112440.0,1400.0,Unsaturated,,NotOutflow,3327,0,1,0.01
4247,2587880.0,1112440.0,1400.0,Unsaturated,,NotOutflow,-1,0,0,0.01
4248,2587960.0,1112440.0,1400.0,Unsaturated,,NotOutflow,3328,0,1,0.01
4249,2588040.0,1112440.0,1400.0,Saturated,,NotOutflow,5133,2,3,4.128435185921706e-12
4250,2588120.0,1112440.0,1400.0,Saturated,,NotOutflow,4249,3,2,8.064140229360612e-12
4251,2588200.0,1112440.0,1400.0,Unsaturated,,NotOutflow,3331,1,1,0.01
4252,2588280.0,1112440.0,1400.0,Unsaturated,,NotOutflow,2377,0,1,0.01
4253,2588360.0,1112440.0,1400.0,Saturated,,NotOutflow,4219,3,1,5.715474551373988e-12
4254,2588440.0,1112440.0,1400.0,Saturated,,NotOutflow,4253,2,1,2.257954967671978e-12
4255,2588520.0,1112440.0,1400.0,Saturated,,NotOutflow,4221,1,1,1.3019938845981596e-11
4256,2588600.0,1112440.0,1400.0,Saturated,,NotOutflow,3335,2,2,1.4640570046031884e-11
4257,2588680.0,1112440.0,1400.0,Saturated,,NotOutflow,4256,1,1,2.3677893366324445e-11
4258,2588760.0,1112440.0,1400.0,Saturated,,NotOutflow,4257,1,1,2.3677893366324445e-11
4259,2588840.0,1112440.0,1400.0,Saturated,,NotOutflow,4258,1,1,2.3677893366324445e-11
4260,2588920.0,1112440.0,1400.0,Unsaturated,,NotOutflow,3339,1,1,0.01
4261,2590280.0,1112440.0,1400.0,Unsaturated,,NotOutflow,3340,1,1,0.01
4262,2590360.0,1112440.0,1400.0,Unsaturated,,NotOutflow,3341,1,1,0.01
4263,2590440.0,1112440.0,1400.0,Unsaturated,,NotOutflow,3342,1,1,0.01
4264,2590520.0,1112440.0,1400.0,Saturated,,NotOutflow,-1,0,0,0.0
4265,2590600.0,1112440.0,1400.0,Saturated,,NotOutflow,-1,0,0,0.0
4266,2590680.0,1112440.0,1400.0,Unsaturated,,NotOutflow,3345,0,1,0.01
4267,2590760.0,1112440.0,1400.0,Saturated,,NotOutflow,-1,0,0,0.0
4268,2590840.0,1112440.0,1400.0,Unsaturated,,NotOutflow,3347,0,1,0.01
4269,2590920.0,1112440.0,1400.0,Unsaturated,,NotOutflow,3348,0,1,0.01
4270,2591000.0,1112440.0,1400.0,Unsaturated,,NotOutflow,3349,0,1,0.01
4271,2586360.0,1112520.0,1400.0,Saturated,,NotOutflow,4234,1,1,1.198455639804758e-09
4272,2586440.0,1112520.0,1400.0,Unsaturated,,NotOutflow,3351,1,1,0.01
4273,2586520.0,1112520.0,1400.0,Unsaturated,,NotOutflow,-1,1,0,0.01
4274,2586600.0,1112520.0,1400.0,Unsaturated,,NotOutflow,3352,1,1,0.01
4275,2586680.0,1112520.0,1400.0,Unsaturated,,NotOutflow,3353,0,1,0.01
4276,2586760.0,1112520.0,1400.0,Saturated,,NotOutflow,5152,1,1,3.440096919844927e-14
4277,2586840.0,1112520.0,1400.0,Saturated,,NotOutflow,4240,3,3,9.826262791803154e-10
4278,2586920.0,1112520.0,1400.0,Saturated,,NotOutflow,5154,1,2,8.914992929303076e-15
4279,2587000.0,1112520.0,1400.0,Saturated,,NotOutflow,4242,3,3,3.489480842708044e-08
4280,2587080.0,1112520.0,1400.0,Unsaturated,,NotOutflow,3358,0,1,0.01
4281,2587160.0,1112520.0,1400.0,Saturated,,NotOutflow,-1,1,0,0.0
4282,2587240.0,1112520.0,1400.0,Unsaturated,,NotOutflow,3360,1,1,0.01
4283,2587400.0,1112520.0,1400.0,Saturated,,NotOutflow,-1,0,0,0.0
4284,2587480.0,1112520.0,1400.0,Unsaturated,,NotOutflow,3363,1,1,0.01
4285,2587960.0,1112520.0,1400.0,Saturated,,NotOutflow,5162,1,1,1.0185150310850798e-08
4286,2588040.0,1112520.0,1400.0,Unsaturated,,NotOutflow,3365,0,1,0.01
4287,2588120.0,1112520.0,1400.0,Saturated,,NotOutflow,4250,1,2,7.498050717339737e-12
4288,2588200.0,1112520.0,1400.0,Saturated,,NotOutflow,4287,2,2,1.252206025524671e-11
4289,2588360.0,1112520.0,1400.0,Unsaturated,,NotOutflow,1417,0,1,0.01
4290,2588440.0,1112520.0,1400.0,Saturated,,NotOutflow,5166,2,1,1.2694145629542955e-11
4291,2588520.0,1112520.0,1400.0,Saturated,,NotOutflow,4290,1,1,9.57686354705597e-13
4292,2588760.0,1112520.0,1400.0,Unsaturated,,NotOutflow,3371,1,1,0.01
4293,2588840.0,1112520.0,1400.0,Unsaturated,,NotOutflow,3372,0,1,0.01
4294,2588920.0,1112520.0,1400.0,Unsaturated,,NotOutflow,3373,0,1,0.01
4295,2589000.0,1112520.0,1400.0,Unsaturated,,NotOutflow,3374,0,1,0.01
4296,2589080.0,1112520.0,1400.0,Unsaturated,,NotOutflow,3375,1,1,0.01
4297,2589160.0,1112520.0,1400.0,Unsaturated,,NotOutflow,3376,1,1,0.01
4298,2589240.0,1112520.0,1400.0,Unsaturated,,NotOutflow,3377,1,1,0.01
4299,2590760.0,1112520.0,1400.0,Unsaturated,,NotOutflow,3378,0,1,0.01
4300,2590840.0,1112520.0,1400.0,Unsaturated,,NotOutflow,3379,0,1,0.01
4301,2590920.0,1112520.0,1400.0,Unsaturated,,NotOutflow,3380,0,1,0.01
4302,2591000.0,1112520.0,1400.0,Saturated,,NotOutflow,-1,0,0,0.0
4303,2586360.0,1112600.0,1400.0,Saturated,,NotOutflow,4271,1,1,1.198455639804758e-09
4304,2586600.0,1112600.0,1400.0,Unsaturated,,NotOutflow,-1,1,0,0.01
4305,2586680.0,1112600.0,1400.0,Unsaturated,,NotOutflow,3384,0,1,0.01
4306,2586760.0,1112600.0,1400.0,Unsaturated,,NotOutflow,3385,0,1,0.01
4307,2586840.0,1112600.0,1400.0,Saturated,,NotOutflow,4308,2,2,3.2856955666817666e-12
4308,2586920.0,1112600.0,1400.0,Saturated,,NotOutflow,4309,5,4,1.8856678095490274e-08
4309,2587000.0,1112600.0,1400.0,Saturated,,NotOutflow,4279,3,3,3.489480842708044e-08
4310,2587080.0,1112600.0,1400.0,Saturated,,NotOutflow,5182,1,1,3.938302124020585e-13
4311,2587160.0,1112600.0,1400.0,Unsaturated,,NotOutflow,3390,1,1,0.01
4312,2587240.0,1112600.0,1400.0,Unsaturated,,NotOutflow,3391,1,1,0.01
4313,2587320.0,1112600.0,1400.0,Unsaturated,,NotOutflow,3392,1,1,0.01
4314,2587400.0,1112600.0,1400.0,Saturated,,NotOutflow,5186,1,1,3.7106040316607053e-10
4315,2587480.0,1112600.0,1400.0,Saturated,,NotOutflow,4314,2,2,3.7106040316607053e-10
4316,2587960.0,1112600.0,1400.0,Unsaturated,,NotOutflow,3396,0,1,0.01
4317,2588040.0,1112600.0,1400.0,Unsaturated,,NotOutflow,3397,0,1,0.01
4318,2588200.0,1112600.0,1400.0,Saturated,,NotOutflow,4288,1,1,1.6059185759449828e-11
4319,2588280.0,1112600.0,1400.0,Saturated,,NotOutflow,4318,1,1,1.6059185759449828e-11
4320,2588440.0,1112600.0,1400.0,Unsaturated,,NotOutflow,1448,0,1,0.01
4321,2588520.0,1112600.0,1400.0,Saturated,,NotOutflow,3401,1,1,6.677212618174514e-15
4322,2588600.0,1112600.0,1400.0,Unsaturated,,NotOutflow,3402,0,1,0.01
4323,2589080.0,1112600.0,1400.0,Unsaturated,,NotOutflow,3403,1,1,0.01
4324,2589160.0,1112600.0,1400.0,Unsaturated,,NotOutflow,3404,1,1,0.01
4325,2589240.0,1112600.0,1400.0,Unsaturated,,NotOutflow,3405,1,1,0.01
4326,2589320.0,1112600.0,1400.0,Unsaturated,,NotOutflow,3406,1,1,0.01
4327,2589400.0,1112600.0,1400.0,Unsaturated,,NotOutflow,3407,0,1,0.01
4328,2589480.0,1112600.0,1400.0,Unsaturated,,NotOutflow,3408,1,1,0.01
4329,2589560.0,1112600.0,1400.0,Unsaturated,,NotOutflow,3409,0,1,0.01
4330,2586360.0,1112680.0,1400.0,Unsaturated,,NotOutflow,3410,0,1,0.01
4331,2586680.0,1112680.0,1400.0,Unsaturated,,NotOutflow,-1,0,0,0.01
4332,2586760.0,1112680.0,1400.0,Saturated,,NotOutflow,4358,1,1,7.77185647997516e-15
4333,2586840.0,1112680.0,1400.0,Unsaturated,,NotOutflow,3412,0,1,0.01
4334,2586920.0,1112680.0,1400.0,Saturated,,NotOutflow,4360,2,2,5.888389475469475e-10
4335,2587000.0,1112680.0,1400.0,Unsaturated,,NotOutflow,3414,1,1,0.01
4336,2587080.0,1112680.0,1400.0,Saturated,,NotOutflow,5208,1,2,4.599905621812078e-13
4337,2587160.0,1112680.0,1400.0,Saturated,,NotOutflow,5209,2,2,1.0641606486874069e-12
4338,2587240.0,1112680.0,1400.0,Saturated,,NotOutflow,4337,2,1,5.810351624087986e-13
4339,2587320.0,1112680.0,1400.0,Unsaturated,,NotOutflow,3418,1,1,0.01
4340,2587400.0,1112680.0,1400.0,Unsaturated,,NotOutflow,3419,1,1,0.01
4341,2587480.0,1112680.0,1400.0,Saturated,,NotOutflow,5212,2,2,7.809968038769877e-10
4342,2587560.0,1112680.0,1400.0,Saturated,,NotOutflow,4367,1,1,3.790612767422762e-11
4343,2588040.0,1112680.0,1400.0,Unsaturated,,NotOutflow,3423,0,1,0.01
4344,2588120.0,1112680.0,1400.0,Unsaturated,,NotOutflow,3424,0,1,0.01
4345,2588280.0,1112680.0,1400.0,Saturated,,NotOutflow,4319,3,2,1.6059185759449828e-11
4346,2588360.0,1112680.0,1400.0,Unsaturated,,NotOutflow,3426,0,1,0.01
4347,2588520.0,1112680.0,1400.0,Saturated,,NotOutflow,5218,1,1,4.000079460129236e-14
4348,2588600.0,1112680.0,1400.0,Saturated,,NotOutflow,4347,1,2,4.000079460129236e-14
4349,2588680.0,1112680.0,1400.0,Unsaturated,,NotOutflow,3428,0,1,0.01
4350,2589400.0,1112680.0,1400.0,Unsaturated,,NotOutflow,3429,1,1,0.01
4351,2589480.0,1112680.0,1400.0,Unsaturated,,NotOutflow,3430,0,1,0.01
4352,2589560.0,1112680.0,1400.0,Unsaturated,,NotOutflow,3431,1,1,0.01
4353,2589640.0,1112680.0,1400.0,Unsaturated,,NotOutflow,3432,1,1,0.01
4354,2589720.0,1112680.0,1400.0,Unsaturated,,NotOutflow,3433,1,1,0.01
4355,2589800.0,1112680.0,1400.0,Unsaturated,,NotOutflow,3434,1,1,0.01
4356,2586280.0,1112760.0,1400.0,Unsaturated,,NotOutflow,3435,1,1,0.01
4357,2586360.0,1112760.0,1400.0,Unsaturated,,NotOutflow,3436,0,1,0.01
4358,2586760.0,1112760.0,1400.0,Saturated,,NotOutflow,4359,1,1,7.77185647997516e-15
4359,2586840.0,1112760.0,1400.0,Saturated,,NotOutflow,4385,1,1,7.77185647997516e-15
4360,2586920.0,1112760.0,1400.0,Saturated,,NotOutflow,4386,2,1,5.888389475469475e-10
4361,2587000.0,1112760.0,1400.0,Unsaturated,,NotOutflow,3439,1,1,0.01
4362,2587160.0,1112760.0,1400.0,Saturated,,NotOutflow,4337,2,1,1.336946260861875e-12
4363,2587240.0,1112760.0,1400.0,Saturated,,NotOutflow,4362,3,3,6.82169790102304e-13
4364,2587320.0,1112760.0,1400.0,Unsaturated,,NotOutflow,3443,0,1,0.01
4365,2587400.0,1112760.0,1400.0,Saturated,,NotOutflow,4366,1,2,5.185807274607729e-09
4366,2587480.0,1112760.0,1400.0,Saturated,,NotOutflow,3445,2,1,5.185807274607729e-09
4367,2587560.0,1112760.0,1400.0,Saturated,,NotOutflow,3446,1,1,3.790612767422762e-11
4368,2587640.0,1112760.0,1400.0,Unsaturated,,NotOutflow,3447,0,1,0.01
4369,2588040.0,1112760.0,1400.0,Unsaturated,,NotOutflow,3448,1,1,0.01
4370,2588120.0,1112760.0,1400.0,Unsaturated,,NotOutflow,3449,0,1,0.01
4371,2588280.0,1112760.0,1400.0,Saturated,,NotOutflow,4345,1,1,1.5525595375375105e-11
4372,2588360.0,1112760.0,1400.0,Saturated,,NotOutflow,4371,2,1,1.5525595375375105e-11
4373,2588440.0,1112760.0,1400.0,Saturated,,NotOutflow,4372,2,1,8.17049343770076e-19
4374,2588600.0,1112760.0,1400.0,Saturated,,NotOutflow,4348,1,2,7.406874864791473e-14
4375,2588680.0,1112760.0,1400.0,Saturated,,NotOutflow,4400,2,2,2.323210935987107e-13
4376,2589640.0,1112760.0,1400.0,Unsaturated,,NotOutflow,3455,1,1,0.01
4377,2589720.0,1112760.0,1400.0,Unsaturated,,NotOutflow,3456,1,1,0.01
4378,2589800.0,1112760.0,1400.0,Saturated,,NotOutflow,-1,0,0,0.0
4379,2589880.0,1112760.0,1400.0,Unsaturated,,NotOutflow,3458,1,1,0.01
4380,2589960.0,1112760.0,1400.0,Unsaturated,,NotOutflow,3459,1,1,0.01
4381,2590040.0,1112760.0,1400.0,Saturated,,NotOutflow,-1,0,0,0.0
4382,2590120.0,1112760.0,1400.0,Unsaturated,,NotOutflow,3461,1,1,0.01
4383,2586280.0,1112840.0,1400.0,Unsaturated,,NotOutflow,3462,0,1,0.01
4384,2586360.0,1112840.0,1400.0,Unsaturated,,NotOutflow,3463,0,1,0.01
4385,2586840.0,1112840.0,1400.0,Saturated,,NotOutflow,4386,1,1,7.77185647997516e-15
4386,2586920.0,1112840.0,1400.0,Saturated,,NotOutflow,5259,4,2,1.049539084790357e-09
4387,2587000.0,1112840.0,1400.0,Unsaturated,,NotOutflow,3466,1,1,0.01
4388,2587240.0,1112840.0,1400.0,Saturated,,NotOutflow,4363,1,1,7.026017023895148e-13
4389,2587320.0,1112840.0,1400.0,Unsaturated,,NotOutflow,3468,1,1,0.01
4390,2587400.0,1112840.0,1400.0,Saturated,,NotOutflow,3469,3,2,1.7247670874646945e-15
4391,2587480.0,1112840.0,1400.0,Saturated,,NotOutflow,4392,2,2,2.2116097204826e-10
4392,2587560.0,1112840.0,1400.0,Saturated,,NotOutflow,3471,1,1,2.2116097204826e-10
4393,2587640.0,1112840.0,1400.0,Saturated,,NotOutflow,4394,1,1,1.9670203952881075e-11
4394,2587720.0,1112840.0,1400.0,Saturated,,NotOutflow,3473,1,1,1.9670203952881075e-11
4395,2588120.0,1112840.0,1400.0,Saturated,,NotOutflow,-1,0,0,0.0
4396,2588200.0,1112840.0,1400.0,Unsaturated,,NotOutflow,3476,0,1,0.01
4397,2588360.0,1112840.0,1400.0,Unsaturated,,NotOutflow,-1,0,0,0.01
4398,2588440.0,1112840.0,1400.0,Saturated,,NotOutflow,4373,1,1,8.17049343770076e-19
4399,2588520.0,1112840.0,1400.0,Unsaturated,,NotOutflow,3478,1,1,0.01
4400,2588680.0,1112840.0,1400.0,Saturated,,NotOutflow,5273,1,2,1.1769212396999143e-13
4401,2588760.0,1112840.0,1400.0,Unsaturated,,NotOutflow,3480,1,1,0.01
4402,2589960.0,1112840.0,1400.0,Unsaturated,,NotOutflow,3482,1,1,0.01
4403,2590040.0,1112840.0,1400.0,Unsaturated,,NotOutflow,3483,1,1,0.01
4404,2590120.0,1112840.0,1400.0,Unsaturated,,NotOutflow,3484,0,1,0.01
4405,2590200.0,1112840.0,1400.0,Saturated,,NotOutflow,-1,0,0,0.0
4406,2590280.0,1112840.0,1400.0,Saturated,,NotOutflow,-1,1,0,0.0
4407,2590360.0,1112840.0,1400.0,Unsaturated,,NotOutflow,3487,0,1,0.01
4408,2586280.0,1112920.0,1400.0,Unsaturated,,NotOutflow,3489,0,1,0.01
4409,2586360.0,1112920.0,1400.0,Unsaturated,,NotOutflow,3490,1,1,0.01
4410,2586840.0,1112920.0,1400.0,Unsaturated,,NotOutflow,3491,0,1,0.01
4411,2586920.0,1112920.0,1400.0,Saturated,,NotOutflow,4412,2,3,7.996171285165401e-10
4412,2587000.0,1112920.0,1400.0,Saturated,,NotOutflow,4436,2,3,9.666661455140039e-10
4413,2587320.0,1112920.0,1400.0,Unsaturated,,NotOutflow,3495,1,1,0.01
4414,2587400.0,1112920.0,1400.0,Unsaturated,,NotOutflow,3496,0,1,0.01
4415,2587480.0,1112920.0,1400.0,Unsaturated,,NotOutflow,3497,0,1,0.01
4416,2587560.0,1112920.0,1400.0,Saturated,,NotOutflow,-1,0,0,0.0
4417,2587640.0,1112920.0,1400.0,Saturated,,NotOutflow,-1,1,0,0.0
4418,2587720.0,1112920.0,1400.0,Unsaturated,,NotOutflow,3500,0,1,0.01
4419,2587800.0,1112920.0,1400.0,Saturated,,NotOutflow,4444,1,1,8.747239781157867e-10
4420,2587880.0,1112920.0,1400.0,Unsaturated,,NotOutflow,3502,1,1,0.01
4421,2588120.0,1112920.0,1400.0,Unsaturated,,NotOutflow,3503,0,1,0.01
4422,2588200.0,1112920.0,1400.0,Saturated,,NotOutflow,-1,0,0,0.0
4423,2588280.0,1112920.0,1400.0,Unsaturated,,NotOutflow,601,0,1,0.01
4424,2588440.0,1112920.0,1400.0,Unsaturated,,NotOutflow,-1,0,0,0.01
4425,2588520.0,1112920.0,1400.0,Saturated,,NotOutflow,4449,2,2,1.4705888556488656e-18
4426,2588600.0,1112920.0,1400.0,Saturated,,NotOutflow,3506,1,1,1.680004231053999e-18
4427,2588760.0,1112920.0,1400.0,Unsaturated,,NotOutflow,3508,1,1,0.01
4428,2588840.0,1112920.0,1400.0,Unsaturated,,NotOutflow,3509,1,1,0.01
4429,2590280.0,1112920.0,1400.0,Unsaturated,,NotOutflow,3511,0,1,0.01
4430,2590360.0,1112920.0,1400.0,Saturated,,NotOutflow,-1,0,0,0.0
4431,2590440.0,1112920.0,1400.0,Unsaturated,,NotOutflow,3513,0,1,0.01
4432,2586280.0,1113000.0,1400.0,Saturated,,NotOutflow,-1,0,0,0.0
4433,2586360.0,1113000.0,1400.0,Unsaturated,,NotOutflow,3518,1,1,0.01
4434,2586840.0,1113000.0,1400.0,Unsaturated,,NotOutflow,3519,0,1,0.01
4435,2586920.0,1113000.0,1400.0,Unsaturated,,NotOutflow,3520,0,1,0.01
4436,2587000.0,1113000.0,1400.0,Saturated,,NotOutflow,4437,1,2,6.525473102412072e-10
4437,2587080.0,1113000.0,1400.0,Saturated,,NotOutflow,4460,2,1,6.525473102412072e-10
4438,2587160.0,1113000.0,1400.0,Unsaturated,,NotOutflow,3523,0,1,0.01
4439,2587320.0,1113000.0,1400.0,Unsaturated,,NotOutflow,2571,1,1,0.01
4440,2587400.0,1113000.0,1400.0,Unsaturated,,NotOutflow,3525,1,1,0.01
4441,2587480.0,1113000.0,1400.0,Unsaturated,,NotOutflow,3526,0,1,0.01
4442,2587640.0,1113000.0,1400.0,Unsaturated,,NotOutflow,3528,1,1,0.01
4443,2587720.0,1113000.0,1400.0,Unsaturated,,NotOutflow,3529,1,1,0.01
4444,2587800.0,1113000.0,1400.0,Saturated,,NotOutflow,4445,1,1,8.747239781157867e-10
4445,2587880.0,1113000.0,1400.0,Saturated,,NotOutflow,4446,3,3,1.971572400105125e-09
4446,2587960.0,1113000.0,1400.0,Saturated,,NotOutflow,4470,3,1,3.565197367753284e-09
4447,2588200.0,1113000.0,1400.0,Unsaturated,,NotOutflow,3534,1,1,0.01
4448,2588280.0,1113000.0,1400.0,Saturated,,NotOutflow,-1,0,0,0.0
4449,2588520.0,1113000.0,1400.0,Saturated,,NotOutflow,5321,2,2,1.4705888556488656e-18
4450,2588600.0,1113000.0,1400.0,Saturated,,NotOutflow,5322,1,2,2.0860084762282714e-18
4451,2588680.0,1113000.0,1400.0,Saturated,,NotOutflow,4450,3,2,3.766012707282271e-18
4452,2588840.0,1113000.0,1400.0,Saturated,,NotOutflow,-1,0,0,0.0
4453,2588920.0,1113000.0,1400.0,Unsaturated,,NotOutflow,3540,0,1,0.01
4454,2586280.0,1113080.0,1400.0,Unsaturated,,NotOutflow,3547,1,1,0.01
4455,2586360.0,1113080.0,1400.0,Unsaturated,,NotOutflow,3548,0,1,0.01
4456,2586760.0,1113080.0,1400.0,Unsaturated,,NotOutflow,-1,1,0,0.01
4457,2586840.0,1113080.0,1400.0,Unsaturated,,NotOutflow,3549,1,1,0.01
4458,2586920.0,1113080.0,1400.0,Unsaturated,,NotOutflow,2598,0,1,0.01
4459,2587000.0,1113080.0,1400.0,Saturated,,NotOutflow,4484,1,1,3.1411883527279675e-10
4460,2587080.0,1113080.0,1400.0,Saturated,,NotOutflow,5331,1,2,3.8135148740237577e-10
4461,2587160.0,1113080.0,1400.0,Saturated,,NotOutflow,4486,2,1,2.7119582283883144e-10
4462,2587240.0,1113080.0,1400.0,Unsaturated,,NotOutflow,3553,0,1,0.01
4463,2587400.0,1113080.0,1400.0,Unsaturated,,NotOutflow,2603,0,1,0.01
4464,2587480.0,1113080.0,1400.0,Unsaturated,,NotOutflow,3555,1,1,0.01
4465,2587560.0,1113080.0,1400.0,Unsaturated,,NotOutflow,3556,0,1,0.01
4466,2587640.0,1113080.0,1400.0,Unsaturated,,NotOutflow,3557,1,1,0.01
4467,2587720.0,1113080.0,1400.0,Unsaturated,,NotOutflow,3558,1,1,0.01
4468,2587800.0,1113080.0,1400.0,Unsaturated,,NotOutflow,3559,0,1,0.01
4469,2587880.0,1113080.0,1400.0,Saturated,,NotOutflow,4470,1,3,3.3252972211800204e-10
4470,2587960.0,1113080.0,1400.0,Saturated,,NotOutflow,5340,2,3,3.565197367753284e-09
4471,2588040.0,1113080.0,1400.0,Unsaturated,,NotOutflow,3562,1,1,0.01
4472,2588280.0,1113080.0,1400.0,Unsaturated,,NotOutflow,3564,0,1,0.01
4473,2588360.0,1113080.0,1400.0,Unsaturated,,NotOutflow,3565,0,1,0.01
4474,2588600.0,1113080.0,1400.0,Unsaturated,,NotOutflow,666,0,1,0.01
4475,2588680.0,1113080.0,1400.0,Saturated,,NotOutflow,4451,1,1,4.885370372489693e-18
4476,2588760.0,1113080.0,1400.0,Saturated,,NotOutflow,4475,1,1,4.885370372489693e-18
4477,2588840.0,1113080.0,1400.0,Unsaturated,,NotOutflow,3568,1,1,0.01
4478,2588920.0,1113080.0,1400.0,Unsaturated,,NotOutflow,3569,0,1,0.01
4479,2589000.0,1113080.0,1400.0,Unsaturated,,NotOutflow,3570,0,1,0.01
4480,2586280.0,1113160.0,1400.0,Unsaturated,,NotOutflow,3574,1,1,0.01
4481,2586760.0,1113160.0,1400.0,Unsaturated,,NotOutflow,3575,1,1,0.01
4482,2586840.0,1113160.0,1400.0,Unsaturated,,NotOutflow,3576,1,1,0.01
4483,2586920.0,1113160.0,1400.0,Unsaturated,,NotOutflow,1638,0,1,0.01
4484,2587000.0,1113160.0,1400.0,Saturated,,NotOutflow,5353,1,1,3.1411883527279675e-10
4485,2587080.0,1113160.0,1400.0,Unsaturated,,NotOutflow,3578,0,1,0.01
4486,2587160.0,1113160.0,1400.0,Saturated,,NotOutflow,4487,1,1,2.7119582283883144e-10
4487,2587240.0,1113160.0,1400.0,Saturated,,NotOutflow,4513,1,1,2.7119582283883144e-10
4488,2587320.0,1113160.0,1400.0,Unsaturated,,NotOutflow,3581,1,1,0.01
4489,2587480.0,1113160.0,1400.0,Unsaturated,,NotOutflow,3583,0,1,0.01
4490,2587560.0,1113160.0,1400.0,Unsaturated,,NotOutflow,2630,1,1,0.01
4491,2587640.0,1113160.0,1400.0,Unsaturated,,NotOutflow,3584,1,1,0.01
4492,2587720.0,1113160.0,1400.0,Unsaturated,,NotOutflow,3585,1,1,0.01
4493,2587800.0,1113160.0,1400.0,Unsaturated,,NotOutflow,3586,0,1,0.01
4494,2587880.0,1113160.0,1400.0,Saturated,,NotOutflow,4495,2,1,6.904242680583558e-11
4495,2587960.0,1113160.0,1400.0,Saturated,,NotOutflow,4521,2,1,1.7808850478235308e-10
4496,2588040.0,1113160.0,1400.0,Saturated,,NotOutflow,4522,1,1,1.3355069660138138e-10
4497,2588120.0,1113160.0,1400.0,Unsaturated,,NotOutflow,3590,0,1,0.01
4498,2588200.0,1113160.0,1400.0,Unsaturated,,NotOutflow,3591,1,1,0.01
4499,2588280.0,1113160.0,1400.0,Unsaturated,,NotOutflow,3592,0,1,0.01
4500,2588360.0,1113160.0,1400.0,Saturated,,NotOutflow,5368,2,1,1.7978012375777135e-09
4501,2588440.0,1113160.0,1400.0,Unsaturated,,NotOutflow,2640,0,1,0.01
4502,2588760.0,1113160.0,1400.0,Saturated,,NotOutflow,4476,1,1,4.885370372489693e-18
4503,2588840.0,1113160.0,1400.0,Saturated,,NotOutflow,5372,1,2,1.406426675842671e-17
4504,2588920.0,1113160.0,1400.0,Unsaturated,,NotOutflow,3595,0,1,0.01
4505,2589000.0,1113160.0,1400.0,Saturated,,NotOutflow,-1,1,0,0.0
4506,2589080.0,1113160.0,1400.0,Unsaturated,,NotOutflow,3597,0,1,0.01
4507,2586200.0,1113240.0,1400.0,Unsaturated,,NotOutflow,-1,1,0,0.01
4508,2586280.0,1113240.0,1400.0,Saturated,,NotOutflow,-1,0,0,0.0
4509,2586760.0,1113240.0,1400.0,Unsaturated,,NotOutflow,3599,0,1,0.01
4510,2586840.0,1113240.0,1400.0,Unsaturated,,NotOutflow,3600,1,1,0.01
4511,2587000.0,1113240.0,1400.0,Unsaturated,,NotOutflow,3601,0,1,0.01
4512,2587080.0,1113240.0,1400.0,Saturated,,NotOutflow,3602,2,1,1.987718355197008e-10
4513,2587240.0,1113240.0,1400.0,Saturated,,NotOutflow,4514,2,2,2.7119582283883144e-10
4514,2587320.0,1113240.0,1400.0,Saturated,,NotOutflow,4513,2,1,2.7119582283883144e-10
4515,2587400.0,1113240.0,1400.0,Unsaturated,,NotOutflow,3605,1,1,0.01
4516,2587480.0,1113240.0,1400.0,Unsaturated,,NotOutflow,3606,1,1,0.01
4517,2587640.0,1113240.0,1400.0,Unsaturated,,NotOutflow,3608,1,1,0.01
4518,2587720.0,1113240.0,1400.0,Unsaturated,,NotOutflow,3609,1,1,0.01
4519,2587800.0,1113240.0,1400.0,Saturated,,NotOutflow,-1,1,0,0.0
4520,2587880.0,1113240.0,1400.0,Unsaturated,,NotOutflow,3611,0,1,0.01
4521,2587960.0,1113240.0,1400.0,Saturated,,NotOutflow,5391,1,1,1.7808850478235308e-10
4522,2588040.0,1113240.0,1400.0,Saturated,,NotOutflow,5392,1,1,1.3355069660138138e-10
4523,2588120.0,1113240.0,1400.0,Saturated,,NotOutflow,4524,1,1,4.2121397471066226e-10
4524,2588200.0,1113240.0,1400.0,Saturated,,NotOutflow,3615,1,1,4.2121397471066226e-10
4525,2588280.0,1113240.0,1400.0,Unsaturated,,NotOutflow,3616,0,1,0.01
4526,2588360.0,1113240.0,1400.0,Saturated,,NotOutflow,4500,2,1,1.6047195034264782e-10
4527,2588440.0,1113240.0,1400.0,Saturated,,NotOutflow,4526,1,1,1.6047195034264782e-10
4528,2588920.0,1113240.0,1400.0,Unsaturated,,NotOutflow,721,0,1,0.01
4529,2589000.0,1113240.0,1400.0,Saturated,,NotOutflow,-1,0,0,0.0
4530,2589080.0,1113240.0,1400.0,Unsaturated,,NotOutflow,3620,1,1,0.01
4531,2589160.0,1113240.0,1400.0,Unsaturated,,NotOutflow,3621,0,1,0.01
4532,2586200.0,1113320.0,1400.0,Unsaturated,,NotOutflow,3622,1,1,0.01
4533,2586280.0,1113320.0,1400.0,Unsaturated,,NotOutflow,3623,0,1,0.01
4534,2586760.0,1113320.0,1400.0,Unsaturated,,NotOutflow,3624,0,1,0.01
4535,2586840.0,1113320.0,1400.0,Unsaturated,,NotOutflow,3625,0,1,0.01
4536,2586920.0,1113320.0,1400.0,Unsaturated,,NotOutflow,-1,0,0,0.01
4537,2587000.0,1113320.0,1400.0,Saturated,,NotOutflow,5408,1,1,4.3019220484255376e-10
4538,2587080.0,1113320.0,1400.0,Saturated,,NotOutflow,4512,1,1,1.987718355197008e-10
4539,2587320.0,1113320.0,1400.0,Unsaturated,,NotOutflow,2675,1,1,0.01
4540,2587400.0,1113320.0,1400.0,Unsaturated,,NotOutflow,1692,1,1,0.01
4541,2587480.0,1113320.0,1400.0,Saturated,,NotOutflow,-1,1,0,0.0
4542,2587560.0,1113320.0,1400.0,Unsaturated,,NotOutflow,3629,1,1,0.01
4543,2587640.0,1113320.0,1400.0,Unsaturated,,NotOutflow,3630,1,1,0.01
4544,2587800.0,1113320.0,1400.0,Unsaturated,,NotOutflow,3632,1,1,0.01
4545,2587880.0,1113320.0,1400.0,Unsaturated,,NotOutflow,3633,1,1,0.01
4546,2587960.0,1113320.0,1400.0,Unsaturated,,NotOutflow,3634,0,1,0.01
4547,2588040.0,1113320.0,1400.0,Saturated,,NotOutflow,4548,1,1,4.2121397471066226e-10
4548,2588120.0,1113320.0,1400.0,Saturated,,NotOutflow,4549,2,2,2.3840690652725315e-09
4549,2588200.0,1113320.0,1400.0,Saturated,,NotOutflow,3637,2,1,2.3840690652725315e-09
4550,2588280.0,1113320.0,1400.0,Unsaturated,,NotOutflow,3638,0,1,0.01
4551,2588360.0,1113320.0,1400.0,Unsaturated,,NotOutflow,3639,1,1,0.01
4552,2588440.0,1113320.0,1400.0,Saturated,,NotOutflow,4553,2,3,1.257886700288231e-09
4553,2588520.0,1113320.0,1400.0,Saturated,,NotOutflow,4579,2,2,1.257886700288231e-09
4554,2589000.0,1113320.0,1400.0,Unsaturated,,NotOutflow,742,0,1,0.01
4555,2589080.0,1113320.0,1400.0,Unsaturated,,NotOutflow,3642,0,1,0.01
4556,2589160.0,1113320.0,1400.0,Saturated,,NotOutflow,-1,0,0,0.0
4557,2589240.0,1113320.0,1400.0,Unsaturated,,NotOutflow,3644,1,1,0.01
4558,2589320.0,1113320.0,1400.0,Unsaturated,,NotOutflow,3645,0,1,0.01
4559,2586200.0,1113400.0,1400.0,Unsaturated,,NotOutflow,3647,1,1,0.01
4560,2586280.0,1113400.0,1400.0,Unsaturated,,NotOutflow,3648,1,1,0.01
4561,2586680.0,1113400.0,1400.0,Unsaturated,,NotOutflow,-1,0,0,0.01
4562,2586760.0,1113400.0,1400.0,Saturated,,NotOutflow,4591,2,2,3.12559940357577e-07
4563,2586840.0,1113400.0,1400.0,Unsaturated,,NotOutflow,2697,0,1,0.01
4564,2587000.0,1113400.0,1400.0,Saturated,,NotOutflow,4537,1,1,4.3019220484255376e-10
4565,2587080.0,1113400.0,1400.0,Saturated,,NotOutflow,4564,1,2,4.3019220484255376e-10
4566,2587480.0,1113400.0,1400.0,Unsaturated,,NotOutflow,1720,1,1,0.01
4567,2587560.0,1113400.0,1400.0,Unsaturated,,NotOutflow,1721,1,1,0.01
4568,2587640.0,1113400.0,1400.0,Saturated,,NotOutflow,-1,1,0,0.0
4569,2587720.0,1113400.0,1400.0,Unsaturated,,NotOutflow,3653,1,1,0.01
4570,2587800.0,1113400.0,1400.0,Unsaturated,,NotOutflow,3654,1,1,0.01
4571,2587880.0,1113400.0,1400.0,Unsaturated,,NotOutflow,3655,1,1,0.01
4572,2587960.0,1113400.0,1400.0,Unsaturated,,NotOutflow,3656,1,1,0.01
4573,2588040.0,1113400.0,1400.0,Unsaturated,,NotOutflow,3657,0,1,0.01
4574,2588120.0,1113400.0,1400.0,Saturated,,NotOutflow,-1,0,0,0.0
4575,2588200.0,1113400.0,1400.0,Unsaturated,,NotOutflow,3659,1,1,0.01
4576,2588280.0,1113400.0,1400.0,Unsaturated,,NotOutflow,3660,1,1,0.01
4577,2588360.0,1113400.0,1400.0,Unsaturated,,NotOutflow,3661,1,1,0.01
4578,2588440.0,1113400.0,1400.0,Unsaturated,,NotOutflow,3662,0,1,0.01
4579,2588520.0,1113400.0,1400.0,Saturated,,NotOutflow,5450,2,2,4.9703910679981385e-08
4580,2588600.0,1113400.0,1400.0,Unsaturated,,NotOutflow,3664,1,1,0.01
4581,2588680.0,1113400.0,1400.0,Unsaturated,,NotOutflow,3665,1,1,0.01
4582,2589160.0,1113400.0,1400.0,Unsaturated,,NotOutflow,3666,0,1,0.01
4583,2589240.0,1113400.0,1400.0,Saturated,,NotOutflow,-1,1,0,0.0
4584,2589320.0,1113400.0,1400.0,Unsaturated,,NotOutflow,3668,1,1,0.01
4585,2589400.0,1113400.0,1400.0,Unsaturated,,NotOutflow,3669,1,1,0.01
4586,2589480.0,1113400.0,1400.0,Unsaturated,,NotOutflow,3670,0,1,0.01
4587,2586200.0,1113480.0,1400.0,Saturated,,NotOutflow,-1,0,0,0.0
4588,2586280.0,1113480.0,1400.0,Unsaturated,,NotOutflow,3673,0,1,0.01
4589,2586600.0,1113480.0,1400.0,Saturated,,NotOutflow,4619,2,1,3.125e-07
4590,2586680.0,1113480.0,1400.0,Saturated,,NotOutflow,4589,3,3,3.125e-07
4591,2586760.0,1113480.0,1400.0,Saturated,,NotOutflow,4590,3,2,3.125644381569332e-07
4592,2587000.0,1113480.0,1400.0,Saturated,,NotOutflow,4593,2,2,3.1232699325594045e-10
4593,2587080.0,1113480.0,1400.0,Saturated,,NotOutflow,4565,2,2,6.289640403622546e-10
4594,2587640.0,1113480.0,1400.0,Unsaturated,,NotOutflow,1749,0,1,0.01
4595,2587720.0,1113480.0,1400.0,Unsaturated,,NotOutflow,779,1,1,0.01
4596,2587800.0,1113480.0,1400.0,Saturated,,NotOutflow,-1,1,0,0.0
4597,2587880.0,1113480.0,1400.0,Unsaturated,,NotOutflow,3679,1,1,0.01
4598,2587960.0,1113480.0,1400.0,Unsaturated,,NotOutflow,3680,0,1,0.01
4599,2588040.0,1113480.0,1400.0,Unsaturated,,NotOutflow,3681,1,1,0.01
4600,2588120.0,1113480.0,1400.0,Unsaturated,,NotOutflow,3682,1,1,0.01
4601,2588200.0,1113480.0,1400.0,Saturated,,NotOutflow,-1,1,0,0.0
4602,2588280.0,1113480.0,1400.0,Unsaturated,,NotOutflow,3684,0,1,0.01
4603,2588360.0,1113480.0,1400.0,Saturated,,NotOutflow,-1,1,0,0.0
4604,2588440.0,1113480.0,1400.0,Unsaturated,,NotOutflow,3686,1,1,0.01
4605,2588520.0,1113480.0,1400.0,Unsaturated,,NotOutflow,3687,1,1,0.01
4606,2588600.0,1113480.0,1400.0,Unsaturated,,NotOutflow,3688,1,1,0.01
4607,2588680.0,1113480.0,1400.0,Unsaturated,,NotOutflow,3689,1,1,0.01
4608,2588760.0,1113480.0,1400.0,Saturated,,NotOutflow,-1,0,0,0.0
4609,2588840.0,1113480.0,1400.0,Unsaturated,,NotOutflow,3691,1,1,0.01
4610,2589240.0,1113480.0,1400.0,Unsaturated,,NotOutflow,3692,0,1,0.01
4611,2589320.0,1113480.0,1400.0,Saturated,,NotOutflow,-1,1,0,0.0
4612,2589400.0,1113480.0,1400.0,Unsaturated,,NotOutflow,3694,1,1,0.01
4613,2589480.0,1113480.0,1400.0,Unsaturated,,NotOutflow,3695,0,1,0.01
4614,2589560.0,1113480.0,1400.0,Saturated,,NotOutflow,-1,1,0,0.0
4615,2589640.0,1113480.0,1400.0,Unsaturated,,NotOutflow,3697,0,1,0.01
4616,2586200.0,1113560.0,1400.0,Unsaturated,,NotOutflow,3698,0,1,0.01
4617,2586280.0,1113560.0,1400.0,Unsaturated,,NotOutflow,3699,0,1,0.01
4618,2586520.0,1113560.0,1400.0,Saturated,,NotOutflow,4646,1,1,2.1246134867206996e-07
4619,2586600.0,1113560.0,1400.0,Saturated,,NotOutflow,4618,1,2,2.1246134867206996e-07
4620,2586680.0,1113560.0,1400.0,Saturated,,NotOutflow,4590,2,2,3.911570397043113e-11
4621,2586760.0,1113560.0,1400.0,Unsaturated,,NotOutflow,3703,0,1,0.01
4622,2587000.0,1113560.0,1400.0,Unsaturated,,NotOutflow,-1,0,0,0.01
4623,2587080.0,1113560.0,1400.0,Saturated,,NotOutflow,4593,1,1,5.292668610848261e-10
4624,2587720.0,1113560.0,1400.0,Unsaturated,,NotOutflow,1776,1,1,0.01
4625,2587800.0,1113560.0,1400.0,Unsaturated,,NotOutflow,804,1,1,0.01
4626,2587880.0,1113560.0,1400.0,Unsaturated,,NotOutflow,805,1,1,0.01
4627,2587960.0,1113560.0,1400.0,Unsaturated,,NotOutflow,3707,1,1,0.01
4628,2588040.0,1113560.0,1400.0,Unsaturated,,NotOutflow,3708,1,1,0.01
4629,2588120.0,1113560.0,1400.0,Unsaturated,,NotOutflow,3709,1,1,0.01
4630,2588200.0,1113560.0,1400.0,Unsaturated,,NotOutflow,3710,1,1,0.01
4631,2588280.0,1113560.0,1400.0,Unsaturated,,NotOutflow,3711,1,1,0.01
4632,2588360.0,1113560.0,1400.0,Unsaturated,,NotOutflow,3712,1,1,0.01
4633,2588440.0,1113560.0,1400.0,Unsaturated,,NotOutflow,3713,0,1,0.01
4634,2588520.0,1113560.0,1400.0,Unsaturated,,NotOutflow,3714,1,1,0.01
4635,2588600.0,1113560.0,1400.0,Unsaturated,,NotOutflow,3715,1,1,0.01
4636,2588680.0,1113560.0,1400.0,Unsaturated,,NotOutflow,3716,1,1,0.01
4637,2588760.0,1113560.0,1400.0,Unsaturated,,NotOutflow,3717,0,1,0.01
4638,2588840.0,1113560.0,1400.0,Saturated,,NotOutflow,-1,0,0,0.0
4639,2588920.0,1113560.0,1400.0,Saturated,,NotOutflow,-1,0,0,0.0
4640,2589000.0,1113560.0,1400.0,Unsaturated,,NotOutflow,3720,1,1,0.01
4641,2589320.0,1113560.0,1400.0,Saturated,,NotOutflow,-1,1,0,0.0
4642,2589400.0,1113560.0,1400.0,Unsaturated,,NotOutflow,3722,1,1,0.01
4643,2589560.0,1113560.0,1400.0,Unsaturated,,NotOutflow,3724,1,1,0.01
4644,2589640.0,1113560.0,1400.0,Unsaturated,,NotOutflow,3725,1,1,0.01
4645,2589720.0,1113560.0,1400.0,Unsaturated,,NotOutflow,3726,0,1,0.01
4646,2586520.0,1113640.0,1400.0,Saturated,,Outflow,-1,2,0,0.0
4647,2586680.0,1113640.0,1400.0,Saturated,,NotOutflow,4620,3,1,3.8712349837763374e-11
4648,2587000.0,1113640.0,1400.0,Unsaturated,,NotOutflow,-1,0,0,0.01
4649,2587080.0,1113640.0,1400.0,Saturated,,NotOutflow,4623,1,1,5.292668610848261e-10
4650,2587160.0,1113640.0,1400.0,Saturated,,NotOutflow,4649,1,1,5.292668610848261e-10
4651,2587880.0,1113640.0,1400.0,Unsaturated,,NotOutflow,1804,0,1,0.01
4652,2587960.0,1113640.0,1400.0,Unsaturated,,NotOutflow,829,1,1,0.01
4653,2588040.0,1113640.0,1400.0,Unsaturated,,NotOutflow,830,0,1,0.01
4654,2588120.0,1113640.0,1400.0,Unsaturated,,NotOutflow,3734,1,1,0.01
4655,2588200.0,1113640.0,1400.0,Unsaturated,,NotOutflow,3735,1,1,0.01
4656,2588280.0,1113640.0,1400.0,Unsaturated,,NotOutflow,3736,1,1,0.01
4657,2588360.0,1113640.0,1400.0,Saturated,,NotOutflow,-1,0,0,0.0
4658,2588440.0,1113640.0,1400.0,Unsaturated,,NotOutflow,3738,1,1,0.01
4659,2588520.0,1113640.0,1400.0,Unsaturated,,NotOutflow,3739,0,1,0.01
4660,2588600.0,1113640.0,1400.0,Unsaturated,,NotOutflow,3740,1,1,0.01
4661,2588680.0,1113640.0,1400.0,Unsaturated,,NotOutflow,3741,1,1,0.01
4662,2588760.0,1113640.0,1400.0,Unsaturated,,NotOutflow,3742,1,1,0.01
4663,2588840.0,1113640.0,1400.0,Unsaturated,,NotOutflow,3743,1,1,0.01
4664,2588920.0,1113640.0,1400.0,Unsaturated,,NotOutflow,3744,0,1,0.01
4665,2589000.0,1113640.0,1400.0,Saturated,,NotOutflow,-1,0,0,0.0
4666,2589080.0,1113640.0,1400.0,Unsaturated,,NotOutflow,3746,0,1,0.01
4667,2589160.0,1113640.0,1400.0,Unsaturated,,NotOutflow,3747,1,1,0.01
4668,2589320.0,1113640.0,1400.0,Unsaturated,,NotOutflow,1814,1,1,0.01
4669,2589400.0,1113640.0,1400.0,Unsaturated,,NotOutflow,3748,0,1,0.01
4670,2589480.0,1113640.0,1400.0,Unsaturated,,NotOutflow,3749,0,1,0.01
4671,2589640.0,1113640.0,1400.0,Unsaturated,,NotOutflow,843,1,1,0.01
4672,2589720.0,1113640.0,1400.0,Unsaturated,,NotOutflow,3750,1,1,0.01
4673,2589800.0,1113640.0,1400.0,Unsaturated,,NotOutflow,3751,1,1,0.01
4674,2586680.0,1113720.0,1400.0,Saturated,,NotOutflow,4647,1,1,1.9137290302097075e-11
4675,2587080.0,1113720.0,1400.0,Saturated,,NotOutflow,5549,1,1,5.121686778164826e-10
4676,2587160.0,1113720.0,1400.0,Saturated,,NotOutflow,4650,1,2,5.292668610848261e-10
4677,2588040.0,1113720.0,1400.0,Unsaturated,,NotOutflow,853,0,1,0.01
4678,2588120.0,1113720.0,1400.0,Unsaturated,,NotOutflow,854,1,1,0.01
4679,2588200.0,1113720.0,1400.0,Unsaturated,,NotOutflow,855,1,1,0.01
4680,2588280.0,1113720.0,1400.0,Saturated,,NotOutflow,-1,0,0,0.0
4681,2588360.0,1113720.0,1400.0,Unsaturated,,NotOutflow,3765,1,1,0.01
4682,2588440.0,1113720.0,1400.0,Unsaturated,,NotOutflow,3766,1,1,0.01
4683,2588520.0,1113720.0,1400.0,Saturated,,NotOutflow,-1,0,0,0.0
4684,2588600.0,1113720.0,1400.0,Unsaturated,,NotOutflow,3768,1,1,0.01
4685,2588680.0,1113720.0,1400.0,Saturated,,NotOutflow,-1,1,0,0.0
4686,2588760.0,1113720.0,1400.0,Saturated,,NotOutflow,-1,1,0,0.0
4687,2588840.0,1113720.0,1400.0,Unsaturated,,NotOutflow,3771,1,1,0.01
4688,2588920.0,1113720.0,1400.0,Unsaturated,,NotOutflow,3772,1,1,0.01
4689,2589000.0,1113720.0,1400.0,Unsaturated,,NotOutflow,3773,1,1,0.01
4690,2589080.0,1113720.0,1400.0,Unsaturated,,NotOutflow,3774,0,1,0.01
4691,2589160.0,1113720.0,1400.0,Unsaturated,,NotOutflow,3775,0,1,0.01
4692,2589240.0,1113720.0,1400.0,Unsaturated,,NotOutflow,3776,0,1,0.01
4693,2589320.0,1113720.0,1400.0,Unsaturated,,NotOutflow,3777,1,1,0.01
4694,2589400.0,1113720.0,1400.0,Unsaturated,,NotOutflow,2823,0,1,0.01
4695,2589480.0,1113720.0,1400.0,Saturated,,NotOutflow,-1,1,0,0.0
4696,2589560.0,1113720.0,1400.0,Unsaturated,,NotOutflow,3779,0,1,0.01
4697,2589800.0,1113720.0,1400.0,Saturated,,NotOutflow,-1,0,0,0.0
4698,2589880.0,1113720.0,1400.0,Unsaturated,,NotOutflow,3781,1,1,0.01
4699,2587080.0,1113800.0,1400.0,Saturated,,NotOutflow,5575,1,1,5.879359124697995e-10
4700,2587160.0,1113800.0,1400.0,Saturated,,NotOutflow,4676,2,2,1.0414355389013086e-09
4701,2587240.0,1113800.0,1400.0,Saturated,,NotOutflow,4700,1,1,5.292668610848261e-10
4702,2588200.0,1113800.0,1400.0,Unsaturated,,NotOutflow,883,0,1,0.01
4703,2588280.0,1113800.0,1400.0,Unsaturated,,NotOutflow,884,1,1,0.01
4704,2588360.0,1113800.0,1400.0,Unsaturated,,NotOutflow,885,1,1,0.01
4705,2588440.0,1113800.0,1400.0,Unsaturated,,NotOutflow,3795,1,1,0.01
4706,2588520.0,1113800.0,1400.0,Unsaturated,,NotOutflow,3796,1,1,0.01
4707,2588600.0,1113800.0,1400.0,Unsaturated,,NotOutflow,3797,1,1,0.01
4708,2588680.0,1113800.0,1400.0,Saturated,,NotOutflow,-1,0,0,0.0
4709,2588760.0,1113800.0,1400.0,Saturated,,NotOutflow,-1,1,0,0.0
4710,2588840.0,1113800.0,1400.0,Unsaturated,,NotOutflow,3800,1,1,0.01
4711,2588920.0,1113800.0,1400.0,Unsaturated,,NotOutflow,3801,1,1,0.01
4712,2589000.0,1113800.0,1400.0,Unsaturated,,NotOutflow,3802,1,1,0.01
4713,2589080.0,1113800.0,1400.0,Unsaturated,,NotOutflow,3803,1,1,0.01
4714,2589160.0,1113800.0,1400.0,Unsaturated,,NotOutflow,3804,1,1,0.01
4715,2589240.0,1113800.0,1400.0,Unsaturated,,NotOutflow,3805,0,1,0.01
4716,2589320.0,1113800.0,1400.0,Unsaturated,,NotOutflow,3806,0,1,0.01
4717,2589400.0,1113800.0,1400.0,Unsaturated,,NotOutflow,3807,0,1,0.01
4718,2589480.0,1113800.0,1400.0,Unsaturated,,NotOutflow,3808,0,1,0.01
4719,2589560.0,1113800.0,1400.0,Saturated,,NotOutflow,-1,1,0,0.0
4720,2589640.0,1113800.0,1400.0,Unsaturated,,NotOutflow,3810,0,1,0.01
4721,2589880.0,1113800.0,1400.0,Unsaturated,,NotOutflow,3811,0,1,0.01
4722,2589960.0,1113800.0,1400.0,Saturated,,NotOutflow,-1,0,0,0.0
4723,2590040.0,1113800.0,1400.0,Unsaturated,,NotOutflow,3813,0,1,0.01
4724,2586920.0,1113880.0,1400.0,Unsaturated,,NotOutflow,3818,0,1,0.01
4725,2587000.0,1113880.0,1400.0,Unsaturated,,NotOutflow,3819,0,1,0.01
4726,2587080.0,1113880.0,1400.0,Unsaturated,,NotOutflow,3820,0,1,0.01
4727,2587160.0,1113880.0,1400.0,Saturated,,NotOutflow,4700,1,1,1.100104590286282e-09
4728,2587240.0,1113880.0,1400.0,Saturated,,NotOutflow,4727,1,2,1.100104590286282e-09
4729,2587320.0,1113880.0,1400.0,Unsaturated,,NotOutflow,3823,0,1,0.01
4730,2588280.0,1113880.0,1400.0,Unsaturated,,NotOutflow,1896,1,1,0.01
4731,2588360.0,1113880.0,1400.0,Unsaturated,,NotOutflow,914,1,1,0.01
4732,2588440.0,1113880.0,1400.0,Unsaturated,,NotOutflow,915,1,1,0.01
4733,2588520.0,1113880.0,1400.0,Saturated,,NotOutflow,-1,0,0,0.0
4734,2588600.0,1113880.0,1400.0,Saturated,,NotOutflow,-1,1,0,0.0
4735,2588680.0,1113880.0,1400.0,Unsaturated,,NotOutflow,3829,1,1,0.01
4736,2588760.0,1113880.0,1400.0,Saturated,,NotOutflow,-1,1,0,0.0
4737,2588840.0,1113880.0,1400.0,Unsaturated,,NotOutflow,3831,0,1,0.01
4738,2588920.0,1113880.0,1400.0,Unsaturated,,NotOutflow,3832,1,1,0.01
4739,2589000.0,1113880.0,1400.0,Unsaturated,,NotOutflow,3833,1,1,0.01
4740,2589080.0,1113880.0,1400.0,Unsaturated,,NotOutflow,3834,1,1,0.01
4741,2589160.0,1113880.0,1400.0,Unsaturated,,NotOutflow,3835,1,1,0.01
4742,2589240.0,1113880.0,1400.0,Unsaturated,,NotOutflow,3836,1,1,0.01
4743,2589400.0,1113880.0,1400.0,Unsaturated,,NotOutflow,3838,1,1,0.01
4744,2589480.0,1113880.0,1400.0,Unsaturated,,NotOutflow,3839,0,1,0.01
4745,2589560.0,1113880.0,1400.0,Unsaturated,,NotOutflow,3840,0,1,0.01
4746,2589640.0,1113880.0,1400.0,Saturated,,NotOutflow,-1,0,0,0.0
4747,2589720.0,1113880.0,1400.0,Unsaturated,,NotOutflow,3842,1,1,0.01
4748,2589960.0,1113880.0,1400.0,Unsaturated,,NotOutflow,1908,1,1,0.01
4749,2590040.0,1113880.0,1400.0,Saturated,,NotOutflow,-1,0,0,0.0
4750,2590120.0,1113880.0,1400.0,Saturated,,NotOutflow,-1,0,0,0.0
4751,2587080.0,1113960.0,1400.0,Unsaturated,,NotOutflow,3846,0,1,0.01
4752,2587160.0,1113960.0,1400.0,Saturated,,NotOutflow,4753,1,1,1.0654955942798053e-09
4753,2587240.0,1113960.0,1400.0,Saturated,Inlet,NotOutflow,4728,1,1,1.629371451371108e-09
4754,2587320.0,1113960.0,1400.0,Unsaturated,,NotOutflow,3849,0,1,0.01
4755,2587400.0,1113960.0,1400.0,Unsaturated,,NotOutflow,3850,0,1,0.01
4756,2588440.0,1113960.0,1400.0,Unsaturated,,NotOutflow,941,0,1,0.01
4757,2588520.0,1113960.0,1400.0,Unsaturated,,NotOutflow,942,0,1,0.01
4758,2588600.0,1113960.0,1400.0,Unsaturated,,NotOutflow,943,0,1,0.01
4759,2588680.0,1113960.0,1400.0,Unsaturated,,NotOutflow,3855,0,1,0.01
4760,2588760.0,1113960.0,1400.0,Unsaturated,,NotOutflow,3856,1,1,0.01
4761,2588840.0,1113960.0,1400.0,Unsaturated,,NotOutflow,3857,0,1,0.01
4762,2588920.0,1113960.0,1400.0,Unsaturated,,NotOutflow,3858,1,1,0.01
4763,2589000.0,1113960.0,1400.0,Unsaturated,,NotOutflow,3859,0,1,0.01
4764,2589080.0,1113960.0,1400.0,Unsaturated,,NotOutflow,3860,1,1,0.01
4765,2589160.0,1113960.0,1400.0,Unsaturated,,NotOutflow,3861,1,1,0.01
4766,2589240.0,1113960.0,1400.0,Unsaturated,,NotOutflow,3862,0,1,0.01
4767,2589320.0,1113960.0,1400.0,Unsaturated,,NotOutflow,3863,1,1,0.01
4768,2589400.0,1113960.0,1400.0,Unsaturated,,NotOutflow,3864,1,1,0.01
4769,2589560.0,1113960.0,1400.0,Unsaturated,,NotOutflow,3866,1,1,0.01
4770,2589640.0,1113960.0,1400.0,Unsaturated,,NotOutflow,3867,0,1,0.01
4771,2589720.0,1113960.0,1400.0,Saturated,,NotOutflow,-1,0,0,0.0
4772,2589800.0,1113960.0,1400.0,Unsaturated,,NotOutflow,3869,0,1,0.01
4773,2589880.0,1113960.0,1400.0,Unsaturated,,NotOutflow,3870,0,1,0.01
4774,2590040.0,1113960.0,1400.0,Saturated,,NotOutflow,-1,0,0,0.0
4775,2590120.0,1113960.0,1400.0,Saturated,,NotOutflow,-1,1,0,0.0
4776,2590200.0,1113960.0,1400.0,Unsaturated,,NotOutflow,3872,0,1,0.01
4777,2587960.0,1109000.0,1480.0,Saturated,,NotOutflow,-1,1,0,0.0
4778,2588040.0,1109000.0,1480.0,Unsaturated,,NotOutflow,3874,1,1,0.01
4779,2587960.0,1109080.0,1480.0,Unsaturated,,NotOutflow,3875,1,1,0.01
4780,2588040.0,1109080.0,1480.0,Unsaturated,,NotOutflow,3876,0,1,0.01
4781,2587880.0,1109160.0,1480.0,Unsaturated,,NotOutflow,-1,1,0,0.01
4782,2587960.0,1109160.0,1480.0,Unsaturated,,NotOutflow,3877,1,1,0.01
4783,2587880.0,1109240.0,1480.0,Unsaturated,,NotOutflow,3878,1,1,0.01
4784,2587960.0,1109240.0,1480.0,Unsaturated,,NotOutflow,3879,1,1,0.01
4785,2587880.0,1109320.0,1480.0,Unsaturated,,NotOutflow,3880,1,1,0.01
4786,2587960.0,1109320.0,1480.0,Unsaturated,,NotOutflow,3881,1,1,0.01
4787,2587880.0,1109400.0,1480.0,Unsaturated,,NotOutflow,3882,1,1,0.01
4788,2587800.0,1109480.0,1480.0,Unsaturated,,NotOutflow,3884,0,1,0.01
4789,2587880.0,1109480.0,1480.0,Saturated,,NotOutflow,-1,1,0,0.0
4790,2586040.0,1109560.0,1480.0,Saturated,,NotOutflow,-1,1,0,0.0
4791,2587800.0,1109560.0,1480.0,Unsaturated,,NotOutflow,3887,1,1,0.01
4792,2587880.0,1109560.0,1480.0,Unsaturated,,NotOutflow,3888,1,1,0.01
4793,2586040.0,1109640.0,1480.0,Unsaturated,,NotOutflow,3889,1,1,0.01
4794,2586120.0,1109640.0,1480.0,Unsaturated,,NotOutflow,3890,1,1,0.01
4795,2587800.0,1109640.0,1480.0,Unsaturated,,NotOutflow,3891,0,1,0.01
4796,2587880.0,1109640.0,1480.0,Unsaturated,,NotOutflow,3892,0,1,0.01
4797,2586040.0,1109720.0,1480.0,Unsaturated,,NotOutflow,3893,1,1,0.01
4798,2586120.0,1109720.0,1480.0,Unsaturated,,NotOutflow,3894,1,1,0.01
4799,2587720.0,1109720.0,1480.0,Unsaturated,,NotOutflow,-1,0,0,0.01
4800,2587800.0,1109720.0,1480.0,Saturated,,NotOutflow,-1,0,0,0.0
4801,2586120.0,1109800.0,1480.0,Unsaturated,,NotOutflow,3896,1,1,0.01
4802,2586200.0,1109800.0,1480.0,Saturated,,NotOutflow,-1,0,0,0.0
4803,2587720.0,1109800.0,1480.0,Unsaturated,,NotOutflow,3898,0,1,0.01
4804,2587800.0,1109800.0,1480.0,Unsaturated,,NotOutflow,3899,1,1,0.01
4805,2586200.0,1109880.0,1480.0,Saturated,,NotOutflow,4806,1,1,6.929829114171516e-10
4806,2586280.0,1109880.0,1480.0,Saturated,,NotOutflow,4810,1,1,6.929829114171516e-10
4807,2587720.0,1109880.0,1480.0,Saturated,,NotOutflow,4812,1,1,6.967647079191062e-12
4808,2587800.0,1109880.0,1480.0,Unsaturated,,NotOutflow,3903,0,1,0.01
4809,2586200.0,1109960.0,1480.0,Unsaturated,,NotOutflow,3904,1,1,0.01
4810,2586280.0,1109960.0,1480.0,Saturated,,NotOutflow,4813,1,1,6.929829114171516e-10
4811,2587640.0,1109960.0,1480.0,Unsaturated,,NotOutflow,-1,1,0,0.01
4812,2587720.0,1109960.0,1480.0,Saturated,,NotOutflow,4816,1,1,6.967647079191062e-12
4813,2586280.0,1110040.0,1480.0,Saturated,,NotOutflow,4814,2,1,2.448005874617874e-09
4814,2586360.0,1110040.0,1480.0,Saturated,,NotOutflow,4817,1,2,1.6870729498530484e-09
4815,2587640.0,1110040.0,1480.0,Saturated,,NotOutflow,4819,1,1,1.9179712939852096e-12
4816,2587720.0,1110040.0,1480.0,Saturated,,NotOutflow,5685,1,2,5.049675785205851e-12
4817,2586360.0,1110120.0,1480.0,Saturated,,NotOutflow,4821,2,2,3.510063747830997e-09
4818,2586440.0,1110120.0,1480.0,Unsaturated,,NotOutflow,3913,1,1,0.01
4819,2587640.0,1110120.0,1480.0,Saturated,,NotOutflow,4823,1,2,1.2581172932115274e-12
4820,2587720.0,1110120.0,1480.0,Unsaturated,,NotOutflow,3915,1,1,0.01
4821,2586360.0,1110200.0,1480.0,Saturated,,NotOutflow,4822,1,1,3.510063747830997e-09
4822,2586440.0,1110200.0,1480.0,Saturated,,NotOutflow,4824,2,2,4.318774442349768e-09
4823,2587640.0,1110200.0,1480.0,Saturated,,NotOutflow,4827,1,1,1.2581172932115274e-12
4824,2586440.0,1110280.0,1480.0,Saturated,,NotOutflow,4825,1,1,4.318774442349768e-09
4825,2586520.0,1110280.0,1480.0,Saturated,,NotOutflow,3921,1,1,4.318774442349768e-09
4826,2587560.0,1110280.0,1480.0,Saturated,,NotOutflow,4829,1,1,4.001670733178993e-12
4827,2587640.0,1110280.0,1480.0,Saturated,,NotOutflow,4826,2,2,4.001670733178993e-12
4828,2586520.0,1110360.0,1480.0,Unsaturated,,NotOutflow,3925,0,1,0.01
4829,2587560.0,1110360.0,1480.0,Saturated,,NotOutflow,4831,3,1,1.8130674304602452e-10
4830,2587640.0,1110360.0,1480.0,Saturated,,NotOutflow,4829,2,1,1.2581172932115274e-12
4831,2587560.0,1110440.0,1480.0,Saturated,,NotOutflow,4834,2,3,1.427089615808739e-10
4832,2587640.0,1110440.0,1480.0,Unsaturated,,NotOutflow,3932,0,1,0.01
4833,2587480.0,1110520.0,1480.0,Unsaturated,,NotOutflow,-1,0,0,0.01
4834,2587560.0,1110520.0,1480.0,Saturated,,NotOutflow,5700,4,2,8.363665128392603e-11
4835,2586680.0,1110600.0,1480.0,Saturated,,NotOutflow,4836,1,2,1.9643302872776273e-10
4836,2586760.0,1110600.0,1480.0,Saturated,,NotOutflow,4840,1,1,1.9643302872776273e-10
4837,2587480.0,1110600.0,1480.0,Saturated,,NotOutflow,4842,2,1,3.3569349483124492e-09
4838,2587560.0,1110600.0,1480.0,Saturated,,NotOutflow,4837,3,2,7.205719330469916e-11
4839,2586680.0,1110680.0,1480.0,Unsaturated,,NotOutflow,3944,0,1,0.01
4840,2586760.0,1110680.0,1480.0,Saturated,,NotOutflow,3945,2,2,1.1552186941724583e-10
4841,2586840.0,1110680.0,1480.0,Unsaturated,,NotOutflow,3010,0,1,0.01
4842,2587480.0,1110680.0,1480.0,Saturated,,NotOutflow,4846,3,3,1.9347261842902462e-09
4843,2587560.0,1110680.0,1480.0,Unsaturated,,NotOutflow,3947,0,1,0.01
4844,2586760.0,1110760.0,1480.0,Saturated,,NotOutflow,5705,1,2,7.295449442927023e-11
4845,2586840.0,1110760.0,1480.0,Saturated,,NotOutflow,5706,1,2,6.2723620598886386e-12
4846,2587480.0,1110760.0,1480.0,Saturated,,NotOutflow,4850,3,2,2.7453627029659774e-09
4847,2586840.0,1110840.0,1480.0,Saturated,,NotOutflow,4848,2,1,3.031171830569814e-09
4848,2586920.0,1110840.0,1480.0,Saturated,,NotOutflow,4851,2,1,3.0463422386365815e-09
4849,2587400.0,1110840.0,1480.0,Saturated,,NotOutflow,4853,2,1,2.570341544390518e-09
4850,2587480.0,1110840.0,1480.0,Saturated,,NotOutflow,5712,2,3,1.6495553373277984e-09
4851,2586920.0,1110920.0,1480.0,Saturated,,NotOutflow,4852,2,1,3.0771187283379e-09
4852,2587000.0,1110920.0,1480.0,Saturated,,NotOutflow,4856,2,1,3.0771187283379e-09
4853,2587400.0,1110920.0,1480.0,Saturated,,NotOutflow,4857,3,1,3.784498572192168e-09
4854,2587480.0,1110920.0,1480.0,Saturated,,NotOutflow,4853,2,2,5.56002241141013e-10
4855,2586920.0,1111000.0,1480.0,Unsaturated,,NotOutflow,3962,1,1,0.01
4856,2587000.0,1111000.0,1480.0,Saturated,,NotOutflow,5718,2,2,2.7159257855025985e-09
4857,2587400.0,1111000.0,1480.0,Saturated,,NotOutflow,4861,2,2,2.6613359615300414e-09
4858,2587000.0,1111080.0,1480.0,Saturated,,NotOutflow,4859,2,1,2.352782143085672e-09
4859,2587080.0,1111080.0,1480.0,Saturated,,NotOutflow,4862,2,1,2.352782143085672e-09
4860,2587320.0,1111080.0,1480.0,Unsaturated,,NotOutflow,-1,0,0,0.01
4861,2587400.0,1111080.0,1480.0,Saturated,,NotOutflow,4865,2,2,2.0123228349453683e-09
4862,2587080.0,1111160.0,1480.0,Saturated,,NotOutflow,4863,1,1,2.352782143085672e-09
4863,2587160.0,1111160.0,1480.0,Saturated,,NotOutflow,4867,1,1,2.352782143085672e-09
4864,2587320.0,1111160.0,1480.0,Saturated,,NotOutflow,5727,1,2,1.0045487472942521e-09
4865,2587400.0,1111160.0,1480.0,Saturated,,NotOutflow,4864,3,2,1.8316817929660984e-09
4866,2586280.0,1111240.0,1480.0,Unsaturated,,NotOutflow,3981,0,1,0.01
4867,2587160.0,1111240.0,1480.0,Saturated,,NotOutflow,5730,1,3,7.943994503151568e-10
4868,2587240.0,1111240.0,1480.0,Unsaturated,,NotOutflow,3986,1,1,0.01
4869,2587320.0,1111240.0,1480.0,Saturated,,NotOutflow,4876,1,2,7.252051743547535e-10
4870,2587400.0,1111240.0,1480.0,Unsaturated,,NotOutflow,3988,0,1,0.01
4871,2586280.0,1111320.0,1480.0,Unsaturated,,NotOutflow,3989,0,1,0.01
4872,2586360.0,1111320.0,1480.0,Unsaturated,,NotOutflow,3990,0,1,0.01
4873,2586440.0,1111320.0,1480.0,Unsaturated,,NotOutflow,3991,0,1,0.01
4874,2587160.0,1111320.0,1480.0,Saturated,,NotOutflow,4875,1,1,7.940953284469188e-10
4875,2587240.0,1111320.0,1480.0,Saturated,,NotOutflow,4881,1,1,7.940953284469188e-10
4876,2587320.0,1111320.0,1480.0,Saturated,,NotOutflow,4882,2,2,9.717501972809382e-10
4877,2586280.0,1111400.0,1480.0,Unsaturated,,NotOutflow,3996,0,1,0.01
4878,2586360.0,1111400.0,1480.0,Unsaturated,,NotOutflow,3997,0,1,0.01
4879,2586440.0,1111400.0,1480.0,Unsaturated,,NotOutflow,3998,0,1,0.01
4880,2586520.0,1111400.0,1480.0,Unsaturated,,NotOutflow,3999,0,1,0.01
4881,2587240.0,1111400.0,1480.0,Saturated,,NotOutflow,4882,2,1,2.0823372969360465e-09
4882,2587320.0,1111400.0,1480.0,Saturated,,NotOutflow,5737,5,3,6.822586565867458e-09
4883,2586360.0,1111480.0,1480.0,Unsaturated,,NotOutflow,4003,0,1,0.01
4884,2586440.0,1111480.0,1480.0,Unsaturated,,NotOutflow,4004,0,1,0.01
4885,2586520.0,1111480.0,1480.0,Unsaturated,,NotOutflow,4005,1,1,0.01
4886,2586600.0,1111480.0,1480.0,Unsaturated,,NotOutflow,4006,1,1,0.01
4887,2587240.0,1111480.0,1480.0,Saturated,,NotOutflow,4881,1,2,1.2882419684891277e-09
4888,2587320.0,1111480.0,1480.0,Saturated,,NotOutflow,4889,3,3,8.754786708777313e-10
4889,2587400.0,1111480.0,1480.0,Saturated,,NotOutflow,4898,2,1,8.754786708777313e-10
4890,2586280.0,1111560.0,1480.0,Unsaturated,,NotOutflow,-1,0,0,0.01
4891,2586360.0,1111560.0,1480.0,Unsaturated,,NotOutflow,4010,0,1,0.01
4892,2586440.0,1111560.0,1480.0,Unsaturated,,NotOutflow,4011,0,1,0.01
4893,2586520.0,1111560.0,1480.0,Unsaturated,,NotOutflow,4012,0,1,0.01
4894,2586600.0,1111560.0,1480.0,Unsaturated,,NotOutflow,4013,1,1,0.01
4895,2586680.0,1111560.0,1480.0,Unsaturated,,NotOutflow,4014,1,1,0.01
4896,2587240.0,1111560.0,1480.0,Saturated,,NotOutflow,4887,2,1,1.7931925533392436e-09
4897,2587320.0,1111560.0,1480.0,Unsaturated,,NotOutflow,4016,0,1,0.01
4898,2587400.0,1111560.0,1480.0,Saturated,,NotOutflow,4907,2,2,7.576872982097861e-10
4899,2586280.0,1111640.0,1480.0,Saturated,,NotOutflow,-1,1,0,0.0
4900,2586360.0,1111640.0,1480.0,Saturated,,NotOutflow,-1,0,0,0.0
4901,2586440.0,1111640.0,1480.0,Unsaturated,,NotOutflow,4020,0,1,0.01
4902,2586520.0,1111640.0,1480.0,Saturated,,NotOutflow,-1,0,0,0.0
4903,2586680.0,1111640.0,1480.0,Unsaturated,,NotOutflow,4023,1,1,0.01
4904,2586760.0,1111640.0,1480.0,Unsaturated,,NotOutflow,4024,1,1,0.01
4905,2587160.0,1111640.0,1480.0,Unsaturated,,NotOutflow,221,0,1,0.01
4906,2587240.0,1111640.0,1480.0,Saturated,,NotOutflow,4896,2,2,1.4494053281983646e-09
4907,2587400.0,1111640.0,1480.0,Saturated,,NotOutflow,4908,1,2,6.49172805747012e-10
4908,2587480.0,1111640.0,1480.0,Saturated,,NotOutflow,4920,1,2,5.249578161561575e-10
4909,2586200.0,1111720.0,1480.0,Unsaturated,,NotOutflow,-1,1,0,0.01
4910,2586280.0,1111720.0,1480.0,Saturated,,NotOutflow,-1,1,0,0.0
4911,2586360.0,1111720.0,1480.0,Saturated,,NotOutflow,-1,1,0,0.0
4912,2586440.0,1111720.0,1480.0,Unsaturated,,NotOutflow,4029,0,1,0.01
4913,2586520.0,1111720.0,1480.0,Saturated,,NotOutflow,4926,1,1,1.8500454681231244e-10
4914,2586600.0,1111720.0,1480.0,Unsaturated,,NotOutflow,4031,0,1,0.01
4915,2586760.0,1111720.0,1480.0,Saturated,,NotOutflow,-1,0,0,0.0
4916,2586840.0,1111720.0,1480.0,Saturated,,NotOutflow,-1,0,0,0.0
4917,2586920.0,1111720.0,1480.0,Unsaturated,,NotOutflow,4035,0,1,0.01
4918,2587160.0,1111720.0,1480.0,Saturated,,NotOutflow,4919,1,1,2.5571887592841246e-09
4919,2587240.0,1111720.0,1480.0,Saturated,,NotOutflow,4906,2,1,2.5571887592841246e-09
4920,2587480.0,1111720.0,1480.0,Saturated,,NotOutflow,5765,3,2,3.2034531663245487e-09
4921,2587560.0,1111720.0,1480.0,Saturated,,NotOutflow,4935,2,1,1.423245564312775e-09
4922,2586200.0,1111800.0,1480.0,Unsaturated,,NotOutflow,-1,1,0,0.01
4923,2586280.0,1111800.0,1480.0,Unsaturated,,NotOutflow,-1,1,0,0.01
4924,2586360.0,1111800.0,1480.0,Unsaturated,,NotOutflow,-1,1,0,0.01
4925,2586440.0,1111800.0,1480.0,Saturated,,NotOutflow,-1,1,0,0.0
4926,2586520.0,1111800.0,1480.0,Saturated,,NotOutflow,4940,4,2,3.8483274182086364e-10
4927,2586600.0,1111800.0,1480.0,Unsaturated,,NotOutflow,4043,0,1,0.01
4928,2586840.0,1111800.0,1480.0,Unsaturated,,NotOutflow,4045,0,1,0.01
4929,2586920.0,1111800.0,1480.0,Unsaturated,,NotOutflow,4046,0,1,0.01
4930,2587000.0,1111800.0,1480.0,Unsaturated,,NotOutflow,4047,1,1,0.01
4931,2587080.0,1111800.0,1480.0,Unsaturated,,NotOutflow,4048,1,1,0.01
4932,2587160.0,1111800.0,1480.0,Saturated,,NotOutflow,4918,1,1,2.5571887592841246e-09
4933,2587240.0,1111800.0,1480.0,Unsaturated,,NotOutflow,4050,1,1,0.01
4934,2587480.0,1111800.0,1480.0,Unsaturated,,NotOutflow,-1,0,0,0.01
4935,2587560.0,1111800.0,1480.0,Saturated,,NotOutflow,4950,1,2,7.51888758718044e-10
4936,2587640.0,1111800.0,1480.0,Saturated,,NotOutflow,4951,1,1,6.713568055947308e-10
4937,2586280.0,1111880.0,1480.0,Unsaturated,,NotOutflow,-1,1,0,0.01
4938,2586360.0,1111880.0,1480.0,Unsaturated,,NotOutflow,-1,1,0,0.01
4939,2586440.0,1111880.0,1480.0,Saturated,,NotOutflow,5785,2,1,7.385807307078659e-10
4940,2586520.0,1111880.0,1480.0,Saturated,,NotOutflow,4941,3,4,2.638311834680127e-09
4941,2586600.0,1111880.0,1480.0,Saturated,,NotOutflow,4955,1,1,2.638311834680127e-09
4942,2586920.0,1111880.0,1480.0,Unsaturated,,NotOutflow,4058,0,1,0.01
4943,2587000.0,1111880.0,1480.0,Unsaturated,,NotOutflow,4059,0,1,0.01
4944,2587080.0,1111880.0,1480.0,Unsaturated,,NotOutflow,4060,1,1,0.01
4945,2587160.0,1111880.0,1480.0,Saturated,,NotOutflow,5790,2,3,1.7835771428331454e-08
4946,2587240.0,1111880.0,1480.0,Unsaturated,,NotOutflow,4062,0,1,0.01
4947,2587320.0,1111880.0,1480.0,Unsaturated,,NotOutflow,4063,0,1,0.01
4948,2587400.0,1111880.0,1480.0,Saturated,,NotOutflow,-1,1,0,0.0
4949,2587480.0,1111880.0,1480.0,Unsaturated,,NotOutflow,4065,1,1,0.01
4950,2587560.0,1111880.0,1480.0,Saturated,,NotOutflow,4951,1,1,7.51888758718044e-10
4951,2587640.0,1111880.0,1480.0,Saturated,,NotOutflow,5796,2,2,7.51888758718044e-10
4952,2587720.0,1111880.0,1480.0,Unsaturated,,NotOutflow,4068,0,1,0.01
4953,2586440.0,1111960.0,1480.0,Saturated,,NotOutflow,5801,2,2,2.597727904553475e-09
4954,2586520.0,1111960.0,1480.0,Saturated,,NotOutflow,4955,2,2,2.522680217746879e-08
4955,2586600.0,1111960.0,1480.0,Saturated,,NotOutflow,4972,4,3,2.522680217746879e-08
4956,2586680.0,1111960.0,1480.0,Saturated,,NotOutflow,4973,1,1,1.043551861308431e-09
4957,2587000.0,1111960.0,1480.0,Unsaturated,,NotOutflow,4074,0,1,0.01
4958,2587080.0,1111960.0,1480.0,Saturated,,NotOutflow,4959,1,1,2.6444295002195496e-08
4959,2587160.0,1111960.0,1480.0,Saturated,,NotOutflow,4945,2,2,1.905647072321141e-08
4960,2587240.0,1111960.0,1480.0,Unsaturated,,NotOutflow,4077,1,1,0.01
4961,2587320.0,1111960.0,1480.0,Unsaturated,,NotOutflow,4078,1,1,0.01
4962,2587400.0,1111960.0,1480.0,Unsaturated,,NotOutflow,4079,1,1,0.01
4963,2587480.0,1111960.0,1480.0,Saturated,,NotOutflow,-1,1,0,0.0
4964,2587560.0,1111960.0,1480.0,Unsaturated,,NotOutflow,4081,1,1,0.01
4965,2587640.0,1111960.0,1480.0,Unsaturated,,NotOutflow,4082,0,1,0.01
4966,2587720.0,1111960.0,1480.0,Saturated,,NotOutflow,5814,3,3,2.0469892467106166e-09
4967,2587800.0,1111960.0,1480.0,Saturated,,NotOutflow,4966,3,1,7.534468572450554e-10
4968,2587880.0,1111960.0,1480.0,Saturated,,NotOutflow,4967,2,1,3.589436864904906e-10
4969,2587960.0,1111960.0,1480.0,Unsaturated,,NotOutflow,4086,1,1,0.01
4970,2586440.0,1112040.0,1480.0,Saturated,,NotOutflow,4953,1,1,2.597727904553475e-09
4971,2586520.0,1112040.0,1480.0,Saturated,,NotOutflow,4972,1,1,9.905749114890378e-10
4972,2586600.0,1112040.0,1480.0,Saturated,,NotOutflow,4973,2,2,2.522680217746879e-08
4973,2586680.0,1112040.0,1480.0,Saturated,,NotOutflow,4090,2,2,2.522680217746879e-08
4974,2586760.0,1112040.0,1480.0,Unsaturated,,NotOutflow,4091,0,1,0.01
4975,2587080.0,1112040.0,1480.0,Saturated,,NotOutflow,4958,2,2,2.6444295002195496e-08
4976,2587160.0,1112040.0,1480.0,Saturated,,NotOutflow,4959,2,1,1.3576952548600212e-09
4977,2587240.0,1112040.0,1480.0,Unsaturated,,NotOutflow,281,1,1,0.01
4978,2587320.0,1112040.0,1480.0,Unsaturated,,NotOutflow,4095,1,1,0.01
4979,2587400.0,1112040.0,1480.0,Unsaturated,,NotOutflow,4096,1,1,0.01
4980,2587480.0,1112040.0,1480.0,Unsaturated,,NotOutflow,4097,1,1,0.01
4981,2587720.0,1112040.0,1480.0,Saturated,,NotOutflow,4982,1,1,4.3728783989518096e-10
4982,2587800.0,1112040.0,1480.0,Saturated,,NotOutflow,4967,2,3,3.9450317075456474e-10
4983,2587880.0,1112040.0,1480.0,Saturated,,NotOutflow,4101,2,3,4.015484110952601e-10
4984,2587960.0,1112040.0,1480.0,Saturated,,NotOutflow,4983,3,2,1.1549952683403155e-09
4985,2588040.0,1112040.0,1480.0,Saturated,,NotOutflow,4984,1,2,8.380828555390614e-12
4986,2588120.0,1112040.0,1480.0,Unsaturated,,NotOutflow,4104,1,1,0.01
4987,2588200.0,1112040.0,1480.0,Unsaturated,,NotOutflow,4105,1,1,0.01
4988,2588280.0,1112040.0,1480.0,Unsaturated,,NotOutflow,4106,1,1,0.01
4989,2588360.0,1112040.0,1480.0,Unsaturated,,NotOutflow,4107,1,1,0.01
4990,2588440.0,1112040.0,1480.0,Unsaturated,,NotOutflow,4108,1,1,0.01
4991,2588520.0,1112040.0,1480.0,Unsaturated,,NotOutflow,4109,1,1,0.01
4992,2586040.0,1112120.0,1480.0,Unsaturated,,NotOutflow,4110,1,1,0.01
4993,2586120.0,1112120.0,1480.0,Unsaturated,,NotOutflow,4111,1,1,0.01
4994,2586200.0,1112120.0,1480.0,Unsaturated,,NotOutflow,-1,1,0,0.01
4995,2586440.0,1112120.0,1480.0,Saturated,,NotOutflow,4970,1,1,2.597727904553475e-09
4996,2586520.0,1112120.0,1480.0,Unsaturated,,NotOutflow,3198,0,1,0.01
4997,2586600.0,1112120.0,1480.0,Saturated,,NotOutflow,5027,1,1,9.905749114890378e-10
4998,2586680.0,1112120.0,1480.0,Unsaturated,,NotOutflow,4113,0,1,0.01
4999,2586760.0,1112120.0,1480.0,Saturated,,NotOutflow,5854,1,1,2.1620767977523855e-09
5000,2586840.0,1112120.0,1480.0,Unsaturated,,NotOutflow,4115,0,1,0.01
5001,2587080.0,1112120.0,1480.0,Saturated,,NotOutflow,4975,2,1,2.6444295002195496e-08
5002,2587160.0,1112120.0,1480.0,Unsaturated,,NotOutflow,4118,0,1,0.01
5003,2587400.0,1112120.0,1480.0,Unsaturated,,NotOutflow,4119,1,1,0.01
5004,2587480.0,1112120.0,1480.0,Saturated,,NotOutflow,5859,1,1,2.9090097155721774e-14
5005,2587560.0,1112120.0,1480.0,Saturated,,NotOutflow,5006,3,2,4.778462504593352e-08
5006,2587640.0,1112120.0,1480.0,Saturated,,NotOutflow,5036,3,4,6.822974351968152e-08
5007,2587720.0,1112120.0,1480.0,Saturated,,NotOutflow,5006,4,2,5.192399168048116e-08
5008,2587800.0,1112120.0,1480.0,Saturated,,NotOutflow,5038,1,2,1.4711708659399337e-10
5009,2587880.0,1112120.0,1480.0,Saturated,,NotOutflow,5039,2,1,3.595346321965908e-10
5010,2588200.0,1112120.0,1480.0,Unsaturated,,NotOutflow,4126,1,1,0.01
5011,2588280.0,1112120.0,1480.0,Unsaturated,,NotOutflow,4127,1,1,0.01
5012,2588360.0,1112120.0,1480.0,Unsaturated,,NotOutflow,4128,1,1,0.01
5013,2588440.0,1112120.0,1480.0,Saturated,,NotOutflow,-1,1,0,0.0
5014,2588520.0,1112120.0,1480.0,Saturated,,NotOutflow,-1,1,0,0.0
5015,2588600.0,1112120.0,1480.0,Unsaturated,,NotOutflow,4131,1,1,0.01
5016,2588680.0,1112120.0,1480.0,Unsaturated,,NotOutflow,4132,1,1,0.01
5017,2588760.0,1112120.0,1480.0,Unsaturated,,NotOutflow,4133,1,1,0.01
5018,2588840.0,1112120.0,1480.0,Saturated,,NotOutflow,-1,0,0,0.0
5019,2588920.0,1112120.0,1480.0,Unsaturated,,NotOutflow,4135,1,1,0.01
5020,2589000.0,1112120.0,1480.0,Unsaturated,,NotOutflow,4136,1,1,0.01
5021,2589080.0,1112120.0,1480.0,Unsaturated,,NotOutflow,-1,1,0,0.01
5022,2586120.0,1112200.0,1480.0,Unsaturated,,NotOutflow,4138,0,1,0.01
5023,2586200.0,1112200.0,1480.0,Unsaturated,,NotOutflow,4139,0,1,0.01
5024,2586280.0,1112200.0,1480.0,Unsaturated,,NotOutflow,4140,1,1,0.01
5025,2586360.0,1112200.0,1480.0,Unsaturated,,NotOutflow,-1,1,0,0.01
5026,2586440.0,1112200.0,1480.0,Saturated,,NotOutflow,4995,3,1,2.597727904553475e-09
5027,2586600.0,1112200.0,1480.0,Saturated,,NotOutflow,5057,1,1,9.905749114890378e-10
5028,2586680.0,1112200.0,1480.0,Unsaturated,,NotOutflow,4142,0,1,0.01
5029,2586760.0,1112200.0,1480.0,Saturated,,NotOutflow,5884,1,1,6.360791418047953e-10
5030,2586840.0,1112200.0,1480.0,Unsaturated,,NotOutflow,4144,1,1,0.01
5031,2586920.0,1112200.0,1480.0,Unsaturated,,NotOutflow,4145,0,1,0.01
5032,2587000.0,1112200.0,1480.0,Unsaturated,,NotOutflow,4146,1,1,0.01
5033,2587080.0,1112200.0,1480.0,Saturated,,NotOutflow,5001,2,2,1.7574338497842296e-08
5034,2587160.0,1112200.0,1480.0,Unsaturated,,NotOutflow,4148,0,1,0.01
5035,2587240.0,1112200.0,1480.0,Unsaturated,,NotOutflow,4149,1,1,0.01
5036,2587640.0,1112200.0,1480.0,Saturated,,NotOutflow,5891,1,2,5.1511116792773804e-08
5037,2587720.0,1112200.0,1480.0,Saturated,,NotOutflow,5066,2,2,1.6718626726907723e-08
5038,2587800.0,1112200.0,1480.0,Saturated,,NotOutflow,4152,3,2,7.205239017542002e-08
5039,2587880.0,1112200.0,1480.0,Saturated,,NotOutflow,5894,5,3,5.335043675513839e-10
5040,2587960.0,1112200.0,1480.0,Unsaturated,,NotOutflow,4154,0,1,0.01
5041,2588040.0,1112200.0,1480.0,Unsaturated,,NotOutflow,4155,1,1,0.01
5042,2588760.0,1112200.0,1480.0,Unsaturated,,NotOutflow,4157,1,1,0.01
5043,2588840.0,1112200.0,1480.0,Unsaturated,,NotOutflow,4158,1,1,0.01
5044,2588920.0,1112200.0,1480.0,Unsaturated,,NotOutflow,4159,1,1,0.01
5045,2589000.0,1112200.0,1480.0,Saturated,,NotOutflow,-1,0,0,0.0
5046,2589080.0,1112200.0,1480.0,Unsaturated,,NotOutflow,4161,1,1,0.01
5047,2589160.0,1112200.0,1480.0,Unsaturated,,NotOutflow,4162,1,1,0.01
5048,2589240.0,1112200.0,1480.0,Unsaturated,,NotOutflow,4163,1,1,0.01
5049,2589320.0,1112200.0,1480.0,Saturated,,NotOutflow,-1,0,0,0.0
5050,2589400.0,1112200.0,1480.0,Unsaturated,,NotOutflow,4165,1,1,0.01
5051,2589480.0,1112200.0,1480.0,Unsaturated,,NotOutflow,4166,1,1,0.01
5052,2589560.0,1112200.0,1480.0,Unsaturated,,NotOutflow,4167,1,1,0.01
5053,2586280.0,1112280.0,1480.0,Saturated,,NotOutflow,5054,2,1,1.6172556201576255e-09
5054,2586360.0,1112280.0,1480.0,Saturated,,NotOutflow,5087,4,5,1.6580092610355664e-09
5055,2586440.0,1112280.0,1480.0,Saturated,,NotOutflow,5912,3,5,4.440648505176806e-09
5056,2586520.0,1112280.0,1480.0,Unsaturated,,NotOutflow,4172,0,1,0.01
5057,2586600.0,1112280.0,1480.0,Saturated,,NotOutflow,5058,1,1,9.905749114890378e-10
5058,2586680.0,1112280.0,1480.0,Saturated,,NotOutflow,5091,2,1,9.905749114890378e-10
5059,2586760.0,1112280.0,1480.0,Unsaturated,,NotOutflow,4174,1,1,0.01
5060,2586840.0,1112280.0,1480.0,Saturated,,NotOutflow,5093,2,1,1.1119532037458966e-08
5061,2586920.0,1112280.0,1480.0,Saturated,,NotOutflow,4176,2,1,3.998277346741038e-10
5062,2587000.0,1112280.0,1480.0,Saturated,,NotOutflow,5063,2,2,8.450513424884947e-09
5063,2587080.0,1112280.0,1480.0,Saturated,,NotOutflow,5033,3,1,1.7196032958729052e-08
5064,2587160.0,1112280.0,1480.0,Unsaturated,,NotOutflow,4179,0,1,0.01
5065,2587240.0,1112280.0,1480.0,Saturated,,NotOutflow,-1,0,0,0.0
5066,2587720.0,1112280.0,1480.0,Saturated,,NotOutflow,5067,1,1,1.6718626726907723e-08
5067,2587800.0,1112280.0,1480.0,Saturated,,NotOutflow,5099,3,1,2.0155534969464577e-08
5068,2587880.0,1112280.0,1480.0,Saturated,,NotOutflow,5039,1,2,6.310256067158408e-12
5069,2587960.0,1112280.0,1480.0,Saturated,,NotOutflow,4184,2,2,1.7674085519657214e-10
5070,2588040.0,1112280.0,1480.0,Saturated,,NotOutflow,5069,1,1,1.7674085519657214e-10
5071,2588120.0,1112280.0,1480.0,Saturated,,NotOutflow,5070,1,1,1.7674085519657214e-10
5072,2588200.0,1112280.0,1480.0,Saturated,,NotOutflow,5929,2,1,2.2844298466683184e-10
5073,2588280.0,1112280.0,1480.0,Saturated,,NotOutflow,5072,3,1,2.2177228327101555e-10
5074,2588360.0,1112280.0,1480.0,Unsaturated,,NotOutflow,4189,0,1,0.01
5075,2589240.0,1112280.0,1480.0,Unsaturated,,NotOutflow,4190,0,1,0.01
5076,2589320.0,1112280.0,1480.0,Unsaturated,,NotOutflow,4191,1,1,0.01
5077,2589400.0,1112280.0,1480.0,Unsaturated,,NotOutflow,4192,1,1,0.01
5078,2589480.0,1112280.0,1480.0,Saturated,,NotOutflow,-1,0,0,0.0
5079,2589560.0,1112280.0,1480.0,Unsaturated,,NotOutflow,4194,1,1,0.01
5080,2589640.0,1112280.0,1480.0,Unsaturated,,NotOutflow,4195,1,1,0.01
5081,2589720.0,1112280.0,1480.0,Saturated,,NotOutflow,-1,0,0,0.0
5082,2589800.0,1112280.0,1480.0,Unsaturated,,NotOutflow,4197,1,1,0.01
5083,2589880.0,1112280.0,1480.0,Unsaturated,,NotOutflow,4198,1,1,0.01
5084,2589960.0,1112280.0,1480.0,Unsaturated,,NotOutflow,4199,1,1,0.01
5085,2590040.0,1112280.0,1480.0,Unsaturated,,NotOutflow,4200,1,1,0.01
5086,2590120.0,1112280.0,1480.0,Unsaturated,,NotOutflow,-1,1,0,0.01
5087,2586360.0,1112360.0,1480.0,Saturated,,NotOutflow,5088,3,3,1.970214501123946e-09
5088,2586440.0,1112360.0,1480.0,Saturated,,NotOutflow,5055,5,5,4.5590615057907865e-09
5089,2586520.0,1112360.0,1480.0,Saturated,,NotOutflow,5090,2,3,1.7081536760064033e-11
5090,2586600.0,1112360.0,1480.0,Saturated,,NotOutflow,5091,2,5,5.128310075442537e-10
5091,2586680.0,1112360.0,1480.0,Saturated,,NotOutflow,5092,3,2,1.5055996440619547e-09
5092,2586760.0,1112360.0,1480.0,Saturated,,NotOutflow,5123,2,2,9.62939501492511e-10
5093,2586840.0,1112360.0,1480.0,Saturated,,NotOutflow,5094,1,1,1.1119532037458966e-08
5094,2586920.0,1112360.0,1480.0,Saturated,,NotOutflow,5125,2,2,1.1119532037458966e-08
5095,2587000.0,1112360.0,1480.0,Saturated,,NotOutflow,5062,2,2,8.85034115955905e-09
5096,2587080.0,1112360.0,1480.0,Unsaturated,,NotOutflow,4209,0,1,0.01
5097,2587240.0,1112360.0,1480.0,Unsaturated,,NotOutflow,4210,0,1,0.01
5098,2587320.0,1112360.0,1480.0,Saturated,,NotOutflow,5129,1,1,1.5600885300394404e-10
5099,2587800.0,1112360.0,1480.0,Saturated,,NotOutflow,5100,2,1,2.0155534969464577e-08
5100,2587880.0,1112360.0,1480.0,Saturated,,NotOutflow,5131,3,1,2.684017091620728e-08
5101,2587960.0,1112360.0,1480.0,Saturated,,NotOutflow,5957,1,2,7.571348206625183e-12
5102,2588040.0,1112360.0,1480.0,Saturated,,NotOutflow,5101,2,1,1.461446353624281e-11
5103,2588200.0,1112360.0,1480.0,Saturated,,NotOutflow,5072,1,1,6.670701395816284e-12
5104,2588280.0,1112360.0,1480.0,Saturated,,NotOutflow,5073,2,3,6.858873960977772e-11
5105,2588360.0,1112360.0,1480.0,Saturated,,NotOutflow,5104,1,2,1.2920720451512427e-10
5106,2588440.0,1112360.0,1480.0,Saturated,,NotOutflow,5105,1,3,2.0645375522345353e-10
5107,2588520.0,1112360.0,1480.0,Saturated,,NotOutflow,5106,3,1,2.986755621020873e-10
5108,2588600.0,1112360.0,1480.0,Unsaturated,,NotOutflow,4222,1,1,0.01
5109,2589800.0,1112360.0,1480.0,Unsaturated,,NotOutflow,4223,1,1,0.01
5110,2589880.0,1112360.0,1480.0,Unsaturated,,NotOutflow,4224,1,1,0.01
5111,2589960.0,1112360.0,1480.0,Unsaturated,,NotOutflow,4225,1,1,0.01
5112,2590040.0,1112360.0,1480.0,Saturated,,NotOutflow,-1,0,0,0.0
5113,2590120.0,1112360.0,1480.0,Saturated,,NotOutflow,-1,0,0,0.0
5114,2590200.0,1112360.0,1480.0,Unsaturated,,NotOutflow,4228,0,1,0.01
5115,2590280.0,1112360.0,1480.0,Unsaturated,,NotOutflow,4229,0,1,0.01
5116,2590360.0,1112360.0,1480.0,Saturated,,NotOutflow,-1,0,0,0.0
5117,2590440.0,1112360.0,1480.0,Unsaturated,,NotOutflow,4231,0,1,0.01
5118,2586360.0,1112440.0,1480.0,Unsaturated,,NotOutflow,4234,0,1,0.01
5119,2586440.0,1112440.0,1480.0,Saturated,,NotOutflow,5974,1,1,9.131200417990577e-15
5120,2586520.0,1112440.0,1480.0,Saturated,,NotOutflow,5119,1,1,9.131200417990577e-15
5121,2586600.0,1112440.0,1480.0,Saturated,,NotOutflow,5122,2,1,2.3584007835294496e-12
5122,2586680.0,1112440.0,1480.0,Saturated,,NotOutflow,5123,4,3,4.2014850057066015e-11
5123,2586760.0,1112440.0,1480.0,Saturated,,NotOutflow,5152,2,3,9.986365531056028e-10
5124,2586840.0,1112440.0,1480.0,Unsaturated,,NotOutflow,4240,1,1,0.01
5125,2586920.0,1112440.0,1480.0,Saturated,,NotOutflow,5980,1,1,1.1119532037458966e-08
5126,2587000.0,1112440.0,1480.0,Saturated,,NotOutflow,5155,1,3,9.35819406018029e-09
5127,2587080.0,1112440.0,1480.0,Saturated,,NotOutflow,-1,1,0,0.0
5128,2587160.0,1112440.0,1480.0,Unsaturated,,NotOutflow,4244,0,1,0.01
5129,2587320.0,1112440.0,1480.0,Saturated,,NotOutflow,5130,1,1,1.5600885300394404e-10
5130,2587400.0,1112440.0,1480.0,Saturated,,NotOutflow,5159,2,1,1.5600885300394404e-10
5131,2587880.0,1112440.0,1480.0,Saturated,,NotOutflow,5132,2,1,2.684017091620728e-08
5132,2587960.0,1112440.0,1480.0,Saturated,,NotOutflow,5162,2,1,2.684017091620728e-08
5133,2588040.0,1112440.0,1480.0,Saturated,,NotOutflow,5102,2,2,1.4614463536242812e-11
5134,2588120.0,1112440.0,1480.0,Saturated,,NotOutflow,5133,3,1,1.9648662393035803e-11
5135,2588280.0,1112440.0,1480.0,Saturated,,NotOutflow,5104,1,1,1.1771467042544058e-11
5136,2588360.0,1112440.0,1480.0,Saturated,,NotOutflow,5135,1,2,1.1771467042544058e-11
5137,2588440.0,1112440.0,1480.0,Unsaturated,,NotOutflow,4254,1,1,0.01
5138,2588520.0,1112440.0,1480.0,Saturated,,NotOutflow,5107,1,1,1.8506230773493475e-10
5139,2588600.0,1112440.0,1480.0,Saturated,,NotOutflow,5138,2,3,1.8506230773493475e-10
5140,2588680.0,1112440.0,1480.0,Saturated,,NotOutflow,5139,1,1,3.123867535952272e-11
5141,2588760.0,1112440.0,1480.0,Saturated,,NotOutflow,5140,1,1,3.123867535952272e-11
5142,2588840.0,1112440.0,1480.0,Saturated,,NotOutflow,5141,1,2,3.123867535952272e-11
5143,2588920.0,1112440.0,1480.0,Unsaturated,,NotOutflow,4260,1,1,0.01
5144,2590280.0,1112440.0,1480.0,Unsaturated,,NotOutflow,4261,0,1,0.01
5145,2590360.0,1112440.0,1480.0,Unsaturated,,NotOutflow,4262,0,1,0.01
5146,2590440.0,1112440.0,1480.0,Unsaturated,,NotOutflow,4263,0,1,0.01
5147,2586360.0,1112520.0,1480.0,Saturated,,NotOutflow,6000,2,2,1.157821003460008e-09
5148,2586440.0,1112520.0,1480.0,Unsaturated,,NotOutflow,4272,1,1,0.01
5149,2586520.0,1112520.0,1480.0,Unsaturated,,NotOutflow,4273,0,1,0.01
5150,2586600.0,1112520.0,1480.0,Unsaturated,,NotOutflow,4274,0,1,0.01
5151,2586680.0,1112520.0,1480.0,Saturated,,NotOutflow,6004,1,1,1.002355755866936e-11
5152,2586760.0,1112520.0,1480.0,Saturated,,NotOutflow,5153,2,4,9.848437207553974e-10
5153,2586840.0,1112520.0,1480.0,Saturated,,NotOutflow,4277,2,3,9.826262791803154e-10
5154,2586920.0,1112520.0,1480.0,Saturated,,NotOutflow,6007,2,2,3.4476742670758253e-09
5155,2587000.0,1112520.0,1480.0,Saturated,,NotOutflow,4279,3,2,9.35819406018029e-09
5156,2587080.0,1112520.0,1480.0,Saturated,,NotOutflow,-1,1,0,0.0
5157,2587160.0,1112520.0,1480.0,Unsaturated,,NotOutflow,4281,1,1,0.01
5158,2587240.0,1112520.0,1480.0,Unsaturated,,NotOutflow,4282,0,1,0.01
5159,2587400.0,1112520.0,1480.0,Saturated,,NotOutflow,6012,2,2,1.0741880095162652e-10
5160,2587480.0,1112520.0,1480.0,Unsaturated,,NotOutflow,4284,0,1,0.01
5161,2587880.0,1112520.0,1480.0,Unsaturated,,NotOutflow,-1,0,0,0.01
5162,2587960.0,1112520.0,1480.0,Saturated,,NotOutflow,6014,3,1,3.7230755463919795e-08
5163,2588120.0,1112520.0,1480.0,Saturated,,NotOutflow,5134,3,2,1.634825007729413e-11
5164,2588200.0,1112520.0,1480.0,Saturated,,NotOutflow,5163,2,1,1.487563072188406e-11
5165,2588360.0,1112520.0,1480.0,Saturated,,NotOutflow,5136,2,1,1.2796029110087168e-11
5166,2588440.0,1112520.0,1480.0,Saturated,,NotOutflow,5165,3,1,1.277801549103992e-11
5167,2588760.0,1112520.0,1480.0,Unsaturated,,NotOutflow,4292,1,1,0.01
5168,2588840.0,1112520.0,1480.0,Saturated,,NotOutflow,5142,1,1,5.491656872584717e-11
5169,2588920.0,1112520.0,1480.0,Saturated,,NotOutflow,5168,1,2,5.491656872584717e-11
5170,2589000.0,1112520.0,1480.0,Saturated,,NotOutflow,-1,0,0,0.0
5171,2589080.0,1112520.0,1480.0,Unsaturated,,NotOutflow,4296,1,1,0.01
5172,2589160.0,1112520.0,1480.0,Unsaturated,,NotOutflow,4297,1,1,0.01
5173,2589240.0,1112520.0,1480.0,Unsaturated,,NotOutflow,4298,1,1,0.01
5174,2586360.0,1112600.0,1480.0,Saturated,,NotOutflow,4303,2,4,1.198455639804758e-09
5175,2586520.0,1112600.0,1480.0,Unsaturated,,NotOutflow,-1,0,0,0.01
5176,2586600.0,1112600.0,1480.0,Unsaturated,,NotOutflow,4304,0,1,0.01
5177,2586680.0,1112600.0,1480.0,Saturated,,NotOutflow,5178,1,1,6.565198656016244e-11
5178,2586760.0,1112600.0,1480.0,Saturated,,NotOutflow,5204,3,1,6.79513611638095e-11
5179,2586840.0,1112600.0,1480.0,Saturated,,NotOutflow,4307,2,1,3.2856955666817666e-12
5180,2586920.0,1112600.0,1480.0,Saturated,,NotOutflow,4308,3,3,1.885570977669462e-08
5181,2587000.0,1112600.0,1480.0,Saturated,,NotOutflow,5155,2,2,8.288118921056353e-13
5182,2587080.0,1112600.0,1480.0,Saturated,,NotOutflow,5181,2,1,1.564390046132727e-12
5183,2587160.0,1112600.0,1480.0,Unsaturated,,NotOutflow,4311,1,1,0.01
5184,2587240.0,1112600.0,1480.0,Unsaturated,,NotOutflow,4312,1,1,0.01
5185,2587320.0,1112600.0,1480.0,Unsaturated,,NotOutflow,4313,1,1,0.01
5186,2587400.0,1112600.0,1480.0,Saturated,,NotOutflow,5187,2,3,3.8550303424821963e-10
5187,2587480.0,1112600.0,1480.0,Saturated,,NotOutflow,5212,2,2,3.9993475010469397e-10
5188,2587960.0,1112600.0,1480.0,Saturated,,NotOutflow,5162,1,2,2.054342368617273e-10
5189,2588040.0,1112600.0,1480.0,Saturated,,NotOutflow,5188,1,2,3.076133567301827e-10
5190,2588120.0,1112600.0,1480.0,Unsaturated,,NotOutflow,2440,0,1,0.01
5191,2588200.0,1112600.0,1480.0,Saturated,,NotOutflow,5164,3,1,1.487563072188406e-11
5192,2588280.0,1112600.0,1480.0,Saturated,,NotOutflow,5191,1,1,7.218770048557683e-12
5193,2588440.0,1112600.0,1480.0,Saturated,,NotOutflow,5166,1,2,8.386986149696284e-14
5194,2588520.0,1112600.0,1480.0,Saturated,,NotOutflow,5193,2,2,1.1098281422281447e-13
5195,2589080.0,1112600.0,1480.0,Unsaturated,,NotOutflow,4323,1,1,0.01
5196,2589160.0,1112600.0,1480.0,Unsaturated,,NotOutflow,4324,1,1,0.01
5197,2589240.0,1112600.0,1480.0,Unsaturated,,NotOutflow,4325,1,1,0.01
5198,2589320.0,1112600.0,1480.0,Unsaturated,,NotOutflow,4326,1,1,0.01
5199,2589400.0,1112600.0,1480.0,Saturated,,NotOutflow,-1,0,0,0.0
5200,2589480.0,1112600.0,1480.0,Unsaturated,,NotOutflow,4328,1,1,0.01
5201,2586360.0,1112680.0,1480.0,Saturated,,NotOutflow,5174,3,1,2.634034959011707e-09
5202,2586600.0,1112680.0,1480.0,Unsaturated,,NotOutflow,-1,0,0,0.01
5203,2586680.0,1112680.0,1480.0,Saturated,,NotOutflow,5228,1,1,7.117312295405835e-10
5204,2586760.0,1112680.0,1480.0,Saturated,,NotOutflow,5205,2,1,6.79513611638095e-11
5205,2586840.0,1112680.0,1480.0,Saturated,,NotOutflow,5230,2,1,6.79513611638095e-11
5206,2586920.0,1112680.0,1480.0,Unsaturated,,NotOutflow,4334,0,1,0.01
5207,2587000.0,1112680.0,1480.0,Unsaturated,,NotOutflow,4335,0,1,0.01
5208,2587080.0,1112680.0,1480.0,Saturated,,NotOutflow,5182,3,1,1.1705598337306685e-12
5209,2587160.0,1112680.0,1480.0,Saturated,,NotOutflow,5208,2,2,7.105692715494609e-13
5210,2587240.0,1112680.0,1480.0,Unsaturated,,NotOutflow,4338,0,1,0.01
5211,2587320.0,1112680.0,1480.0,Unsaturated,,NotOutflow,4339,1,1,0.01
5212,2587480.0,1112680.0,1480.0,Saturated,,NotOutflow,6065,2,3,1.0286104887641158e-09
5213,2587560.0,1112680.0,1480.0,Saturated,,NotOutflow,5238,2,1,4.9064995794539475e-11
5214,2588040.0,1112680.0,1480.0,Saturated,,NotOutflow,5189,1,1,4.404097240877127e-10
5215,2588120.0,1112680.0,1480.0,Saturated,,NotOutflow,5214,2,1,4.404097240877127e-10
5216,2588200.0,1112680.0,1480.0,Saturated,,NotOutflow,5191,1,1,1.892391539022231e-12
5217,2588280.0,1112680.0,1480.0,Saturated,,NotOutflow,4345,2,3,7.752359436295662e-12
5218,2588520.0,1112680.0,1480.0,Saturated,,NotOutflow,5194,3,1,1.17660026840989e-13
5219,2588600.0,1112680.0,1480.0,Saturated,,NotOutflow,5218,2,1,7.302250029539601e-14
5220,2589400.0,1112680.0,1480.0,Unsaturated,,NotOutflow,4350,1,1,0.01
5221,2589480.0,1112680.0,1480.0,Saturated,,NotOutflow,-1,0,0,0.0
5222,2589560.0,1112680.0,1480.0,Unsaturated,,NotOutflow,4352,1,1,0.01
5223,2589640.0,1112680.0,1480.0,Unsaturated,,NotOutflow,4353,1,1,0.01
5224,2589720.0,1112680.0,1480.0,Unsaturated,,NotOutflow,4354,1,1,0.01
5225,2589800.0,1112680.0,1480.0,Unsaturated,,NotOutflow,4355,1,1,0.01
5226,2586280.0,1112760.0,1480.0,Unsaturated,,NotOutflow,4356,1,1,0.01
5227,2586360.0,1112760.0,1480.0,Saturated,,NotOutflow,5201,2,1,1.3488913088173351e-09
5228,2586680.0,1112760.0,1480.0,Saturated,,NotOutflow,5229,2,1,1.4646643488490056e-09
5229,2586760.0,1112760.0,1480.0,Saturated,,NotOutflow,5230,2,2,2.246194702882028e-09
5230,2586840.0,1112760.0,1480.0,Saturated,,NotOutflow,5258,2,1,2.3141460640458373e-09
5231,2586920.0,1112760.0,1480.0,Unsaturated,,NotOutflow,4360,0,1,0.01
5232,2587080.0,1112760.0,1480.0,Unsaturated,,NotOutflow,3440,1,1,0.01
5233,2587160.0,1112760.0,1480.0,Saturated,,NotOutflow,4362,2,2,6.547764707595708e-13
5234,2587240.0,1112760.0,1480.0,Saturated,,NotOutflow,4363,1,1,6.82169790102304e-13
5235,2587320.0,1112760.0,1480.0,Saturated,,NotOutflow,5236,2,2,1.3148202487129941e-08
5236,2587400.0,1112760.0,1480.0,Saturated,,NotOutflow,5263,2,4,7.9623935302771e-09
5237,2587480.0,1112760.0,1480.0,Unsaturated,,NotOutflow,4366,0,1,0.01
5238,2587560.0,1112760.0,1480.0,Saturated,,NotOutflow,5239,1,1,4.9064995794539475e-11
5239,2587640.0,1112760.0,1480.0,Saturated,,NotOutflow,5266,2,1,4.9064995794539475e-11
5240,2588040.0,1112760.0,1480.0,Unsaturated,,NotOutflow,4369,0,1,0.01
5241,2588120.0,1112760.0,1480.0,Saturated,,NotOutflow,5215,2,1,4.404097240877127e-10
5242,2588200.0,1112760.0,1480.0,Unsaturated,,NotOutflow,-1,0,0,0.01
5243,2588280.0,1112760.0,1480.0,Saturated,,NotOutflow,5217,1,2,9.644750975317893e-12
5244,2588360.0,1112760.0,1480.0,Saturated,,NotOutflow,5243,2,2,1.591061315915376e-11
5245,2588520.0,1112760.0,1480.0,Unsaturated,,NotOutflow,2496,0,1,0.01
5246,2588600.0,1112760.0,1480.0,Saturated,,NotOutflow,5219,3,1,7.302250029539601e-14
5247,2588680.0,1112760.0,1480.0,Saturated,,NotOutflow,5246,1,1,1.8702623189103347e-14
5248,2589640.0,1112760.0,1480.0,Unsaturated,,NotOutflow,4376,1,1,0.01
5249,2589720.0,1112760.0,1480.0,Unsaturated,,NotOutflow,4377,1,1,0.01
5250,2589800.0,1112760.0,1480.0,Saturated,,NotOutflow,-1,0,0,0.0
5251,2589880.0,1112760.0,1480.0,Unsaturated,,NotOutflow,4379,1,1,0.01
5252,2589960.0,1112760.0,1480.0,Unsaturated,,NotOutflow,4380,1,1,0.01
5253,2590040.0,1112760.0,1480.0,Saturated,,NotOutflow,-1,0,0,0.0
5254,2590120.0,1112760.0,1480.0,Unsaturated,,NotOutflow,4382,0,1,0.01
5255,2586280.0,1112840.0,1480.0,Saturated,,NotOutflow,5256,1,1,1.3488913088173351e-09
5256,2586360.0,1112840.0,1480.0,Saturated,,NotOutflow,5227,1,1,1.3488913088173351e-09
5257,2586760.0,1112840.0,1480.0,Saturated,,NotOutflow,5258,3,1,6.0823269175184895e-09
5258,2586840.0,1112840.0,1480.0,Saturated,,NotOutflow,5283,3,3,5.695859576037503e-09
5259,2586920.0,1112840.0,1480.0,Saturated,,NotOutflow,4386,3,3,1.2962472738405454e-09
5260,2587160.0,1112840.0,1480.0,Saturated,,NotOutflow,5233,1,1,6.547764707595708e-13
5261,2587240.0,1112840.0,1480.0,Saturated,,NotOutflow,4388,2,3,7.026017023895148e-13
5262,2587320.0,1112840.0,1480.0,Unsaturated,,NotOutflow,4389,1,1,0.01
5263,2587400.0,1112840.0,1480.0,Saturated,,NotOutflow,5264,4,4,6.542355659407392e-09
5264,2587480.0,1112840.0,1480.0,Saturated,,NotOutflow,6119,2,5,3.3854443288289615e-09
5265,2587560.0,1112840.0,1480.0,Saturated,,NotOutflow,5289,1,1,1.8015922347716823e-09
5266,2587640.0,1112840.0,1480.0,Saturated,,NotOutflow,4393,1,3,1.9670203952881075e-11
5267,2587720.0,1112840.0,1480.0,Saturated,,NotOutflow,5291,2,1,1.0588544329925091e-11
5268,2588120.0,1112840.0,1480.0,Saturated,,NotOutflow,5241,1,1,1.0206898255084814e-10
5269,2588200.0,1112840.0,1480.0,Saturated,,NotOutflow,6124,1,2,1.2624325480779223e-09
5270,2588360.0,1112840.0,1480.0,Saturated,,NotOutflow,5244,2,2,3.143620771747952e-11
5271,2588440.0,1112840.0,1480.0,Saturated,,NotOutflow,5270,1,1,3.143620771747952e-11
5272,2588600.0,1112840.0,1480.0,Unsaturated,,NotOutflow,2523,0,1,0.01
5273,2588680.0,1112840.0,1480.0,Saturated,,NotOutflow,6128,1,2,9.898950078088809e-14
5274,2588760.0,1112840.0,1480.0,Unsaturated,,NotOutflow,4401,0,1,0.01
5275,2589960.0,1112840.0,1480.0,Unsaturated,,NotOutflow,4402,1,1,0.01
5276,2590040.0,1112840.0,1480.0,Unsaturated,,NotOutflow,4403,0,1,0.01
5277,2590120.0,1112840.0,1480.0,Saturated,,NotOutflow,-1,1,0,0.0
5278,2590200.0,1112840.0,1480.0,Saturated,,NotOutflow,-1,0,0,0.0
5279,2590280.0,1112840.0,1480.0,Unsaturated,,NotOutflow,4406,0,1,0.01
5280,2586280.0,1112920.0,1480.0,Saturated,,NotOutflow,5255,1,2,1.3488913088173351e-09
5281,2586360.0,1112920.0,1480.0,Unsaturated,,NotOutflow,4409,1,1,0.01
5282,2586760.0,1112920.0,1480.0,Unsaturated,,NotOutflow,-1,0,0,0.01
5283,2586840.0,1112920.0,1480.0,Saturated,,NotOutflow,5284,1,2,4.581441712689331e-09
5284,2586920.0,1112920.0,1480.0,Saturated,,NotOutflow,5306,4,2,5.239030780527004e-09
5285,2587000.0,1112920.0,1480.0,Saturated,,NotOutflow,5307,1,1,5.6192959722754906e-11
5286,2587240.0,1112920.0,1480.0,Saturated,,NotOutflow,5261,1,1,2.03954796325139e-12
5287,2587320.0,1112920.0,1480.0,Unsaturated,,NotOutflow,4413,1,1,0.01
5288,2587480.0,1112920.0,1480.0,Saturated,,NotOutflow,6142,1,1,2.6432421644173795e-10
5289,2587560.0,1112920.0,1480.0,Saturated,,NotOutflow,6143,1,1,1.8015922347716823e-09
5290,2587640.0,1112920.0,1480.0,Unsaturated,,NotOutflow,4417,0,1,0.01
5291,2587720.0,1112920.0,1480.0,Saturated,,NotOutflow,5292,1,1,1.0588544329925091e-11
5292,2587800.0,1112920.0,1480.0,Saturated,,NotOutflow,5314,1,1,1.0588544329925091e-11
5293,2587880.0,1112920.0,1480.0,Unsaturated,,NotOutflow,4420,1,1,0.01
5294,2588200.0,1112920.0,1480.0,Saturated,,NotOutflow,5269,1,1,1.3645015306287704e-09
5295,2588280.0,1112920.0,1480.0,Saturated,,NotOutflow,5294,1,1,1.3645015306287704e-09
5296,2588360.0,1112920.0,1480.0,Saturated,,NotOutflow,5270,1,1,1.559968069257972e-11
5297,2588440.0,1112920.0,1480.0,Saturated,,NotOutflow,5271,1,2,3.143620771747952e-11
5298,2588520.0,1112920.0,1480.0,Saturated,,NotOutflow,5297,1,1,4.703588841005924e-11
5299,2588680.0,1112920.0,1480.0,Unsaturated,,NotOutflow,3507,0,1,0.01
5300,2588760.0,1112920.0,1480.0,Unsaturated,,NotOutflow,4427,0,1,0.01
5301,2588840.0,1112920.0,1480.0,Unsaturated,,NotOutflow,4428,0,1,0.01
5302,2586280.0,1113000.0,1480.0,Saturated,,NotOutflow,5280,1,1,2.4080326892404486e-09
5303,2586360.0,1113000.0,1480.0,Unsaturated,,NotOutflow,4433,1,1,0.01
5304,2586760.0,1113000.0,1480.0,Unsaturated,,NotOutflow,-1,0,0,0.01
5305,2586840.0,1113000.0,1480.0,Saturated,,NotOutflow,6158,2,1,3.5909642106147264e-09
5306,2586920.0,1113000.0,1480.0,Saturated,,NotOutflow,5307,2,2,4.988542643153079e-09
5307,2587000.0,1113000.0,1480.0,Saturated,,NotOutflow,6160,2,2,4.581441712689331e-09
5308,2587080.0,1113000.0,1480.0,Unsaturated,,NotOutflow,4437,0,1,0.01
5309,2587320.0,1113000.0,1480.0,Unsaturated,,NotOutflow,4439,0,1,0.01
5310,2587400.0,1113000.0,1480.0,Unsaturated,,NotOutflow,4440,0,1,0.01
5311,2587560.0,1113000.0,1480.0,Unsaturated,,NotOutflow,3527,0,1,0.01
5312,2587640.0,1113000.0,1480.0,Unsaturated,,NotOutflow,4442,0,1,0.01
5313,2587720.0,1113000.0,1480.0,Unsaturated,,NotOutflow,4443,0,1,0.01
5314,2587800.0,1113000.0,1480.0,Saturated,,NotOutflow,5315,1,1,1.0588544329925091e-11
5315,2587880.0,1113000.0,1480.0,Saturated,,NotOutflow,5339,2,1,8.853125224457117e-10
5316,2587960.0,1113000.0,1480.0,Unsaturated,,NotOutflow,4446,1,1,0.01
5317,2588200.0,1113000.0,1480.0,Unsaturated,,NotOutflow,4447,0,1,0.01
5318,2588280.0,1113000.0,1480.0,Saturated,,NotOutflow,6170,1,3,1.6654555422290432e-09
5319,2588360.0,1113000.0,1480.0,Unsaturated,,NotOutflow,632,1,1,0.01
5320,2588440.0,1113000.0,1480.0,Unsaturated,,NotOutflow,633,0,1,0.01
5321,2588520.0,1113000.0,1480.0,Saturated,,NotOutflow,5298,3,3,4.703588841005924e-11
5322,2588600.0,1113000.0,1480.0,Saturated,,NotOutflow,5321,3,1,2.6156901546760138e-17
5323,2588680.0,1113000.0,1480.0,Unsaturated,,NotOutflow,4451,0,1,0.01
5324,2588760.0,1113000.0,1480.0,Unsaturated,,NotOutflow,3538,0,1,0.01
5325,2588840.0,1113000.0,1480.0,Saturated,,NotOutflow,-1,0,0,0.0
5326,2586280.0,1113080.0,1480.0,Unsaturated,,NotOutflow,4454,1,1,0.01
5327,2586760.0,1113080.0,1480.0,Unsaturated,,NotOutflow,4456,0,1,0.01
5328,2586840.0,1113080.0,1480.0,Unsaturated,,NotOutflow,4457,0,1,0.01
5329,2586920.0,1113080.0,1480.0,Saturated,,NotOutflow,5352,2,1,2.504881373739253e-10
5330,2587000.0,1113080.0,1480.0,Saturated,,NotOutflow,5331,1,1,4.6329389018650283e-10
5331,2587080.0,1113080.0,1480.0,Saturated,,NotOutflow,5354,2,1,8.446453775888786e-10
5332,2587160.0,1113080.0,1480.0,Unsaturated,,NotOutflow,4461,0,1,0.01
5333,2587320.0,1113080.0,1480.0,Unsaturated,,NotOutflow,3554,0,1,0.01
5334,2587400.0,1113080.0,1480.0,Saturated,,NotOutflow,-1,1,0,0.0
5335,2587480.0,1113080.0,1480.0,Unsaturated,,NotOutflow,4464,0,1,0.01
5336,2587640.0,1113080.0,1480.0,Unsaturated,,NotOutflow,4466,0,1,0.01
5337,2587720.0,1113080.0,1480.0,Unsaturated,,NotOutflow,4467,0,1,0.01
5338,2587800.0,1113080.0,1480.0,Saturated,,NotOutflow,5339,2,1,4.533829987139116e-10
5339,2587880.0,1113080.0,1480.0,Saturated,,NotOutflow,5340,2,2,8.853125224457117e-10
5340,2587960.0,1113080.0,1480.0,Saturated,,NotOutflow,5364,4,2,1.0147106610110272e-08
5341,2588040.0,1113080.0,1480.0,Unsaturated,,NotOutflow,4471,1,1,0.01
5342,2588280.0,1113080.0,1480.0,Saturated,,NotOutflow,5318,2,2,3.757540618816364e-09
5343,2588360.0,1113080.0,1480.0,Saturated,,NotOutflow,5342,1,1,3.757540618816364e-09
5344,2588600.0,1113080.0,1480.0,Saturated,,NotOutflow,5322,2,1,2.4070893070531868e-17
5345,2588680.0,1113080.0,1480.0,Saturated,,NotOutflow,5344,1,1,8.51317677639445e-18
5346,2588760.0,1113080.0,1480.0,Saturated,,NotOutflow,5345,2,1,8.51317677639445e-18
5347,2588840.0,1113080.0,1480.0,Unsaturated,,NotOutflow,4477,0,1,0.01
5348,2588920.0,1113080.0,1480.0,Saturated,,NotOutflow,-1,0,0,0.0
5349,2586280.0,1113160.0,1480.0,Unsaturated,,NotOutflow,4480,0,1,0.01
5350,2586760.0,1113160.0,1480.0,Unsaturated,,NotOutflow,4481,0,1,0.01
5351,2586840.0,1113160.0,1480.0,Unsaturated,,NotOutflow,4482,1,1,0.01
5352,2586920.0,1113160.0,1480.0,Saturated,,NotOutflow,5379,2,1,2.504881373739253e-10
5353,2587000.0,1113160.0,1480.0,Saturated,,NotOutflow,5380,3,2,4.408084441055537e-09
5354,2587080.0,1113160.0,1480.0,Saturated,,NotOutflow,5353,4,2,4.093965605782741e-09
5355,2587160.0,1113160.0,1480.0,Saturated,,NotOutflow,5354,1,1,2.7119582283883144e-10
5356,2587240.0,1113160.0,1480.0,Saturated,,NotOutflow,5355,2,1,2.7119582283883144e-10
5357,2587400.0,1113160.0,1480.0,Unsaturated,,NotOutflow,3582,1,1,0.01
5358,2587480.0,1113160.0,1480.0,Saturated,,NotOutflow,-1,1,0,0.0
5359,2587560.0,1113160.0,1480.0,Unsaturated,,NotOutflow,4490,0,1,0.01
5360,2587640.0,1113160.0,1480.0,Unsaturated,,NotOutflow,4491,0,1,0.01
5361,2587720.0,1113160.0,1480.0,Unsaturated,,NotOutflow,4492,0,1,0.01
5362,2587800.0,1113160.0,1480.0,Saturated,,NotOutflow,5338,1,1,4.533829987139116e-10
5363,2587880.0,1113160.0,1480.0,Unsaturated,,NotOutflow,4494,0,1,0.01
5364,2587960.0,1113160.0,1480.0,Saturated,,NotOutflow,5365,3,2,1.0147106610110272e-08
5365,2588040.0,1113160.0,1480.0,Saturated,,NotOutflow,6218,1,2,6.6892554135944444e-09
5366,2588120.0,1113160.0,1480.0,Saturated,,NotOutflow,-1,0,0,0.0
5367,2588200.0,1113160.0,1480.0,Unsaturated,,NotOutflow,4498,1,1,0.01
5368,2588360.0,1113160.0,1480.0,Saturated,,NotOutflow,6221,2,2,8.7880351485933e-09
5369,2588440.0,1113160.0,1480.0,Saturated,,NotOutflow,5368,1,1,1.0747774529831948e-08
5370,2588680.0,1113160.0,1480.0,Unsaturated,,NotOutflow,694,0,1,0.01
5371,2588760.0,1113160.0,1480.0,Saturated,,NotOutflow,5346,1,1,8.51317677639445e-18
5372,2588840.0,1113160.0,1480.0,Saturated,,NotOutflow,6226,3,3,2.453972860990386e-17
5373,2588920.0,1113160.0,1480.0,Saturated,,NotOutflow,5372,1,1,1.8949637130916402e-17
5374,2589000.0,1113160.0,1480.0,Unsaturated,,NotOutflow,4505,1,1,0.01
5375,2586200.0,1113240.0,1480.0,Unsaturated,,NotOutflow,4507,0,1,0.01
5376,2586280.0,1113240.0,1480.0,Saturated,,NotOutflow,-1,0,0,0.0
5377,2586760.0,1113240.0,1480.0,Saturated,,NotOutflow,5405,1,1,1.7930670139102626e-11
5378,2586840.0,1113240.0,1480.0,Unsaturated,,NotOutflow,4510,0,1,0.01
5379,2586920.0,1113240.0,1480.0,Saturated,,NotOutflow,5407,4,2,8.221506067537723e-08
5380,2587000.0,1113240.0,1480.0,Saturated,,NotOutflow,5379,4,3,8.70533373212753e-08
5381,2587080.0,1113240.0,1480.0,Unsaturated,,NotOutflow,4512,1,1,0.01
5382,2587160.0,1113240.0,1480.0,Unsaturated,,NotOutflow,3603,1,1,0.01
5383,2587240.0,1113240.0,1480.0,Saturated,,NotOutflow,5356,2,1,2.7119582283883144e-10
5384,2587320.0,1113240.0,1480.0,Unsaturated,,NotOutflow,4514,1,1,0.01
5385,2587480.0,1113240.0,1480.0,Unsaturated,,NotOutflow,4516,0,1,0.01
5386,2587560.0,1113240.0,1480.0,Unsaturated,,NotOutflow,3607,1,1,0.01
5387,2587640.0,1113240.0,1480.0,Unsaturated,,NotOutflow,4517,1,1,0.01
5388,2587720.0,1113240.0,1480.0,Unsaturated,,NotOutflow,4518,0,1,0.01
5389,2587800.0,1113240.0,1480.0,Unsaturated,,NotOutflow,4519,0,1,0.01
5390,2587880.0,1113240.0,1480.0,Saturated,,NotOutflow,5391,1,1,4.770036026368713e-10
5391,2587960.0,1113240.0,1480.0,Saturated,,NotOutflow,5417,2,1,6.550921074192245e-10
5392,2588040.0,1113240.0,1480.0,Saturated,,NotOutflow,5418,2,1,1.3355069660138138e-10
5393,2588120.0,1113240.0,1480.0,Saturated,,NotOutflow,-1,1,0,0.0
5394,2588200.0,1113240.0,1480.0,Saturated,,NotOutflow,-1,1,0,0.0
5395,2588280.0,1113240.0,1480.0,Saturated,,NotOutflow,-1,1,0,0.0
5396,2588360.0,1113240.0,1480.0,Unsaturated,,NotOutflow,4526,1,1,0.01
5397,2588440.0,1113240.0,1480.0,Saturated,,NotOutflow,5369,1,2,1.0747774529831948e-08
5398,2588840.0,1113240.0,1480.0,Saturated,,NotOutflow,5372,1,1,1.89886386278716e-17
5399,2588920.0,1113240.0,1480.0,Saturated,,NotOutflow,5398,1,3,1.89886386278716e-17
5400,2589000.0,1113240.0,1480.0,Saturated,,NotOutflow,5399,1,1,5.445630292846276e-17
5401,2589080.0,1113240.0,1480.0,Unsaturated,,NotOutflow,4530,1,1,0.01
5402,2586200.0,1113320.0,1480.0,Unsaturated,,NotOutflow,4532,0,1,0.01
5403,2586280.0,1113320.0,1480.0,Saturated,,NotOutflow,-1,0,0,0.0
5404,2586680.0,1113320.0,1480.0,Unsaturated,,NotOutflow,-1,1,0,0.01
5405,2586760.0,1113320.0,1480.0,Saturated,,NotOutflow,5432,3,2,3.6396587511995337e-11
5406,2586840.0,1113320.0,1480.0,Saturated,,NotOutflow,5433,2,1,3.125e-07
5407,2586920.0,1113320.0,1480.0,Saturated,,NotOutflow,5406,4,2,1.8815264347160397e-07
5408,2587000.0,1113320.0,1480.0,Saturated,,NotOutflow,5380,2,2,4.3019220484255376e-10
5409,2587240.0,1113320.0,1480.0,Unsaturated,,NotOutflow,2674,1,1,0.01
5410,2587320.0,1113320.0,1480.0,Unsaturated,,NotOutflow,4539,1,1,0.01
5411,2587400.0,1113320.0,1480.0,Unsaturated,,NotOutflow,4540,1,1,0.01
5412,2587480.0,1113320.0,1480.0,Unsaturated,,NotOutflow,4541,1,1,0.01
5413,2587640.0,1113320.0,1480.0,Unsaturated,,NotOutflow,4543,0,1,0.01
5414,2587720.0,1113320.0,1480.0,Saturated,,NotOutflow,-1,1,0,0.0
5415,2587800.0,1113320.0,1480.0,Unsaturated,,NotOutflow,4544,0,1,0.01
5416,2587880.0,1113320.0,1480.0,Unsaturated,,NotOutflow,4545,0,1,0.01
5417,2587960.0,1113320.0,1480.0,Saturated,,NotOutflow,5418,1,1,6.550921074192245e-10
5418,2588040.0,1113320.0,1480.0,Saturated,,NotOutflow,5444,4,2,1.3863175019798203e-09
5419,2588120.0,1113320.0,1480.0,Saturated,,NotOutflow,4548,2,1,2.3840690652725315e-09
5420,2588200.0,1113320.0,1480.0,Unsaturated,,NotOutflow,4549,1,1,0.01
5421,2588280.0,1113320.0,1480.0,Saturated,,NotOutflow,-1,1,0,0.0
5422,2588360.0,1113320.0,1480.0,Unsaturated,,NotOutflow,4551,0,1,0.01
5423,2588440.0,1113320.0,1480.0,Saturated,,NotOutflow,5449,3,3,4.8792300254835124e-08
5424,2588520.0,1113320.0,1480.0,Saturated,,NotOutflow,5423,2,1,2.6245414780097483e-08
5425,2589000.0,1113320.0,1480.0,Saturated,,NotOutflow,5400,2,1,5.4456302928462764e-17
5426,2589080.0,1113320.0,1480.0,Saturated,,NotOutflow,6280,1,2,3.0637681079663187e-16
5427,2589160.0,1113320.0,1480.0,Saturated,,NotOutflow,-1,1,0,0.0
5428,2589240.0,1113320.0,1480.0,Unsaturated,,NotOutflow,4557,0,1,0.01
5429,2586200.0,1113400.0,1480.0,Unsaturated,,NotOutflow,4559,0,1,0.01
5430,2586280.0,1113400.0,1480.0,Unsaturated,,NotOutflow,4560,0,1,0.01
5431,2586680.0,1113400.0,1480.0,Saturated,,NotOutflow,6282,1,1,8.357544723527733e-11
5432,2586760.0,1113400.0,1480.0,Saturated,,NotOutflow,4562,3,2,3.1253639658751197e-07
5433,2586840.0,1113400.0,1480.0,Saturated,,NotOutflow,5432,1,1,3.125e-07
5434,2586920.0,1113400.0,1480.0,Saturated,,NotOutflow,5407,2,2,4.784642046109011e-10
5435,2587000.0,1113400.0,1480.0,Saturated,,NotOutflow,5434,1,2,4.784642046109011e-10
5436,2587400.0,1113400.0,1480.0,Unsaturated,,NotOutflow,1719,1,1,0.01
5437,2587480.0,1113400.0,1480.0,Unsaturated,,NotOutflow,4566,1,1,0.01
5438,2587560.0,1113400.0,1480.0,Unsaturated,,NotOutflow,4567,1,1,0.01
5439,2587640.0,1113400.0,1480.0,Unsaturated,,NotOutflow,4568,1,1,0.01
5440,2587720.0,1113400.0,1480.0,Unsaturated,,NotOutflow,4569,1,1,0.01
5441,2587800.0,1113400.0,1480.0,Unsaturated,,NotOutflow,4570,1,1,0.01
5442,2587880.0,1113400.0,1480.0,Unsaturated,,NotOutflow,4571,0,1,0.01
5443,2587960.0,1113400.0,1480.0,Unsaturated,,NotOutflow,4572,0,1,0.01
5444,2588040.0,1113400.0,1480.0,Saturated,,NotOutflow,5445,3,2,2.665455831318469e-09
5445,2588120.0,1113400.0,1480.0,Saturated,,NotOutflow,5419,2,2,2.3840690652725315e-09
5446,2588200.0,1113400.0,1480.0,Unsaturated,,NotOutflow,4575,1,1,0.01
5447,2588280.0,1113400.0,1480.0,Unsaturated,,NotOutflow,4576,1,1,0.01
5448,2588360.0,1113400.0,1480.0,Unsaturated,,NotOutflow,4577,1,1,0.01
5449,2588440.0,1113400.0,1480.0,Saturated,,NotOutflow,5450,2,1,4.8792300254835124e-08
5450,2588520.0,1113400.0,1480.0,Saturated,,NotOutflow,4579,3,3,4.879328997530673e-08
5451,2588600.0,1113400.0,1480.0,Unsaturated,,NotOutflow,4580,1,1,0.01
5452,2588680.0,1113400.0,1480.0,Unsaturated,,NotOutflow,4581,1,1,0.01
5453,2589080.0,1113400.0,1480.0,Unsaturated,,NotOutflow,764,0,1,0.01
5454,2589160.0,1113400.0,1480.0,Saturated,,NotOutflow,-1,0,0,0.0
5455,2589240.0,1113400.0,1480.0,Unsaturated,,NotOutflow,4583,1,1,0.01
5456,2589320.0,1113400.0,1480.0,Unsaturated,,NotOutflow,4584,1,1,0.01
5457,2589400.0,1113400.0,1480.0,Unsaturated,,NotOutflow,4585,0,1,0.01
5458,2586600.0,1113480.0,1480.0,Unsaturated,,NotOutflow,4589,0,1,0.01
5459,2586680.0,1113480.0,1480.0,Saturated,,NotOutflow,5431,3,1,8.357544723527733e-11
5460,2586760.0,1113480.0,1480.0,Unsaturated,,NotOutflow,4591,0,1,0.01
5461,2586840.0,1113480.0,1480.0,Unsaturated,,NotOutflow,1743,1,1,0.01
5462,2586920.0,1113480.0,1480.0,Saturated,,NotOutflow,5463,2,3,4.5346664715965643e-10
5463,2587000.0,1113480.0,1480.0,Saturated,,NotOutflow,5435,3,4,6.54691441761705e-10
5464,2587480.0,1113480.0,1480.0,Saturated,,NotOutflow,-1,1,0,0.0
5465,2587560.0,1113480.0,1480.0,Saturated,,NotOutflow,-1,1,0,0.0
5466,2587640.0,1113480.0,1480.0,Saturated,,NotOutflow,-1,1,0,0.0
5467,2587720.0,1113480.0,1480.0,Unsaturated,,NotOutflow,4595,0,1,0.01
5468,2587800.0,1113480.0,1480.0,Unsaturated,,NotOutflow,4596,0,1,0.01
5469,2587880.0,1113480.0,1480.0,Unsaturated,,NotOutflow,4597,1,1,0.01
5470,2587960.0,1113480.0,1480.0,Saturated,,NotOutflow,-1,0,0,0.0
5471,2588040.0,1113480.0,1480.0,Unsaturated,,NotOutflow,4599,0,1,0.01
5472,2588120.0,1113480.0,1480.0,Unsaturated,,NotOutflow,4600,0,1,0.01
5473,2588200.0,1113480.0,1480.0,Unsaturated,,NotOutflow,4601,1,1,0.01
5474,2588280.0,1113480.0,1480.0,Saturated,,NotOutflow,-1,0,0,0.0
5475,2588360.0,1113480.0,1480.0,Unsaturated,,NotOutflow,4603,1,1,0.01
5476,2588440.0,1113480.0,1480.0,Unsaturated,,NotOutflow,4604,1,1,0.01
5477,2588520.0,1113480.0,1480.0,Unsaturated,,NotOutflow,4605,0,1,0.01
5478,2588600.0,1113480.0,1480.0,Unsaturated,,NotOutflow,4606,1,1,0.01
5479,2588680.0,1113480.0,1480.0,Unsaturated,,NotOutflow,4607,1,1,0.01
5480,2588760.0,1113480.0,1480.0,Saturated,,NotOutflow,-1,1,0,0.0
5481,2588840.0,1113480.0,1480.0,Unsaturated,,NotOutflow,4609,1,1,0.01
5482,2589160.0,1113480.0,1480.0,Unsaturated,,NotOutflow,1761,1,1,0.01
5483,2589240.0,1113480.0,1480.0,Saturated,,NotOutflow,-1,0,0,0.0
5484,2589320.0,1113480.0,1480.0,Unsaturated,,NotOutflow,4611,1,1,0.01
5485,2589400.0,1113480.0,1480.0,Unsaturated,,NotOutflow,4612,1,1,0.01
5486,2589480.0,1113480.0,1480.0,Saturated,,NotOutflow,-1,1,0,0.0
5487,2589560.0,1113480.0,1480.0,Unsaturated,,NotOutflow,4614,1,1,0.01
5488,2586520.0,1113560.0,1480.0,Saturated,,NotOutflow,5519,1,1,1.000386513279301e-07
5489,2586600.0,1113560.0,1480.0,Saturated,,NotOutflow,5488,1,1,1.000386513279301e-07
5490,2586680.0,1113560.0,1480.0,Saturated,,NotOutflow,5459,1,1,1.9137290302097075e-11
5491,2586920.0,1113560.0,1480.0,Saturated,,NotOutflow,5462,2,1,5.080567521030612e-10
5492,2587000.0,1113560.0,1480.0,Saturated,,NotOutflow,5463,3,3,6.910752097990615e-10
5493,2587080.0,1113560.0,1480.0,Saturated,,NotOutflow,5492,1,1,5.121686778164826e-10
5494,2587560.0,1113560.0,1480.0,Unsaturated,,NotOutflow,1774,1,1,0.01
5495,2587640.0,1113560.0,1480.0,Unsaturated,,NotOutflow,1775,1,1,0.01
5496,2587720.0,1113560.0,1480.0,Unsaturated,,NotOutflow,4624,1,1,0.01
5497,2587800.0,1113560.0,1480.0,Unsaturated,,NotOutflow,4625,1,1,0.01
5498,2587880.0,1113560.0,1480.0,Unsaturated,,NotOutflow,4626,0,1,0.01
5499,2587960.0,1113560.0,1480.0,Unsaturated,,NotOutflow,4627,1,1,0.01
5500,2588040.0,1113560.0,1480.0,Unsaturated,,NotOutflow,4628,1,1,0.01
5501,2588120.0,1113560.0,1480.0,Unsaturated,,NotOutflow,4629,1,1,0.01
5502,2588200.0,1113560.0,1480.0,Unsaturated,,NotOutflow,4630,1,1,0.01
5503,2588280.0,1113560.0,1480.0,Unsaturated,,NotOutflow,4631,1,1,0.01
5504,2588360.0,1113560.0,1480.0,Unsaturated,,NotOutflow,4632,1,1,0.01
5505,2588440.0,1113560.0,1480.0,Saturated,,NotOutflow,-1,1,0,0.0
5506,2588520.0,1113560.0,1480.0,Unsaturated,,NotOutflow,4634,1,1,0.01
5507,2588600.0,1113560.0,1480.0,Unsaturated,,NotOutflow,4635,1,1,0.01
5508,2588680.0,1113560.0,1480.0,Unsaturated,,NotOutflow,4636,0,1,0.01
5509,2588760.0,1113560.0,1480.0,Saturated,,NotOutflow,-1,1,0,0.0
5510,2588840.0,1113560.0,1480.0,Saturated,,NotOutflow,-1,1,0,0.0
5511,2588920.0,1113560.0,1480.0,Saturated,,NotOutflow,-1,1,0,0.0
5512,2589000.0,1113560.0,1480.0,Unsaturated,,NotOutflow,4640,1,1,0.01
5513,2589240.0,1113560.0,1480.0,Unsaturated,,NotOutflow,1786,1,1,0.01
5514,2589320.0,1113560.0,1480.0,Unsaturated,,NotOutflow,4641,1,1,0.01
5515,2589400.0,1113560.0,1480.0,Unsaturated,,NotOutflow,4642,1,1,0.01
5516,2589480.0,1113560.0,1480.0,Unsaturated,,NotOutflow,3723,1,1,0.01
5517,2589560.0,1113560.0,1480.0,Unsaturated,,NotOutflow,4643,1,1,0.01
5518,2589640.0,1113560.0,1480.0,Unsaturated,,NotOutflow,4644,1,1,0.01
5519,2586520.0,1113640.0,1480.0,Saturated,,NotOutflow,4646,1,1,1.000386513279301e-07
5520,2586680.0,1113640.0,1480.0,Unsaturated,,NotOutflow,4647,0,1,0.01
5521,2587000.0,1113640.0,1480.0,Saturated,,NotOutflow,5492,2,1,6.519866353338575e-10
5522,2587080.0,1113640.0,1480.0,Saturated,,NotOutflow,5521,1,2,5.879359124697995e-10
5523,2587640.0,1113640.0,1480.0,Unsaturated,,NotOutflow,1801,1,1,0.01
5524,2587720.0,1113640.0,1480.0,Unsaturated,,NotOutflow,1802,1,1,0.01
5525,2587800.0,1113640.0,1480.0,Unsaturated,,NotOutflow,1803,1,1,0.01
5526,2587880.0,1113640.0,1480.0,Saturated,,NotOutflow,-1,1,0,0.0
5527,2587960.0,1113640.0,1480.0,Unsaturated,,NotOutflow,4652,1,1,0.01
5528,2588040.0,1113640.0,1480.0,Saturated,,NotOutflow,-1,0,0,0.0
5529,2588120.0,1113640.0,1480.0,Unsaturated,,NotOutflow,4654,1,1,0.01
5530,2588200.0,1113640.0,1480.0,Unsaturated,,NotOutflow,4655,1,1,0.01
5531,2588280.0,1113640.0,1480.0,Unsaturated,,NotOutflow,4656,1,1,0.01
5532,2588360.0,1113640.0,1480.0,Saturated,,NotOutflow,-1,0,0,0.0
5533,2588440.0,1113640.0,1480.0,Unsaturated,,NotOutflow,4658,1,1,0.01
5534,2588520.0,1113640.0,1480.0,Saturated,,NotOutflow,-1,0,0,0.0
5535,2588600.0,1113640.0,1480.0,Unsaturated,,NotOutflow,4660,1,1,0.01
5536,2588680.0,1113640.0,1480.0,Unsaturated,,NotOutflow,4661,1,1,0.01
5537,2588760.0,1113640.0,1480.0,Unsaturated,,NotOutflow,4662,1,1,0.01
5538,2588840.0,1113640.0,1480.0,Unsaturated,,NotOutflow,4663,1,1,0.01
5539,2588920.0,1113640.0,1480.0,Saturated,,NotOutflow,-1,1,0,0.0
5540,2589000.0,1113640.0,1480.0,Saturated,,NotOutflow,-1,1,0,0.0
5541,2589080.0,1113640.0,1480.0,Saturated,,NotOutflow,-1,1,0,0.0
5542,2589160.0,1113640.0,1480.0,Unsaturated,,NotOutflow,4667,1,1,0.01
5543,2589320.0,1113640.0,1480.0,Unsaturated,,NotOutflow,4668,0,1,0.01
5544,2589400.0,1113640.0,1480.0,Saturated,,NotOutflow,-1,1,0,0.0
5545,2589640.0,1113640.0,1480.0,Unsaturated,,NotOutflow,4671,0,1,0.01
5546,2589720.0,1113640.0,1480.0,Unsaturated,,NotOutflow,4672,1,1,0.01
5547,2589800.0,1113640.0,1480.0,Unsaturated,,NotOutflow,4673,0,1,0.01
5548,2587000.0,1113720.0,1480.0,Unsaturated,,NotOutflow,-1,0,0,0.01
5549,2587080.0,1113720.0,1480.0,Saturated,,NotOutflow,5522,2,1,1.100104590286282e-09
5550,2587800.0,1113720.0,1480.0,Unsaturated,,NotOutflow,1831,1,1,0.01
5551,2587880.0,1113720.0,1480.0,Unsaturated,,NotOutflow,1832,1,1,0.01
5552,2587960.0,1113720.0,1480.0,Unsaturated,,NotOutflow,1833,1,1,0.01
5553,2588040.0,1113720.0,1480.0,Saturated,,NotOutflow,-1,1,0,0.0
5554,2588120.0,1113720.0,1480.0,Unsaturated,,NotOutflow,4678,1,1,0.01
5555,2588200.0,1113720.0,1480.0,Unsaturated,,NotOutflow,4679,1,1,0.01
5556,2588280.0,1113720.0,1480.0,Saturated,,NotOutflow,-1,0,0,0.0
5557,2588360.0,1113720.0,1480.0,Unsaturated,,NotOutflow,4681,1,1,0.01
5558,2588440.0,1113720.0,1480.0,Unsaturated,,NotOutflow,4682,1,1,0.01
5559,2588520.0,1113720.0,1480.0,Saturated,,NotOutflow,-1,0,0,0.0
5560,2588600.0,1113720.0,1480.0,Unsaturated,,NotOutflow,4684,1,1,0.01
5561,2588680.0,1113720.0,1480.0,Unsaturated,,NotOutflow,4685,1,1,0.01
5562,2588760.0,1113720.0,1480.0,Unsaturated,,NotOutflow,4686,0,1,0.01
5563,2588840.0,1113720.0,1480.0,Unsaturated,,NotOutflow,4687,1,1,0.01
5564,2588920.0,1113720.0,1480.0,Unsaturated,,NotOutflow,4688,1,1,0.01
5565,2589000.0,1113720.0,1480.0,Unsaturated,,NotOutflow,4689,1,1,0.01
5566,2589080.0,1113720.0,1480.0,Saturated,,NotOutflow,-1,1,0,0.0
5567,2589160.0,1113720.0,1480.0,Saturated,,NotOutflow,-1,1,0,0.0
5568,2589240.0,1113720.0,1480.0,Saturated,,NotOutflow,-1,1,0,0.0
5569,2589320.0,1113720.0,1480.0,Unsaturated,,NotOutflow,4693,1,1,0.01
5570,2589400.0,1113720.0,1480.0,Saturated,,NotOutflow,-1,0,0,0.0
5571,2589480.0,1113720.0,1480.0,Unsaturated,,NotOutflow,4695,1,1,0.01
5572,2589720.0,1113720.0,1480.0,Unsaturated,,NotOutflow,867,1,1,0.01
5573,2589800.0,1113720.0,1480.0,Saturated,,NotOutflow,-1,1,0,0.0
5574,2589880.0,1113720.0,1480.0,Unsaturated,,NotOutflow,4698,0,1,0.01
5575,2587080.0,1113800.0,1480.0,Saturated,,NotOutflow,5549,1,1,5.879359124697995e-10
5576,2587960.0,1113800.0,1480.0,Unsaturated,,NotOutflow,1862,1,1,0.01
5577,2588040.0,1113800.0,1480.0,Unsaturated,,NotOutflow,1863,1,1,0.01
5578,2588120.0,1113800.0,1480.0,Unsaturated,,NotOutflow,1864,1,1,0.01
5579,2588200.0,1113800.0,1480.0,Saturated,,NotOutflow,-1,0,0,0.0
5580,2588280.0,1113800.0,1480.0,Unsaturated,,NotOutflow,4703,1,1,0.01
5581,2588360.0,1113800.0,1480.0,Unsaturated,,NotOutflow,4704,1,1,0.01
5582,2588440.0,1113800.0,1480.0,Unsaturated,,NotOutflow,4705,0,1,0.01
5583,2588520.0,1113800.0,1480.0,Unsaturated,,NotOutflow,4706,0,1,0.01
5584,2588600.0,1113800.0,1480.0,Unsaturated,,NotOutflow,4707,1,1,0.01
5585,2588680.0,1113800.0,1480.0,Saturated,,NotOutflow,-1,1,0,0.0
5586,2588760.0,1113800.0,1480.0,Unsaturated,,NotOutflow,4709,0,1,0.01
5587,2588840.0,1113800.0,1480.0,Unsaturated,,NotOutflow,4710,1,1,0.01
5588,2588920.0,1113800.0,1480.0,Unsaturated,,NotOutflow,4711,1,1,0.01
5589,2589000.0,1113800.0,1480.0,Unsaturated,,NotOutflow,4712,1,1,0.01
5590,2589080.0,1113800.0,1480.0,Unsaturated,,NotOutflow,4713,1,1,0.01
5591,2589160.0,1113800.0,1480.0,Unsaturated,,NotOutflow,4714,1,1,0.01
5592,2589240.0,1113800.0,1480.0,Saturated,,NotOutflow,-1,1,0,0.0
5593,2589320.0,1113800.0,1480.0,Saturated,,NotOutflow,-1,1,0,0.0
5594,2589400.0,1113800.0,1480.0,Saturated,,NotOutflow,-1,1,0,0.0
5595,2589480.0,1113800.0,1480.0,Saturated,,NotOutflow,-1,0,0,0.0
5596,2589560.0,1113800.0,1480.0,Unsaturated,,NotOutflow,4719,1,1,0.01
5597,2589800.0,1113800.0,1480.0,Unsaturated,,NotOutflow,1876,0,1,0.01
5598,2589880.0,1113800.0,1480.0,Saturated,,NotOutflow,-1,0,0,0.0
5599,2589960.0,1113800.0,1480.0,Saturated,,NotOutflow,-1,0,0,0.0
5600,2588040.0,1113880.0,1480.0,Unsaturated,,NotOutflow,1893,0,1,0.01
5601,2588120.0,1113880.0,1480.0,Unsaturated,,NotOutflow,1894,1,1,0.01
5602,2588200.0,1113880.0,1480.0,Unsaturated,,NotOutflow,1895,1,1,0.01
5603,2588280.0,1113880.0,1480.0,Unsaturated,,NotOutflow,4730,1,1,0.01
5604,2588360.0,1113880.0,1480.0,Unsaturated,,NotOutflow,4731,1,1,0.01
5605,2588440.0,1113880.0,1480.0,Unsaturated,,NotOutflow,4732,1,1,0.01
5606,2588520.0,1113880.0,1480.0,Saturated,,NotOutflow,-1,1,0,0.0
5607,2588600.0,1113880.0,1480.0,Unsaturated,,NotOutflow,4734,0,1,0.01
5608,2588680.0,1113880.0,1480.0,Unsaturated,,NotOutflow,4735,0,1,0.01
5609,2588760.0,1113880.0,1480.0,Unsaturated,,NotOutflow,4736,1,1,0.01
5610,2588840.0,1113880.0,1480.0,Saturated,,NotOutflow,-1,0,0,0.0
5611,2588920.0,1113880.0,1480.0,Unsaturated,,NotOutflow,4738,1,1,0.01
5612,2589000.0,1113880.0,1480.0,Unsaturated,,NotOutflow,4739,1,1,0.01
5613,2589080.0,1113880.0,1480.0,Unsaturated,,NotOutflow,4740,1,1,0.01
5614,2589160.0,1113880.0,1480.0,Unsaturated,,NotOutflow,4741,1,1,0.01
5615,2589240.0,1113880.0,1480.0,Unsaturated,,NotOutflow,4742,1,1,0.01
5616,2589320.0,1113880.0,1480.0,Unsaturated,,NotOutflow,3837,1,1,0.01
5617,2589400.0,1113880.0,1480.0,Unsaturated,,NotOutflow,4743,1,1,0.01
5618,2589480.0,1113880.0,1480.0,Saturated,,NotOutflow,-1,1,0,0.0
5619,2589560.0,1113880.0,1480.0,Saturated,,NotOutflow,-1,0,0,0.0
5620,2589640.0,1113880.0,1480.0,Saturated,,NotOutflow,-1,1,0,0.0
5621,2589720.0,1113880.0,1480.0,Unsaturated,,NotOutflow,4747,0,1,0.01
5622,2589960.0,1113880.0,1480.0,Unsaturated,,NotOutflow,4748,0,1,0.01
5623,2590040.0,1113880.0,1480.0,Saturated,,NotOutflow,-1,0,0,0.0
5624,2588200.0,1113960.0,1480.0,Unsaturated,,NotOutflow,1926,0,1,0.01
5625,2588280.0,1113960.0,1480.0,Unsaturated,,NotOutflow,1927,0,1,0.01
5626,2588360.0,1113960.0,1480.0,Saturated,,NotOutflow,-1,0,0,0.0
5627,2588440.0,1113960.0,1480.0,Saturated,,NotOutflow,-1,0,0,0.0
5628,2588520.0,1113960.0,1480.0,Saturated,,NotOutflow,-1,1,0,0.0
5629,2588600.0,1113960.0,1480.0,Saturated,,NotOutflow,-1,1,0,0.0
5630,2588680.0,1113960.0,1480.0,Saturated,,NotOutflow,-1,0,0,0.0
5631,2588760.0,1113960.0,1480.0,Unsaturated,,NotOutflow,4760,1,1,0.01
5632,2588840.0,1113960.0,1480.0,Saturated,,NotOutflow,-1,1,0,0.0
5633,2588920.0,1113960.0,1480.0,Unsaturated,,NotOutflow,4762,1,1,0.01
5634,2589000.0,1113960.0,1480.0,Saturated,,NotOutflow,-1,0,0,0.0
5635,2589080.0,1113960.0,1480.0,Unsaturated,,NotOutflow,4764,0,1,0.01
5636,2589160.0,1113960.0,1480.0,Unsaturated,,NotOutflow,4765,0,1,0.01
5637,2589320.0,1113960.0,1480.0,Unsaturated,,NotOutflow,4767,1,1,0.01
5638,2589400.0,1113960.0,1480.0,Unsaturated,,NotOutflow,4768,1,1,0.01
5639,2589480.0,1113960.0,1480.0,Unsaturated,,NotOutflow,3865,1,1,0.01
5640,2589560.0,1113960.0,1480.0,Unsaturated,,NotOutflow,4769,1,1,0.01
5641,2589640.0,1113960.0,1480.0,Saturated,,NotOutflow,-1,1,0,0.0
5642,2589720.0,1113960.0,1480.0,Saturated,,NotOutflow,-1,1,0,0.0
5643,2589800.0,1113960.0,1480.0,Saturated,,NotOutflow,-1,1,0,0.0
5644,2589880.0,1113960.0,1480.0,Saturated,,NotOutflow,-1,0,0,0.0
5645,2590040.0,1113960.0,1480.0,Saturated,,NotOutflow,-1,0,0,0.0
5646,2590120.0,1113960.0,1480.0,Unsaturated,,NotOutflow,4775,0,1,0.01
5647,2587960.0,1109000.0,1560.0,Unsaturated,,NotOutflow,4777,0,1,0.01
5648,2588040.0,1109000.0,1560.0,Unsaturated,,NotOutflow,4778,1,1,0.01
5649,2587960.0,1109080.0,1560.0,Unsaturated,,NotOutflow,4779,1,1,0.01
5650,2587880.0,1109160.0,1560.0,Unsaturated,,NotOutflow,4781,1,1,0.01
5651,2587960.0,1109160.0,1560.0,Unsaturated,,NotOutflow,4782,1,1,0.01
5652,2587880.0,1109240.0,1560.0,Unsaturated,,NotOutflow,4783,1,1,0.01
5653,2587960.0,1109240.0,1560.0,Unsaturated,,NotOutflow,4784,1,1,0.01
5654,2587880.0,1109320.0,1560.0,Unsaturated,,NotOutflow,4785,0,1,0.01
5655,2587960.0,1109320.0,1560.0,Unsaturated,,NotOutflow,4786,0,1,0.01
5656,2587800.0,1109400.0,1560.0,Unsaturated,,NotOutflow,-1,1,0,0.01
5657,2587880.0,1109400.0,1560.0,Unsaturated,,NotOutflow,4787,0,1,0.01
5658,2587800.0,1109480.0,1560.0,Saturated,,NotOutflow,-1,0,0,0.0
5659,2587880.0,1109480.0,1560.0,Unsaturated,,NotOutflow,4789,0,1,0.01
5660,2586040.0,1109560.0,1560.0,Unsaturated,,NotOutflow,4790,0,1,0.01
5661,2587800.0,1109560.0,1560.0,Unsaturated,,NotOutflow,4791,0,1,0.01
5662,2587880.0,1109560.0,1560.0,Unsaturated,,NotOutflow,4792,0,1,0.01
5663,2586040.0,1109640.0,1560.0,Unsaturated,,NotOutflow,4793,1,1,0.01
5664,2586120.0,1109640.0,1560.0,Unsaturated,,NotOutflow,4794,1,1,0.01
5665,2587800.0,1109640.0,1560.0,Saturated,,NotOutflow,5670,1,1,4.1922475625986406e-11
5666,2586040.0,1109720.0,1560.0,Unsaturated,,NotOutflow,4797,0,1,0.01
5667,2586120.0,1109720.0,1560.0,Unsaturated,,NotOutflow,4798,1,1,0.01
5668,2586200.0,1109720.0,1560.0,Unsaturated,,NotOutflow,33,1,1,0.01
5669,2587720.0,1109720.0,1560.0,Saturated,,NotOutflow,6488,1,2,2.7798547353876395e-11
5670,2587800.0,1109720.0,1560.0,Saturated,,NotOutflow,5669,1,1,4.19224756259864e-11
5671,2586120.0,1109800.0,1560.0,Unsaturated,,NotOutflow,4801,1,1,0.01
5672,2586200.0,1109800.0,1560.0,Saturated,,NotOutflow,5675,1,1,1.385850831195286e-09
5673,2587720.0,1109800.0,1560.0,Saturated,,NotOutflow,5677,2,1,2.5758834700677095e-11
5674,2587800.0,1109800.0,1560.0,Unsaturated,,NotOutflow,4804,1,1,0.01
5675,2586200.0,1109880.0,1560.0,Saturated,,NotOutflow,4805,1,2,6.929829114171516e-10
5676,2586280.0,1109880.0,1560.0,Saturated,,NotOutflow,5679,2,1,1.2638041144126202e-09
5677,2587720.0,1109880.0,1560.0,Saturated,,NotOutflow,5681,1,2,1.8791187621486037e-11
5678,2586200.0,1109960.0,1560.0,Unsaturated,,NotOutflow,4809,1,1,0.01
5679,2586280.0,1109960.0,1560.0,Saturated,,NotOutflow,5682,2,1,4.371718878644902e-09
5680,2587640.0,1109960.0,1560.0,Unsaturated,,NotOutflow,4811,0,1,0.01
5681,2587720.0,1109960.0,1560.0,Saturated,,NotOutflow,5685,1,1,1.8791187621486037e-11
5682,2586280.0,1110040.0,1560.0,Saturated,,NotOutflow,5683,1,2,2.616695915444179e-09
5683,2586360.0,1110040.0,1560.0,Saturated,,NotOutflow,5686,3,1,5.079437335242584e-09
5684,2587640.0,1110040.0,1560.0,Saturated,,NotOutflow,5688,1,1,4.001670733178993e-12
5685,2587720.0,1110040.0,1560.0,Saturated,,NotOutflow,6506,2,2,1.9839192673512894e-11
5686,2586360.0,1110120.0,1560.0,Saturated,,NotOutflow,4817,2,2,3.412530111680133e-09
5687,2586440.0,1110120.0,1560.0,Unsaturated,,NotOutflow,4818,0,1,0.01
5688,2587640.0,1110120.0,1560.0,Saturated,,NotOutflow,5693,2,1,1.80048625752813e-10
5689,2587720.0,1110120.0,1560.0,Unsaturated,,NotOutflow,4820,0,1,0.01
5690,2586360.0,1110200.0,1560.0,Saturated,,NotOutflow,5691,1,1,1.6669072235624498e-09
5691,2586440.0,1110200.0,1560.0,Saturated,,NotOutflow,4822,1,1,1.6669072235624498e-09
5692,2587560.0,1110200.0,1560.0,Unsaturated,,NotOutflow,-1,0,0,0.01
5693,2587640.0,1110200.0,1560.0,Saturated,,NotOutflow,5695,1,1,1.80048625752813e-10
5694,2587560.0,1110280.0,1560.0,Saturated,,NotOutflow,5696,1,1,1.7604695501963402e-10
5695,2587640.0,1110280.0,1560.0,Saturated,,NotOutflow,5694,1,2,1.7604695501963402e-10
5696,2587560.0,1110360.0,1560.0,Saturated,,NotOutflow,4829,1,1,1.7604695501963402e-10
5697,2587640.0,1110360.0,1560.0,Unsaturated,,NotOutflow,4830,1,1,0.01
5698,2587560.0,1110440.0,1560.0,Saturated,,NotOutflow,6516,2,2,3.871134295025176e-11
5699,2587480.0,1110520.0,1560.0,Saturated,,NotOutflow,5701,1,1,3.2848777550077502e-09
5700,2587560.0,1110520.0,1560.0,Saturated,,NotOutflow,5699,3,3,3.2848777550077502e-09
5701,2587480.0,1110600.0,1560.0,Saturated,,NotOutflow,6519,3,3,6.05314901630473e-09
5702,2587560.0,1110600.0,1560.0,Unsaturated,,NotOutflow,4838,1,1,0.01
5703,2586760.0,1110680.0,1560.0,Unsaturated,,NotOutflow,4840,0,1,0.01
5704,2587480.0,1110680.0,1560.0,Saturated,,NotOutflow,5708,3,2,5.288936507321442e-09
5705,2586760.0,1110760.0,1560.0,Saturated,,NotOutflow,5706,1,1,7.295449442927023e-11
5706,2586840.0,1110760.0,1560.0,Saturated,,NotOutflow,5709,2,1,7.922685648915887e-11
5707,2587400.0,1110760.0,1560.0,Unsaturated,,NotOutflow,-1,0,0,0.01
5708,2587480.0,1110760.0,1560.0,Saturated,,NotOutflow,5712,1,2,4.4782999886457104e-09
5709,2586840.0,1110840.0,1560.0,Saturated,,NotOutflow,5710,2,1,7.922685648915884e-11
5710,2586920.0,1110840.0,1560.0,Saturated,,NotOutflow,6525,1,3,3.327995872107327e-11
5711,2587400.0,1110840.0,1560.0,Saturated,,NotOutflow,6526,2,3,4.035642501732058e-09
5712,2587480.0,1110840.0,1560.0,Saturated,,NotOutflow,5711,2,1,6.127855325973508e-09
5713,2586920.0,1110920.0,1560.0,Saturated,,NotOutflow,4851,1,1,3.077648970131812e-11
5714,2587000.0,1110920.0,1560.0,Unsaturated,,NotOutflow,4852,0,1,0.01
5715,2587400.0,1110920.0,1560.0,Saturated,,NotOutflow,4853,1,1,6.581547866606369e-10
5716,2587480.0,1110920.0,1560.0,Unsaturated,,NotOutflow,4854,0,1,0.01
5717,2586920.0,1111000.0,1560.0,Unsaturated,,NotOutflow,4855,1,1,0.01
5718,2587000.0,1111000.0,1560.0,Saturated,,NotOutflow,6532,1,1,2.7159257855025985e-09
5719,2587320.0,1111000.0,1560.0,Unsaturated,,NotOutflow,-1,1,0,0.01
5720,2587400.0,1111000.0,1560.0,Saturated,,NotOutflow,6534,2,2,3.763410532816022e-09
5721,2587000.0,1111080.0,1560.0,Unsaturated,,NotOutflow,4858,0,1,0.01
5722,2587080.0,1111080.0,1560.0,Unsaturated,,NotOutflow,4859,0,1,0.01
5723,2587320.0,1111080.0,1560.0,Saturated,,NotOutflow,5727,2,1,4.317836723051015e-09
5724,2587400.0,1111080.0,1560.0,Saturated,,NotOutflow,5723,2,1,1.425452378784587e-09
5725,2587080.0,1111160.0,1560.0,Saturated,,NotOutflow,5726,1,1,4.4138459816749597e-10
5726,2587160.0,1111160.0,1560.0,Saturated,,NotOutflow,5730,1,1,4.4138459816749597e-10
5727,2587320.0,1111160.0,1560.0,Saturated,,NotOutflow,6541,2,2,3.462601943583808e-09
5728,2587400.0,1111160.0,1560.0,Unsaturated,,NotOutflow,4865,1,1,0.01
5729,2587080.0,1111240.0,1560.0,Unsaturated,,NotOutflow,171,1,1,0.01
5730,2587160.0,1111240.0,1560.0,Saturated,,NotOutflow,5733,2,1,1.2357840484826529e-09
5731,2587240.0,1111240.0,1560.0,Unsaturated,,NotOutflow,4868,1,1,0.01
5732,2587320.0,1111240.0,1560.0,Saturated,,NotOutflow,5735,2,1,3.176345623679305e-09
5733,2587160.0,1111320.0,1560.0,Saturated,,NotOutflow,5734,1,1,1.2357840484826529e-09
5734,2587240.0,1111320.0,1560.0,Saturated,,NotOutflow,5736,1,1,1.2357840484826529e-09
5735,2587320.0,1111320.0,1560.0,Saturated,,NotOutflow,5737,1,2,2.5753366182981976e-09
5736,2587240.0,1111400.0,1560.0,Saturated,,NotOutflow,6550,4,2,2.6976674312020322e-08
5737,2587320.0,1111400.0,1560.0,Saturated,,NotOutflow,5736,3,3,8.776894371550889e-09
5738,2586520.0,1111480.0,1560.0,Unsaturated,,NotOutflow,4885,0,1,0.01
5739,2586600.0,1111480.0,1560.0,Unsaturated,,NotOutflow,4886,0,1,0.01
5740,2587240.0,1111480.0,1560.0,Saturated,,NotOutflow,5736,1,2,5.0443919733454055e-09
5741,2587320.0,1111480.0,1560.0,Saturated,,NotOutflow,5747,2,1,4.876341655637811e-09
5742,2587400.0,1111480.0,1560.0,Unsaturated,,NotOutflow,4889,1,1,0.01
5743,2586600.0,1111560.0,1560.0,Unsaturated,,NotOutflow,4894,0,1,0.01
5744,2586680.0,1111560.0,1560.0,Unsaturated,,NotOutflow,4895,1,1,0.01
5745,2587160.0,1111560.0,1560.0,Unsaturated,,NotOutflow,209,1,1,0.01
5746,2587240.0,1111560.0,1560.0,Saturated,,NotOutflow,5740,1,1,8.728647260525087e-09
5747,2587320.0,1111560.0,1560.0,Saturated,,NotOutflow,5748,1,1,4.876341655637811e-09
5748,2587400.0,1111560.0,1560.0,Saturated,,NotOutflow,5754,3,1,3.6656470386487255e-08
5749,2586280.0,1111640.0,1560.0,Unsaturated,,NotOutflow,4899,0,1,0.01
5750,2586680.0,1111640.0,1560.0,Unsaturated,,NotOutflow,4903,1,1,0.01
5751,2586760.0,1111640.0,1560.0,Unsaturated,,NotOutflow,4904,1,1,0.01
5752,2587160.0,1111640.0,1560.0,Saturated,,NotOutflow,5753,1,1,7.45970046973009e-09
5753,2587240.0,1111640.0,1560.0,Saturated,,NotOutflow,5746,2,1,8.728647260525087e-09
5754,2587400.0,1111640.0,1560.0,Saturated,,NotOutflow,6564,1,2,2.8801741083754987e-08
5755,2587480.0,1111640.0,1560.0,Saturated,,NotOutflow,5765,1,1,7.854729302732275e-09
5756,2586200.0,1111720.0,1560.0,Unsaturated,,NotOutflow,4909,0,1,0.01
5757,2586280.0,1111720.0,1560.0,Unsaturated,,NotOutflow,4910,0,1,0.01
5758,2586360.0,1111720.0,1560.0,Unsaturated,,NotOutflow,4911,0,1,0.01
5759,2586760.0,1111720.0,1560.0,Saturated,,NotOutflow,5760,1,1,1.5477335950776532e-09
5760,2586840.0,1111720.0,1560.0,Saturated,,NotOutflow,5773,3,2,1.5477335950776532e-09
5761,2586920.0,1111720.0,1560.0,Saturated,,NotOutflow,5760,2,1,1.547733595077653e-09
5762,2587160.0,1111720.0,1560.0,Saturated,,NotOutflow,5752,1,1,7.45970046973009e-09
5763,2587240.0,1111720.0,1560.0,Unsaturated,,NotOutflow,4919,1,1,0.01
5764,2587400.0,1111720.0,1560.0,Unsaturated,,NotOutflow,-1,1,0,0.01
5765,2587480.0,1111720.0,1560.0,Saturated,,NotOutflow,5779,2,2,7.294947397438119e-09
5766,2587560.0,1111720.0,1560.0,Unsaturated,,NotOutflow,4921,0,1,0.01
5767,2586120.0,1111800.0,1560.0,Unsaturated,,NotOutflow,-1,0,0,0.01
5768,2586200.0,1111800.0,1560.0,Unsaturated,,NotOutflow,4922,0,1,0.01
5769,2586280.0,1111800.0,1560.0,Unsaturated,,NotOutflow,4923,0,1,0.01
5770,2586360.0,1111800.0,1560.0,Unsaturated,,NotOutflow,4924,1,1,0.01
5771,2586440.0,1111800.0,1560.0,Unsaturated,,NotOutflow,4925,1,1,0.01
5772,2586520.0,1111800.0,1560.0,Unsaturated,,NotOutflow,4926,0,1,0.01
5773,2586840.0,1111800.0,1560.0,Saturated,,NotOutflow,5774,1,2,1.4937469617703177e-09
5774,2586920.0,1111800.0,1560.0,Saturated,,NotOutflow,5761,2,3,1.547733595077653e-09
5775,2587000.0,1111800.0,1560.0,Unsaturated,,NotOutflow,4930,0,1,0.01
5776,2587080.0,1111800.0,1560.0,Unsaturated,,NotOutflow,4931,0,1,0.01
5777,2587160.0,1111800.0,1560.0,Saturated,,NotOutflow,5762,1,1,7.45970046973009e-09
5778,2587240.0,1111800.0,1560.0,Unsaturated,,NotOutflow,4933,0,1,0.01
5779,2587480.0,1111800.0,1560.0,Saturated,,NotOutflow,6580,1,2,5.836516892219413e-09
5780,2587560.0,1111800.0,1560.0,Saturated,,NotOutflow,5795,2,1,1.0984845799542103e-08
5781,2586120.0,1111880.0,1560.0,Saturated,,NotOutflow,-1,1,0,0.0
5782,2586200.0,1111880.0,1560.0,Unsaturated,,NotOutflow,-1,0,0,0.01
5783,2586280.0,1111880.0,1560.0,Unsaturated,,NotOutflow,4937,0,1,0.01
5784,2586360.0,1111880.0,1560.0,Unsaturated,,NotOutflow,4938,1,1,0.01
5785,2586440.0,1111880.0,1560.0,Saturated,,NotOutflow,5786,4,1,3.887564783470002e-08
5786,2586520.0,1111880.0,1560.0,Saturated,,NotOutflow,5802,2,3,3.859720573185904e-08
5787,2586920.0,1111880.0,1560.0,Saturated,,NotOutflow,6586,1,2,7.241396111946513e-10
5788,2587000.0,1111880.0,1560.0,Saturated,,NotOutflow,5805,1,1,7.100943159438659e-10
5789,2587080.0,1111880.0,1560.0,Unsaturated,,NotOutflow,4944,0,1,0.01
5790,2587160.0,1111880.0,1560.0,Saturated,,NotOutflow,6589,3,2,1.9462494865900396e-08
5791,2587240.0,1111880.0,1560.0,Saturated,,NotOutflow,5790,1,1,3.40904373454929e-10
5792,2587320.0,1111880.0,1560.0,Saturated,,NotOutflow,5791,1,1,3.40904373454929e-10
5793,2587400.0,1111880.0,1560.0,Unsaturated,,NotOutflow,4948,0,1,0.01
5794,2587480.0,1111880.0,1560.0,Unsaturated,,NotOutflow,4949,0,1,0.01
5795,2587560.0,1111880.0,1560.0,Saturated,,NotOutflow,5796,1,1,1.0984845799542103e-08
5796,2587640.0,1111880.0,1560.0,Saturated,,NotOutflow,5813,2,1,1.173673455826015e-08
5797,2586120.0,1111960.0,1560.0,Unsaturated,,NotOutflow,-1,1,0,0.01
5798,2586200.0,1111960.0,1560.0,Unsaturated,,NotOutflow,-1,1,0,0.01
5799,2586280.0,1111960.0,1560.0,Saturated,,NotOutflow,5800,2,1,1.0165223704014855e-09
5800,2586360.0,1111960.0,1560.0,Saturated,,NotOutflow,5801,2,1,1.0165223704014855e-09
5801,2586440.0,1111960.0,1560.0,Saturated,,NotOutflow,5785,4,2,3.7583817609248576e-08
5802,2586520.0,1111960.0,1560.0,Saturated,,NotOutflow,4954,5,4,2.522680217746879e-08
5803,2586600.0,1111960.0,1560.0,Saturated,,NotOutflow,4955,2,2,1.6748908970658563e-10
5804,2586920.0,1111960.0,1560.0,Unsaturated,,NotOutflow,3158,0,1,0.01
5805,2587000.0,1111960.0,1560.0,Saturated,,NotOutflow,5827,1,1,7.100943159438659e-10
5806,2587080.0,1111960.0,1560.0,Saturated,,NotOutflow,6604,1,1,8.450513424884947e-09
5807,2587160.0,1111960.0,1560.0,Saturated,,NotOutflow,5790,2,1,8.745519533844106e-09
5808,2587240.0,1111960.0,1560.0,Unsaturated,,NotOutflow,4960,1,1,0.01
5809,2587320.0,1111960.0,1560.0,Unsaturated,,NotOutflow,4961,1,1,0.01
5810,2587400.0,1111960.0,1560.0,Unsaturated,,NotOutflow,4962,1,1,0.01
5811,2587480.0,1111960.0,1560.0,Unsaturated,,NotOutflow,4963,0,1,0.01
5812,2587560.0,1111960.0,1560.0,Unsaturated,,NotOutflow,4964,0,1,0.01
5813,2587640.0,1111960.0,1560.0,Saturated,,NotOutflow,5814,3,2,1.3021924497314674e-08
5814,2587720.0,1111960.0,1560.0,Saturated,,NotOutflow,6612,3,4,8.41744012400375e-09
5815,2587800.0,1111960.0,1560.0,Unsaturated,,NotOutflow,4967,0,1,0.01
5816,2587880.0,1111960.0,1560.0,Unsaturated,,NotOutflow,4968,1,1,0.01
5817,2587960.0,1111960.0,1560.0,Unsaturated,,NotOutflow,4969,1,1,0.01
5818,2586040.0,1112040.0,1560.0,Unsaturated,,NotOutflow,-1,1,0,0.01
5819,2586120.0,1112040.0,1560.0,Unsaturated,,NotOutflow,-1,1,0,0.01
5820,2586200.0,1112040.0,1560.0,Saturated,,NotOutflow,5821,1,1,1.0165223704014855e-09
5821,2586280.0,1112040.0,1560.0,Saturated,,NotOutflow,5799,2,1,1.0165223704014855e-09
5822,2586360.0,1112040.0,1560.0,Saturated,,NotOutflow,5823,2,1,2.9424089230531783e-10
5823,2586440.0,1112040.0,1560.0,Saturated,,NotOutflow,5801,3,1,3.514897839060099e-08
5824,2586520.0,1112040.0,1560.0,Saturated,,NotOutflow,6623,4,3,1.2382513574785599e-08
5825,2586600.0,1112040.0,1560.0,Saturated,,NotOutflow,6624,2,3,1.0323211598658193e-09
5826,2586680.0,1112040.0,1560.0,Saturated,,NotOutflow,5853,1,1,1.043551861308431e-09
5827,2587000.0,1112040.0,1560.0,Saturated,,NotOutflow,5828,1,1,7.100943159438659e-10
5828,2587080.0,1112040.0,1560.0,Saturated,,NotOutflow,5806,2,2,8.450513424884947e-09
5829,2587160.0,1112040.0,1560.0,Unsaturated,,NotOutflow,4976,1,1,0.01
5830,2587240.0,1112040.0,1560.0,Unsaturated,,NotOutflow,4977,1,1,0.01
5831,2587320.0,1112040.0,1560.0,Unsaturated,,NotOutflow,4978,1,1,0.01
5832,2587400.0,1112040.0,1560.0,Unsaturated,,NotOutflow,4979,1,1,0.01
5833,2587480.0,1112040.0,1560.0,Unsaturated,,NotOutflow,4980,0,1,0.01
5834,2587720.0,1112040.0,1560.0,Saturated,,NotOutflow,5835,1,1,2.4882616281238773e-09
5835,2587800.0,1112040.0,1560.0,Saturated,,NotOutflow,5863,3,1,2.6372133214257328e-09
5836,2587880.0,1112040.0,1560.0,Unsaturated,,NotOutflow,4983,0,1,0.01
5837,2587960.0,1112040.0,1560.0,Saturated,,NotOutflow,4984,2,2,1.143892737073427e-09
5838,2588040.0,1112040.0,1560.0,Saturated,,NotOutflow,4985,1,1,1.2357920718042845e-11
5839,2588120.0,1112040.0,1560.0,Unsaturated,,NotOutflow,4986,1,1,0.01
5840,2588200.0,1112040.0,1560.0,Unsaturated,,NotOutflow,4987,1,1,0.01
5841,2588280.0,1112040.0,1560.0,Unsaturated,,NotOutflow,4988,1,1,0.01
5842,2588360.0,1112040.0,1560.0,Unsaturated,,NotOutflow,4989,1,1,0.01
5843,2588440.0,1112040.0,1560.0,Unsaturated,,NotOutflow,4990,1,1,0.01
5844,2588520.0,1112040.0,1560.0,Unsaturated,,NotOutflow,4991,1,1,0.01
5845,2586040.0,1112120.0,1560.0,Unsaturated,,NotOutflow,4992,1,1,0.01
5846,2586120.0,1112120.0,1560.0,Unsaturated,,NotOutflow,4993,0,1,0.01
5847,2586200.0,1112120.0,1560.0,Unsaturated,,NotOutflow,4994,0,1,0.01
5848,2586280.0,1112120.0,1560.0,Unsaturated,,NotOutflow,-1,1,0,0.01
5849,2586360.0,1112120.0,1560.0,Saturated,,NotOutflow,5822,1,1,2.9424089230531783e-10
5850,2586440.0,1112120.0,1560.0,Saturated,,NotOutflow,5823,1,1,3.4854737498295675e-08
5851,2586520.0,1112120.0,1560.0,Saturated,,NotOutflow,5824,2,1,7.108423874852926e-11
5852,2586600.0,1112120.0,1560.0,Saturated,,NotOutflow,5851,1,1,7.108423874852926e-11
5853,2586680.0,1112120.0,1560.0,Saturated,,NotOutflow,6651,1,1,1.043551861308431e-09
5854,2586760.0,1112120.0,1560.0,Saturated,,NotOutflow,5884,1,1,2.1620767977523855e-09
5855,2587000.0,1112120.0,1560.0,Unsaturated,,NotOutflow,3202,1,1,0.01
5856,2587080.0,1112120.0,1560.0,Saturated,,NotOutflow,5828,1,1,8.450513424884947e-09
5857,2587160.0,1112120.0,1560.0,Saturated,,NotOutflow,5888,1,1,8.698107641353894e-10
5858,2587400.0,1112120.0,1560.0,Unsaturated,,NotOutflow,5003,0,1,0.01
5859,2587480.0,1112120.0,1560.0,Saturated,,NotOutflow,6657,2,2,9.278757816697322e-08
5860,2587560.0,1112120.0,1560.0,Saturated,,NotOutflow,5859,3,2,1.0181157033016505e-07
5861,2587640.0,1112120.0,1560.0,Saturated,,NotOutflow,5860,2,2,7.852272617281844e-08
5862,2587720.0,1112120.0,1560.0,Unsaturated,,NotOutflow,5007,0,1,0.01
5863,2587800.0,1112120.0,1560.0,Saturated,,NotOutflow,5893,2,1,3.1492592512486517e-08
5864,2588200.0,1112120.0,1560.0,Unsaturated,,NotOutflow,5010,1,1,0.01
5865,2588280.0,1112120.0,1560.0,Unsaturated,,NotOutflow,5011,1,1,0.01
5866,2588360.0,1112120.0,1560.0,Unsaturated,,NotOutflow,5012,1,1,0.01
5867,2588440.0,1112120.0,1560.0,Unsaturated,,NotOutflow,5013,0,1,0.01
5868,2588520.0,1112120.0,1560.0,Unsaturated,,NotOutflow,5014,0,1,0.01
5869,2588600.0,1112120.0,1560.0,Unsaturated,,NotOutflow,5015,1,1,0.01
5870,2588680.0,1112120.0,1560.0,Unsaturated,,NotOutflow,5016,1,1,0.01
5871,2588760.0,1112120.0,1560.0,Unsaturated,,NotOutflow,5017,1,1,0.01
5872,2588840.0,1112120.0,1560.0,Saturated,,NotOutflow,-1,0,0,0.0
5873,2588920.0,1112120.0,1560.0,Unsaturated,,NotOutflow,5019,1,1,0.01
5874,2589000.0,1112120.0,1560.0,Unsaturated,,NotOutflow,5020,1,1,0.01
5875,2589080.0,1112120.0,1560.0,Unsaturated,,NotOutflow,5021,1,1,0.01
5876,2586120.0,1112200.0,1560.0,Saturated,,NotOutflow,-1,0,0,0.0
5877,2586200.0,1112200.0,1560.0,Saturated,,NotOutflow,-1,0,0,0.0
5878,2586280.0,1112200.0,1560.0,Unsaturated,,NotOutflow,5024,0,1,0.01
5879,2586360.0,1112200.0,1560.0,Unsaturated,,NotOutflow,5025,0,1,0.01
5880,2586440.0,1112200.0,1560.0,Unsaturated,,NotOutflow,5026,0,1,0.01
5881,2586520.0,1112200.0,1560.0,Unsaturated,,NotOutflow,1284,1,1,0.01
5882,2586600.0,1112200.0,1560.0,Saturated,,NotOutflow,5852,1,1,7.108423874852926e-11
5883,2586680.0,1112200.0,1560.0,Saturated,,NotOutflow,6682,1,1,6.360791418047953e-10
5884,2586760.0,1112200.0,1560.0,Saturated,,NotOutflow,6683,2,2,2.1620767977523855e-09
5885,2586840.0,1112200.0,1560.0,Unsaturated,,NotOutflow,5030,0,1,0.01
5886,2587000.0,1112200.0,1560.0,Unsaturated,,NotOutflow,5032,0,1,0.01
5887,2587080.0,1112200.0,1560.0,Saturated,,NotOutflow,5856,1,1,8.450513424884947e-09
5888,2587160.0,1112200.0,1560.0,Saturated,,NotOutflow,5920,1,1,8.698107641353894e-10
5889,2587240.0,1112200.0,1560.0,Unsaturated,,NotOutflow,5035,0,1,0.01
5890,2587560.0,1112200.0,1560.0,Unsaturated,,NotOutflow,-1,0,0,0.01
5891,2587640.0,1112200.0,1560.0,Saturated,,NotOutflow,5861,2,2,1.0909327038402598e-07
5892,2587720.0,1112200.0,1560.0,Saturated,,NotOutflow,5891,2,3,1.0909327038402598e-07
5893,2587800.0,1112200.0,1560.0,Saturated,,NotOutflow,5894,3,3,1.8213822245016407e-07
5894,2587880.0,1112200.0,1560.0,Saturated,,NotOutflow,5893,5,2,2.2367838180127753e-07
5895,2587960.0,1112200.0,1560.0,Saturated,,NotOutflow,5894,1,1,2.179774023161011e-10
5896,2588040.0,1112200.0,1560.0,Unsaturated,,NotOutflow,5041,1,1,0.01
5897,2588760.0,1112200.0,1560.0,Unsaturated,,NotOutflow,5042,1,1,0.01
5898,2588840.0,1112200.0,1560.0,Unsaturated,,NotOutflow,5043,1,1,0.01
5899,2588920.0,1112200.0,1560.0,Unsaturated,,NotOutflow,5044,1,1,0.01
5900,2589000.0,1112200.0,1560.0,Saturated,,NotOutflow,-1,0,0,0.0
5901,2589080.0,1112200.0,1560.0,Unsaturated,,NotOutflow,5046,1,1,0.01
5902,2589160.0,1112200.0,1560.0,Unsaturated,,NotOutflow,5047,1,1,0.01
5903,2589240.0,1112200.0,1560.0,Unsaturated,,NotOutflow,5048,1,1,0.01
5904,2589320.0,1112200.0,1560.0,Saturated,,NotOutflow,-1,0,0,0.0
5905,2589400.0,1112200.0,1560.0,Unsaturated,,NotOutflow,5050,1,1,0.01
5906,2589480.0,1112200.0,1560.0,Unsaturated,,NotOutflow,5051,1,1,0.01
5907,2589560.0,1112200.0,1560.0,Unsaturated,,NotOutflow,5052,1,1,0.01
5908,2589640.0,1112200.0,1560.0,Unsaturated,,NotOutflow,-1,1,0,0.01
5909,2586200.0,1112280.0,1560.0,Saturated,,NotOutflow,5910,1,1,1.4913866840009165e-09
5910,2586280.0,1112280.0,1560.0,Saturated,,NotOutflow,5911,3,3,1.6580092610355664e-09
5911,2586360.0,1112280.0,1560.0,Saturated,,NotOutflow,5054,3,3,1.904354031141049e-09
5912,2586440.0,1112280.0,1560.0,Saturated,,NotOutflow,6712,4,4,4.663701639291926e-09
5913,2586520.0,1112280.0,1560.0,Saturated,,NotOutflow,5945,1,1,3.052358226938257e-11
5914,2586600.0,1112280.0,1560.0,Saturated,,NotOutflow,5882,2,1,7.108423874852926e-11
5915,2586760.0,1112280.0,1560.0,Unsaturated,,NotOutflow,5059,0,1,0.01
5916,2586840.0,1112280.0,1560.0,Unsaturated,,NotOutflow,5060,0,1,0.01
5917,2586920.0,1112280.0,1560.0,Unsaturated,,NotOutflow,5061,1,1,0.01
5918,2587000.0,1112280.0,1560.0,Unsaturated,,NotOutflow,5062,0,1,0.01
5919,2587080.0,1112280.0,1560.0,Unsaturated,,NotOutflow,5063,1,1,0.01
5920,2587160.0,1112280.0,1560.0,Saturated,,NotOutflow,5921,1,1,8.698107641353894e-10
5921,2587240.0,1112280.0,1560.0,Saturated,,NotOutflow,6720,1,2,5.466628054577791e-10
5922,2587640.0,1112280.0,1560.0,Unsaturated,,NotOutflow,-1,0,0,0.01
5923,2587720.0,1112280.0,1560.0,Saturated,,NotOutflow,6723,1,1,5.1511116792773804e-08
5924,2587800.0,1112280.0,1560.0,Unsaturated,,NotOutflow,5067,0,1,0.01
5925,2587880.0,1112280.0,1560.0,Saturated,,NotOutflow,5894,1,1,5.424692593877566e-12
5926,2587960.0,1112280.0,1560.0,Saturated,,NotOutflow,5895,3,2,2.179774023161011e-10
5927,2588040.0,1112280.0,1560.0,Saturated,,NotOutflow,5926,1,1,2.1757134348971637e-10
5928,2588120.0,1112280.0,1560.0,Saturated,,NotOutflow,5927,2,3,2.1757134348971637e-10
5929,2588200.0,1112280.0,1560.0,Saturated,,NotOutflow,5928,3,1,3.943121986862885e-10
5930,2588280.0,1112280.0,1560.0,Unsaturated,,NotOutflow,5073,1,1,0.01
5931,2589320.0,1112280.0,1560.0,Unsaturated,,NotOutflow,5076,1,1,0.01
5932,2589400.0,1112280.0,1560.0,Unsaturated,,NotOutflow,5077,1,1,0.01
5933,2589480.0,1112280.0,1560.0,Saturated,,NotOutflow,-1,0,0,0.0
5934,2589560.0,1112280.0,1560.0,Unsaturated,,NotOutflow,5079,1,1,0.01
5935,2589640.0,1112280.0,1560.0,Unsaturated,,NotOutflow,5080,1,1,0.01
5936,2589720.0,1112280.0,1560.0,Saturated,,NotOutflow,-1,0,0,0.0
5937,2589800.0,1112280.0,1560.0,Unsaturated,,NotOutflow,5082,1,1,0.01
5938,2589880.0,1112280.0,1560.0,Unsaturated,,NotOutflow,5083,1,1,0.01
5939,2589960.0,1112280.0,1560.0,Unsaturated,,NotOutflow,5084,1,1,0.01
5940,2590040.0,1112280.0,1560.0,Unsaturated,,NotOutflow,5085,1,1,0.01
5941,2590120.0,1112280.0,1560.0,Unsaturated,,NotOutflow,5086,1,1,0.01
5942,2586280.0,1112360.0,1560.0,Unsaturated,,NotOutflow,-1,0,0,0.01
5943,2586360.0,1112360.0,1560.0,Saturated,,NotOutflow,5087,2,3,2.022453614351095e-09
5944,2586440.0,1112360.0,1560.0,Saturated,,NotOutflow,5088,5,5,1.7752295462231208e-09
5945,2586520.0,1112360.0,1560.0,Saturated,,NotOutflow,5946,5,4,5.484591122900589e-10
5946,2586600.0,1112360.0,1560.0,Saturated,,NotOutflow,5090,5,4,5.128310075442537e-10
5947,2586680.0,1112360.0,1560.0,Saturated,,NotOutflow,5946,2,1,6.080570586350577e-11
5948,2586760.0,1112360.0,1560.0,Unsaturated,,NotOutflow,5092,0,1,0.01
5949,2586840.0,1112360.0,1560.0,Saturated,,NotOutflow,6752,1,1,4.157161973509702e-10
5950,2586920.0,1112360.0,1560.0,Saturated,,NotOutflow,5949,3,1,4.157161973509702e-10
5951,2587000.0,1112360.0,1560.0,Saturated,,NotOutflow,5981,2,2,9.35819406018029e-09
5952,2587240.0,1112360.0,1560.0,Saturated,,NotOutflow,5953,1,1,3.231479586776104e-10
5953,2587320.0,1112360.0,1560.0,Saturated,,NotOutflow,5983,1,2,1.6713910567366638e-10
5954,2587720.0,1112360.0,1560.0,Unsaturated,,NotOutflow,-1,0,0,0.01
5955,2587800.0,1112360.0,1560.0,Unsaturated,,NotOutflow,5099,0,1,0.01
5956,2587880.0,1112360.0,1560.0,Unsaturated,,NotOutflow,5100,1,1,0.01
5957,2587960.0,1112360.0,1560.0,Saturated,,NotOutflow,5926,1,2,5.424692593877566e-12
5958,2588040.0,1112360.0,1560.0,Unsaturated,,NotOutflow,5102,0,1,0.01
5959,2588120.0,1112360.0,1560.0,Unsaturated,,NotOutflow,4216,0,1,0.01
5960,2588200.0,1112360.0,1560.0,Saturated,,NotOutflow,5929,1,2,1.172098529647661e-10
5961,2588280.0,1112360.0,1560.0,Saturated,,NotOutflow,5960,3,1,1.1721160960487408e-10
5962,2588360.0,1112360.0,1560.0,Saturated,,NotOutflow,5961,2,1,5.148861898529327e-11
5963,2588440.0,1112360.0,1560.0,Saturated,,NotOutflow,5962,1,1,1.7449452320297535e-11
5964,2588520.0,1112360.0,1560.0,Saturated,,NotOutflow,5107,2,2,1.0059331552117089e-10
5965,2588600.0,1112360.0,1560.0,Unsaturated,,NotOutflow,5108,1,1,0.01
5966,2589800.0,1112360.0,1560.0,Unsaturated,,NotOutflow,5109,1,1,0.01
5967,2589880.0,1112360.0,1560.0,Unsaturated,,NotOutflow,5110,1,1,0.01
5968,2589960.0,1112360.0,1560.0,Unsaturated,,NotOutflow,5111,1,1,0.01
5969,2590040.0,1112360.0,1560.0,Saturated,,NotOutflow,-1,0,0,0.0
5970,2590120.0,1112360.0,1560.0,Saturated,,NotOutflow,-1,1,0,0.0
5971,2590200.0,1112360.0,1560.0,Saturated,,NotOutflow,-1,1,0,0.0
5972,2590280.0,1112360.0,1560.0,Saturated,,NotOutflow,-1,0,0,0.0
5973,2586360.0,1112440.0,1560.0,Saturated,,NotOutflow,6776,3,2,1.4355884504073671e-09
5974,2586440.0,1112440.0,1560.0,Saturated,,NotOutflow,5973,1,1,9.131200417990577e-15
5975,2586520.0,1112440.0,1560.0,Saturated,,NotOutflow,6002,2,2,1.1041028192390137e-10
5976,2586600.0,1112440.0,1560.0,Saturated,,NotOutflow,5977,3,2,1.44028192379929e-10
5977,2586680.0,1112440.0,1560.0,Saturated,,NotOutflow,6004,4,5,5.5588610835955135e-11
5978,2586760.0,1112440.0,1560.0,Saturated,,NotOutflow,5977,3,3,1.6327868192112953e-11
5979,2586840.0,1112440.0,1560.0,Unsaturated,,NotOutflow,5124,0,1,0.01
5980,2586920.0,1112440.0,1560.0,Saturated,,NotOutflow,6007,2,1,2.0746469384489182e-08
5981,2587000.0,1112440.0,1560.0,Saturated,,NotOutflow,5126,4,2,1.0173737992205364e-08
5982,2587080.0,1112440.0,1560.0,Unsaturated,,NotOutflow,5127,0,1,0.01
5983,2587320.0,1112440.0,1560.0,Saturated,,NotOutflow,6011,2,1,3.925995620677004e-10
5984,2587400.0,1112440.0,1560.0,Unsaturated,,NotOutflow,5130,1,1,0.01
5985,2587800.0,1112440.0,1560.0,Unsaturated,,NotOutflow,-1,1,0,0.01
5986,2587880.0,1112440.0,1560.0,Unsaturated,,NotOutflow,5131,1,1,0.01
5987,2587960.0,1112440.0,1560.0,Unsaturated,,NotOutflow,5132,0,1,0.01
5988,2588040.0,1112440.0,1560.0,Saturated,,NotOutflow,6791,2,1,1.3390051598545507e-11
5989,2588120.0,1112440.0,1560.0,Unsaturated,,NotOutflow,5134,1,1,0.01
5990,2588200.0,1112440.0,1560.0,Unsaturated,,NotOutflow,4251,0,1,0.01
5991,2588280.0,1112440.0,1560.0,Saturated,,NotOutflow,5961,2,1,3.760067506458678e-15
5992,2588360.0,1112440.0,1560.0,Saturated,,NotOutflow,5991,1,1,2.003427398471513e-15
5993,2588440.0,1112440.0,1560.0,Unsaturated,,NotOutflow,5137,1,1,0.01
5994,2588520.0,1112440.0,1560.0,Saturated,,NotOutflow,5964,1,1,5.5375437753057885e-11
5995,2588600.0,1112440.0,1560.0,Saturated,,NotOutflow,5139,3,2,2.1318168565415892e-10
5996,2588680.0,1112440.0,1560.0,Saturated,,NotOutflow,5995,1,1,1.8407526562574983e-10
5997,2588760.0,1112440.0,1560.0,Saturated,,NotOutflow,5996,1,1,1.8407526562574983e-10
5998,2588840.0,1112440.0,1560.0,Saturated,,NotOutflow,5997,1,1,1.8407526562574983e-10
5999,2588920.0,1112440.0,1560.0,Unsaturated,,NotOutflow,5143,1,1,0.01
6000,2586360.0,1112520.0,1560.0,Saturated,,NotOutflow,5973,3,2,1.435579319206949e-09
6001,2586440.0,1112520.0,1560.0,Unsaturated,,NotOutflow,5148,0,1,0.01
6002,2586520.0,1112520.0,1560.0,Saturated,,NotOutflow,6003,1,1,1.1041028192390137e-10
6003,2586600.0,1112520.0,1560.0,Saturated,,NotOutflow,6004,3,2,1.1041028192390137e-10
6004,2586680.0,1112520.0,1560.0,Saturated,,NotOutflow,6003,3,2,1.1037046375836343e-10
6005,2586760.0,1112520.0,1560.0,Saturated,,NotOutflow,6006,2,1,5.4072795462688335e-12
6006,2586840.0,1112520.0,1560.0,Saturated,,NotOutflow,6806,2,2,3.9029783891814965e-12
6007,2586920.0,1112520.0,1560.0,Saturated,,NotOutflow,6807,6,2,2.5188994486156932e-08
6008,2587000.0,1112520.0,1560.0,Saturated,,NotOutflow,5981,2,2,6.481752242063605e-10
6009,2587080.0,1112520.0,1560.0,Unsaturated,,NotOutflow,5156,1,1,0.01
6010,2587160.0,1112520.0,1560.0,Unsaturated,,NotOutflow,5157,0,1,0.01
6011,2587320.0,1112520.0,1560.0,Saturated,,NotOutflow,6012,1,1,3.925995620677004e-10
6012,2587400.0,1112520.0,1560.0,Saturated,,NotOutflow,6811,2,2,4.543168151439227e-10
6013,2587880.0,1112520.0,1560.0,Saturated,,NotOutflow,6812,1,1,1.1641429899881772e-08
6014,2587960.0,1112520.0,1560.0,Saturated,,NotOutflow,6813,1,2,2.5589325564038028e-08
6015,2588040.0,1112520.0,1560.0,Saturated,,NotOutflow,6814,1,2,5.068863007275261e-12
6016,2588120.0,1112520.0,1560.0,Saturated,,NotOutflow,6015,2,2,9.296280563106066e-12
6017,2588280.0,1112520.0,1560.0,Saturated,,NotOutflow,5991,1,1,1.7566401079871649e-15
6018,2588360.0,1112520.0,1560.0,Saturated,,NotOutflow,5165,1,4,1.8013619047247447e-14
6019,2588440.0,1112520.0,1560.0,Unsaturated,,NotOutflow,5166,0,1,0.01
6020,2588760.0,1112520.0,1560.0,Unsaturated,,NotOutflow,5167,1,1,0.01
6021,2588840.0,1112520.0,1560.0,Saturated,,NotOutflow,5998,1,1,1.8407526562574983e-10
6022,2588920.0,1112520.0,1560.0,Saturated,,NotOutflow,6021,3,3,1.8407526562574983e-10
6023,2589000.0,1112520.0,1560.0,Saturated,,NotOutflow,6022,1,1,6.482155449394428e-11
6024,2589080.0,1112520.0,1560.0,Unsaturated,,NotOutflow,5171,0,1,0.01
6025,2589160.0,1112520.0,1560.0,Unsaturated,,NotOutflow,5172,0,1,0.01
6026,2589240.0,1112520.0,1560.0,Unsaturated,,NotOutflow,5173,1,1,0.01
6027,2586360.0,1112600.0,1560.0,Saturated,,NotOutflow,6053,2,2,1.1987345464972473e-09
6028,2586520.0,1112600.0,1560.0,Saturated,,NotOutflow,6029,1,1,2.246194702882028e-09
6029,2586600.0,1112600.0,1560.0,Saturated,,NotOutflow,6054,3,2,2.2609553422210477e-09
6030,2586680.0,1112600.0,1560.0,Saturated,,NotOutflow,5177,2,1,6.565198656016244e-11
6031,2586760.0,1112600.0,1560.0,Unsaturated,,NotOutflow,5178,0,1,0.01
6032,2586920.0,1112600.0,1560.0,Saturated,,NotOutflow,5180,3,3,1.885570977669462e-08
6033,2587000.0,1112600.0,1560.0,Saturated,,NotOutflow,6032,4,4,9.926109552808065e-10
6034,2587080.0,1112600.0,1560.0,Saturated,,NotOutflow,6832,1,1,8.647579158682692e-15
6035,2587160.0,1112600.0,1560.0,Unsaturated,,NotOutflow,5183,1,1,0.01
6036,2587240.0,1112600.0,1560.0,Unsaturated,,NotOutflow,5184,0,1,0.01
6037,2587400.0,1112600.0,1560.0,Saturated,,NotOutflow,6834,3,2,7.984896884557269e-11
6038,2587480.0,1112600.0,1560.0,Saturated,,NotOutflow,5187,1,1,2.4704898946633654e-11
6039,2587960.0,1112600.0,1560.0,Saturated,,NotOutflow,6836,2,1,2.468770026983686e-10
6040,2588040.0,1112600.0,1560.0,Saturated,,NotOutflow,6068,2,1,1.3279636735752997e-10
6041,2588120.0,1112600.0,1560.0,Saturated,,NotOutflow,6016,1,2,5.744890380609162e-12
6042,2588200.0,1112600.0,1560.0,Saturated,,NotOutflow,6041,2,2,1.0904437419029582e-11
6043,2588360.0,1112600.0,1560.0,Saturated,,NotOutflow,6018,2,1,3.097836614515341e-14
6044,2588440.0,1112600.0,1560.0,Saturated,,NotOutflow,6841,3,2,3.0744106515086465e-14
6045,2588520.0,1112600.0,1560.0,Unsaturated,,NotOutflow,5194,0,1,0.01
6046,2589080.0,1112600.0,1560.0,Unsaturated,,NotOutflow,5195,1,1,0.01
6047,2589160.0,1112600.0,1560.0,Unsaturated,,NotOutflow,5196,0,1,0.01
6048,2589240.0,1112600.0,1560.0,Unsaturated,,NotOutflow,5197,1,1,0.01
6049,2589320.0,1112600.0,1560.0,Unsaturated,,NotOutflow,5198,1,1,0.01
6050,2589400.0,1112600.0,1560.0,Saturated,,NotOutflow,-1,0,0,0.0
6051,2589480.0,1112600.0,1560.0,Unsaturated,,NotOutflow,5200,1,1,0.01
6052,2586280.0,1112680.0,1560.0,Unsaturated,,NotOutflow,-1,1,0,0.01
6053,2586360.0,1112680.0,1560.0,Saturated,,NotOutflow,5201,1,1,1.1987345464972473e-09
6054,2586600.0,1112680.0,1560.0,Saturated,,NotOutflow,6055,1,1,2.2609553422210477e-09
6055,2586680.0,1112680.0,1560.0,Saturated,,NotOutflow,6084,1,2,1.5492241126804646e-09
6056,2586760.0,1112680.0,1560.0,Unsaturated,,NotOutflow,5204,0,1,0.01
6057,2586840.0,1112680.0,1560.0,Unsaturated,,NotOutflow,5205,1,1,0.01
6058,2586920.0,1112680.0,1560.0,Saturated,,NotOutflow,6854,1,1,1.241264725165102e-09
6059,2587000.0,1112680.0,1560.0,Saturated,,NotOutflow,6033,1,1,8.635248428670634e-11
6060,2587080.0,1112680.0,1560.0,Unsaturated,,NotOutflow,5208,0,1,0.01
6061,2587160.0,1112680.0,1560.0,Unsaturated,,NotOutflow,5209,0,1,0.01
6062,2587240.0,1112680.0,1560.0,Saturated,,NotOutflow,6090,2,2,9.729909909542607e-09
6063,2587320.0,1112680.0,1560.0,Unsaturated,,NotOutflow,5211,1,1,0.01
6064,2587400.0,1112680.0,1560.0,Unsaturated,,NotOutflow,4340,1,1,0.01
6065,2587480.0,1112680.0,1560.0,Saturated,,NotOutflow,6093,1,1,1.0286104887641158e-09
6066,2587560.0,1112680.0,1560.0,Unsaturated,,NotOutflow,5213,1,1,0.01
6067,2587960.0,1112680.0,1560.0,Saturated,,NotOutflow,6039,1,1,1.4469788282991316e-10
6068,2588040.0,1112680.0,1560.0,Saturated,,NotOutflow,6863,2,2,7.368393753604177e-10
6069,2588120.0,1112680.0,1560.0,Unsaturated,,NotOutflow,5215,0,1,0.01
6070,2588200.0,1112680.0,1560.0,Saturated,,NotOutflow,6042,2,1,1.6668906553333728e-11
6071,2588280.0,1112680.0,1560.0,Saturated,,NotOutflow,6070,1,1,1.1509359514913307e-11
6072,2588440.0,1112680.0,1560.0,Saturated,,NotOutflow,6044,1,1,3.631153789234829e-15
6073,2588520.0,1112680.0,1560.0,Saturated,,NotOutflow,6867,1,3,7.88646655114364e-15
6074,2588600.0,1112680.0,1560.0,Unsaturated,,NotOutflow,5219,0,1,0.01
6075,2589320.0,1112680.0,1560.0,Unsaturated,,NotOutflow,-1,1,0,0.01
6076,2589400.0,1112680.0,1560.0,Unsaturated,,NotOutflow,5220,1,1,0.01
6077,2589480.0,1112680.0,1560.0,Saturated,,NotOutflow,-1,0,0,0.0
6078,2589560.0,1112680.0,1560.0,Unsaturated,,NotOutflow,5222,1,1,0.01
6079,2589640.0,1112680.0,1560.0,Unsaturated,,NotOutflow,5223,1,1,0.01
6080,2589720.0,1112680.0,1560.0,Unsaturated,,NotOutflow,5224,1,1,0.01
6081,2589800.0,1112680.0,1560.0,Unsaturated,,NotOutflow,5225,1,1,0.01
6082,2586280.0,1112760.0,1560.0,Unsaturated,,NotOutflow,5226,1,1,0.01
6083,2586360.0,1112760.0,1560.0,Unsaturated,,NotOutflow,5227,0,1,0.01
6084,2586680.0,1112760.0,1560.0,Saturated,,NotOutflow,6085,3,4,4.433563553991762e-09
6085,2586760.0,1112760.0,1560.0,Saturated,,NotOutflow,6084,2,3,1.6027107363004084e-09
6086,2586840.0,1112760.0,1560.0,Saturated,,NotOutflow,6087,1,1,1.241264725165102e-09
6087,2586920.0,1112760.0,1560.0,Saturated,,NotOutflow,6058,1,1,1.241264725165102e-09
6088,2587080.0,1112760.0,1560.0,Unsaturated,,NotOutflow,5232,0,1,0.01
6089,2587160.0,1112760.0,1560.0,Saturated,,NotOutflow,6115,1,1,3.5359137713794603e-13
6090,2587240.0,1112760.0,1560.0,Saturated,,NotOutflow,6091,2,2,9.244714113550336e-09
6091,2587320.0,1112760.0,1560.0,Saturated,,NotOutflow,5235,3,2,1.3148202487129941e-08
6092,2587400.0,1112760.0,1560.0,Saturated,,NotOutflow,6091,1,1,3.041183068936932e-10
6093,2587480.0,1112760.0,1560.0,Saturated,,NotOutflow,6094,1,2,9.886102579454174e-10
6094,2587560.0,1112760.0,1560.0,Saturated,,NotOutflow,6890,1,1,9.886102579454174e-10
6095,2587640.0,1112760.0,1560.0,Unsaturated,,NotOutflow,5239,1,1,0.01
6096,2588040.0,1112760.0,1560.0,Saturated,,NotOutflow,6068,1,1,7.487408908328009e-10
6097,2588120.0,1112760.0,1560.0,Saturated,,NotOutflow,6096,1,2,7.487408908328009e-10
6098,2588200.0,1112760.0,1560.0,Saturated,,NotOutflow,6070,1,1,5.159547038420421e-12
6099,2588280.0,1112760.0,1560.0,Saturated,,NotOutflow,6894,2,3,2.1167311819394344e-11
6100,2588360.0,1112760.0,1560.0,Unsaturated,,NotOutflow,5244,0,1,0.01
6101,2588520.0,1112760.0,1560.0,Saturated,,NotOutflow,6896,1,2,1.631085033713626e-14
6102,2588600.0,1112760.0,1560.0,Saturated,,NotOutflow,6101,1,2,3.246520262181536e-14
6103,2589640.0,1112760.0,1560.0,Unsaturated,,NotOutflow,5248,1,1,0.01
6104,2589720.0,1112760.0,1560.0,Unsaturated,,NotOutflow,5249,1,1,0.01
6105,2589800.0,1112760.0,1560.0,Saturated,,NotOutflow,-1,0,0,0.0
6106,2589880.0,1112760.0,1560.0,Unsaturated,,NotOutflow,5251,0,1,0.01
6107,2589960.0,1112760.0,1560.0,Unsaturated,,NotOutflow,5252,0,1,0.01
6108,2590040.0,1112760.0,1560.0,Saturated,,NotOutflow,-1,0,0,0.0
6109,2586280.0,1112840.0,1560.0,Saturated,,NotOutflow,6110,1,1,1.059141380423113e-09
6110,2586360.0,1112840.0,1560.0,Saturated,,NotOutflow,6904,1,1,1.059141380423113e-09
6111,2586680.0,1112840.0,1560.0,Saturated,,NotOutflow,6112,1,1,4.432744184580956e-09
6112,2586760.0,1112840.0,1560.0,Saturated,,NotOutflow,6135,4,2,4.6846643600689585e-09
6113,2586840.0,1112840.0,1560.0,Saturated,,NotOutflow,6112,1,3,2.3083836810737583e-09
6114,2586920.0,1112840.0,1560.0,Unsaturated,,NotOutflow,5259,1,1,0.01
6115,2587160.0,1112840.0,1560.0,Saturated,,NotOutflow,6911,1,1,3.5359137713794603e-13
6116,2587240.0,1112840.0,1560.0,Unsaturated,,NotOutflow,5261,0,1,0.01
6117,2587320.0,1112840.0,1560.0,Unsaturated,,NotOutflow,5262,0,1,0.01
6118,2587400.0,1112840.0,1560.0,Saturated,,NotOutflow,5263,3,2,1.8707328252200154e-09
6119,2587480.0,1112840.0,1560.0,Saturated,,NotOutflow,6120,2,2,3.3854443288289615e-09
6120,2587560.0,1112840.0,1560.0,Saturated,,NotOutflow,6143,2,2,3.3854443288289615e-09
6121,2587640.0,1112840.0,1560.0,Saturated,,NotOutflow,6120,1,1,1.8806247511733317e-11
6122,2587720.0,1112840.0,1560.0,Unsaturated,,NotOutflow,5267,1,1,0.01
6123,2588120.0,1112840.0,1560.0,Saturated,,NotOutflow,6097,1,1,1.0870816323696654e-09
6124,2588200.0,1112840.0,1560.0,Saturated,,NotOutflow,6123,2,2,1.0870816323696654e-09
6125,2588280.0,1112840.0,1560.0,Saturated,,NotOutflow,6099,1,1,3.1570356188892205e-11
6126,2588360.0,1112840.0,1560.0,Saturated,,NotOutflow,6125,2,1,3.1570356188892205e-11
6127,2588600.0,1112840.0,1560.0,Saturated,,NotOutflow,6102,1,2,4.6224858747303486e-14
6128,2588680.0,1112840.0,1560.0,Saturated,,NotOutflow,6127,1,2,8.080131470504501e-14
6129,2589960.0,1112840.0,1560.0,Unsaturated,,NotOutflow,5275,0,1,0.01
6130,2590040.0,1112840.0,1560.0,Saturated,,NotOutflow,-1,0,0,0.0
6131,2590120.0,1112840.0,1560.0,Unsaturated,,NotOutflow,5277,0,1,0.01
6132,2586280.0,1112920.0,1560.0,Saturated,,NotOutflow,6109,2,2,1.059141380423113e-09
6133,2586360.0,1112920.0,1560.0,Unsaturated,,NotOutflow,5281,1,1,0.01
6134,2586680.0,1112920.0,1560.0,Unsaturated,,NotOutflow,-1,0,0,0.01
6135,2586760.0,1112920.0,1560.0,Saturated,,NotOutflow,6157,1,1,4.6846643600689585e-09
6136,2586840.0,1112920.0,1560.0,Saturated,,NotOutflow,6113,2,2,4.846974177639763e-09
6137,2586920.0,1112920.0,1560.0,Unsaturated,,NotOutflow,5284,0,1,0.01
6138,2587160.0,1112920.0,1560.0,Unsaturated,,NotOutflow,2539,0,1,0.01
6139,2587240.0,1112920.0,1560.0,Saturated,,NotOutflow,5286,1,1,2.03954796325139e-12
6140,2587320.0,1112920.0,1560.0,Unsaturated,,NotOutflow,5287,0,1,0.01
6141,2587400.0,1112920.0,1560.0,Saturated,,NotOutflow,6118,2,1,7.41027989379789e-10
6142,2587480.0,1112920.0,1560.0,Saturated,,NotOutflow,6141,4,3,2.7800274696362555e-10
6143,2587560.0,1112920.0,1560.0,Saturated,,NotOutflow,6144,3,3,3.732990937216449e-09
6144,2587640.0,1112920.0,1560.0,Saturated,,NotOutflow,6145,1,1,3.732990937216449e-09
6145,2587720.0,1112920.0,1560.0,Saturated,,NotOutflow,6166,2,2,4.9911561433048365e-09
6146,2587800.0,1112920.0,1560.0,Saturated,,NotOutflow,6167,2,1,1.635065784288508e-09
6147,2587880.0,1112920.0,1560.0,Unsaturated,,NotOutflow,5293,0,1,0.01
6148,2588200.0,1112920.0,1560.0,Saturated,,NotOutflow,6124,1,2,8.406929140536174e-10
6149,2588280.0,1112920.0,1560.0,Saturated,,NotOutflow,6148,1,1,1.6522755435813713e-09
6150,2588360.0,1112920.0,1560.0,Saturated,,NotOutflow,6126,2,1,1.5970675496312487e-11
6151,2588440.0,1112920.0,1560.0,Saturated,,NotOutflow,6150,1,1,5.243027066504773e-12
6152,2588680.0,1112920.0,1560.0,Saturated,,NotOutflow,6153,2,2,1.8188186075843092e-14
6153,2588760.0,1112920.0,1560.0,Saturated,,NotOutflow,6175,3,2,1.8188186075843092e-14
6154,2586280.0,1113000.0,1560.0,Saturated,,NotOutflow,5302,1,2,2.408032689240448e-09
6155,2586360.0,1113000.0,1560.0,Unsaturated,,NotOutflow,5303,1,1,0.01
6156,2586680.0,1113000.0,1560.0,Unsaturated,,NotOutflow,-1,0,0,0.01
6157,2586760.0,1113000.0,1560.0,Saturated,,NotOutflow,6158,2,2,2.536321178168215e-09
6158,2586840.0,1113000.0,1560.0,Saturated,,NotOutflow,6180,3,4,3.650739041516387e-09
6159,2586920.0,1113000.0,1560.0,Unsaturated,,NotOutflow,5306,1,1,0.01
6160,2587000.0,1113000.0,1560.0,Saturated,,NotOutflow,6182,1,1,4.581441712689331e-09
6161,2587240.0,1113000.0,1560.0,Saturated,,NotOutflow,6956,2,2,1.6100112612375817e-09
6162,2587320.0,1113000.0,1560.0,Saturated,,NotOutflow,6161,1,1,8.733501866533724e-12
6163,2587480.0,1113000.0,1560.0,Saturated,,NotOutflow,6142,2,2,2.7800274696362555e-10
6164,2587560.0,1113000.0,1560.0,Saturated,,NotOutflow,6163,4,3,2.7800274696362555e-10
6165,2587640.0,1113000.0,1560.0,Saturated,,NotOutflow,6189,1,1,2.6432421644173795e-10
6166,2587720.0,1113000.0,1560.0,Saturated,,NotOutflow,6167,3,2,5.54410290645432e-09
6167,2587800.0,1113000.0,1560.0,Saturated,,NotOutflow,6168,2,3,4.343416309061832e-09
6168,2587880.0,1113000.0,1560.0,Saturated,,NotOutflow,6192,1,1,4.343416309061832e-09
6169,2587960.0,1113000.0,1560.0,Unsaturated,,NotOutflow,5316,1,1,0.01
6170,2588280.0,1113000.0,1560.0,Saturated,,NotOutflow,6966,2,2,2.8307984484882084e-09
6171,2588360.0,1113000.0,1560.0,Unsaturated,,NotOutflow,5319,0,1,0.01
6172,2588440.0,1113000.0,1560.0,Saturated,,NotOutflow,6173,2,3,6.943438020755548e-11
6173,2588520.0,1113000.0,1560.0,Saturated,,NotOutflow,5321,3,3,4.703587636188883e-11
6174,2588600.0,1113000.0,1560.0,Unsaturated,,NotOutflow,5322,0,1,0.01
6175,2588760.0,1113000.0,1560.0,Saturated,,NotOutflow,6971,1,3,1.0123427891729816e-14
6176,2588840.0,1113000.0,1560.0,Saturated,,NotOutflow,6201,1,1,4.536537614406184e-15
6177,2586280.0,1113080.0,1560.0,Unsaturated,,NotOutflow,5326,0,1,0.01
6178,2586680.0,1113080.0,1560.0,Unsaturated,,NotOutflow,-1,0,0,0.01
6179,2586760.0,1113080.0,1560.0,Saturated,,NotOutflow,6204,3,2,3.7070009614853027e-09
6180,2586840.0,1113080.0,1560.0,Saturated,,NotOutflow,6158,3,2,2.846805747914532e-09
6181,2586920.0,1113080.0,1560.0,Unsaturated,,NotOutflow,5329,1,1,0.01
6182,2587000.0,1113080.0,1560.0,Saturated,,NotOutflow,6183,2,1,4.581441712689331e-09
6183,2587080.0,1113080.0,1560.0,Saturated,,NotOutflow,6208,2,1,4.581441712689331e-09
6184,2587160.0,1113080.0,1560.0,Saturated,,NotOutflow,6185,1,1,4.313496326028506e-09
6185,2587240.0,1113080.0,1560.0,Saturated,,NotOutflow,6981,1,2,2.710179018694207e-09
6186,2587320.0,1113080.0,1560.0,Saturated,,NotOutflow,6162,1,1,8.733501866533724e-12
6187,2587400.0,1113080.0,1560.0,Unsaturated,,NotOutflow,5334,0,1,0.01
6188,2587560.0,1113080.0,1560.0,Saturated,,NotOutflow,6164,2,2,2.7800274696362555e-10
6189,2587640.0,1113080.0,1560.0,Saturated,,NotOutflow,6190,3,2,2.6432421644173795e-10
6190,2587720.0,1113080.0,1560.0,Saturated,,NotOutflow,6214,1,1,2.6432421644173795e-10
6191,2587800.0,1113080.0,1560.0,Unsaturated,,NotOutflow,5338,0,1,0.01
6192,2587880.0,1113080.0,1560.0,Saturated,,NotOutflow,6193,1,2,4.2678637746839704e-09
6193,2587960.0,1113080.0,1560.0,Saturated,,NotOutflow,5340,3,2,7.482496091279086e-09
6194,2588040.0,1113080.0,1560.0,Unsaturated,,NotOutflow,5341,1,1,0.01
6195,2588280.0,1113080.0,1560.0,Saturated,,NotOutflow,6170,2,2,2.817618449840536e-09
6196,2588360.0,1113080.0,1560.0,Saturated,,NotOutflow,6992,2,3,2.8318375185574964e-09
6197,2588520.0,1113080.0,1560.0,Saturated,,NotOutflow,6994,2,2,2.341303891829864e-18
6198,2588600.0,1113080.0,1560.0,Saturated,,NotOutflow,6995,2,2,1.6061232924167494e-17
6199,2588680.0,1113080.0,1560.0,Saturated,,NotOutflow,6198,2,1,1.5557716294137416e-17
6200,2588760.0,1113080.0,1560.0,Unsaturated,,NotOutflow,5346,0,1,0.01
6201,2588840.0,1113080.0,1560.0,Saturated,,NotOutflow,6226,2,1,8.18728975701421e-15
6202,2588920.0,1113080.0,1560.0,Saturated,,NotOutflow,-1,0,0,0.0
6203,2586280.0,1113160.0,1560.0,Saturated,,NotOutflow,-1,1,0,0.0
6204,2586760.0,1113160.0,1560.0,Saturated,,NotOutflow,6230,2,2,6.488625822371083e-09
6205,2586840.0,1113160.0,1560.0,Unsaturated,,NotOutflow,5351,1,1,0.01
6206,2586920.0,1113160.0,1560.0,Unsaturated,,NotOutflow,5352,0,1,0.01
6207,2587000.0,1113160.0,1560.0,Saturated,,NotOutflow,6233,3,2,3.125e-07
6208,2587080.0,1113160.0,1560.0,Saturated,,NotOutflow,6207,4,3,3.125e-07
6209,2587160.0,1113160.0,1560.0,Saturated,,NotOutflow,6184,1,1,4.313496326028506e-09
6210,2587320.0,1113160.0,1560.0,Unsaturated,,NotOutflow,4488,0,1,0.01
6211,2587400.0,1113160.0,1560.0,Unsaturated,,NotOutflow,5357,0,1,0.01
6212,2587480.0,1113160.0,1560.0,Unsaturated,,NotOutflow,5358,1,1,0.01
6213,2587640.0,1113160.0,1560.0,Saturated,,NotOutflow,7009,1,1,2.5709942721200286e-10
6214,2587720.0,1113160.0,1560.0,Saturated,,NotOutflow,6241,1,1,2.6432421644173795e-10
6215,2587800.0,1113160.0,1560.0,Saturated,,NotOutflow,5362,1,1,4.533829987139116e-10
6216,2587880.0,1113160.0,1560.0,Saturated,,NotOutflow,6217,1,1,3.3450943161064516e-09
6217,2587960.0,1113160.0,1560.0,Saturated,,NotOutflow,6193,3,2,3.3450943161064516e-09
6218,2588040.0,1113160.0,1560.0,Saturated,,NotOutflow,7014,1,2,3.894283384023863e-09
6219,2588120.0,1113160.0,1560.0,Saturated,,NotOutflow,7015,1,1,2.794972029570581e-09
6220,2588200.0,1113160.0,1560.0,Unsaturated,,NotOutflow,5367,1,1,0.01
6221,2588360.0,1113160.0,1560.0,Saturated,,NotOutflow,7017,3,2,1.9550597021690285e-08
6222,2588440.0,1113160.0,1560.0,Saturated,,NotOutflow,6221,1,1,1.568443429553647e-08
6223,2588600.0,1113160.0,1560.0,Saturated,,NotOutflow,6198,1,1,1.6061232924167494e-17
6224,2588680.0,1113160.0,1560.0,Saturated,,NotOutflow,7021,1,3,1.6097240457238938e-17
6225,2588760.0,1113160.0,1560.0,Saturated,,NotOutflow,6224,2,2,4.771618967554385e-17
6226,2588840.0,1113160.0,1560.0,Saturated,,NotOutflow,7023,2,3,5.8425739625179484e-15
6227,2588920.0,1113160.0,1560.0,Saturated,,NotOutflow,6253,1,2,1.2657028483444282e-15
6228,2589000.0,1113160.0,1560.0,Unsaturated,,NotOutflow,5374,0,1,0.01
6229,2586280.0,1113240.0,1560.0,Saturated,,NotOutflow,-1,0,0,0.0
6230,2586760.0,1113240.0,1560.0,Saturated,,NotOutflow,6231,3,4,6.4522292348590875e-09
6231,2586840.0,1113240.0,1560.0,Saturated,,NotOutflow,6232,3,2,6.4522292348590875e-09
6232,2586920.0,1113240.0,1560.0,Saturated,,NotOutflow,6259,2,2,2.3028493932462277e-07
6233,2587000.0,1113240.0,1560.0,Saturated,,NotOutflow,6232,3,3,2.3028493932462277e-07
6234,2587080.0,1113240.0,1560.0,Unsaturated,,NotOutflow,5381,1,1,0.01
6235,2587160.0,1113240.0,1560.0,Unsaturated,,NotOutflow,5382,1,1,0.01
6236,2587240.0,1113240.0,1560.0,Unsaturated,,NotOutflow,5383,0,1,0.01
6237,2587400.0,1113240.0,1560.0,Unsaturated,,NotOutflow,4515,0,1,0.01
6238,2587480.0,1113240.0,1560.0,Saturated,,NotOutflow,-1,0,0,0.0
6239,2587560.0,1113240.0,1560.0,Unsaturated,,NotOutflow,5386,1,1,0.01
6240,2587640.0,1113240.0,1560.0,Unsaturated,,NotOutflow,5387,0,1,0.01
6241,2587720.0,1113240.0,1560.0,Saturated,,NotOutflow,6242,2,1,1.6016949749606717e-09
6242,2587800.0,1113240.0,1560.0,Saturated,,NotOutflow,6243,3,3,9.268996355186662e-10
6243,2587880.0,1113240.0,1560.0,Saturated,,NotOutflow,5390,2,2,4.770036026368713e-10
6244,2587960.0,1113240.0,1560.0,Saturated,,NotOutflow,6217,2,1,5.435727357418799e-10
6245,2588040.0,1113240.0,1560.0,Unsaturated,,NotOutflow,5392,0,1,0.01
6246,2588120.0,1113240.0,1560.0,Unsaturated,,NotOutflow,5393,0,1,0.01
6247,2588200.0,1113240.0,1560.0,Unsaturated,,NotOutflow,5394,0,1,0.01
6248,2588280.0,1113240.0,1560.0,Unsaturated,,NotOutflow,5395,0,1,0.01
6249,2588360.0,1113240.0,1560.0,Unsaturated,,NotOutflow,5396,1,1,0.01
6250,2588440.0,1113240.0,1560.0,Saturated,,NotOutflow,6222,2,1,1.568443429553647e-08
6251,2588760.0,1113240.0,1560.0,Saturated,,NotOutflow,6225,2,2,4.771618967554385e-17
6252,2588840.0,1113240.0,1560.0,Saturated,,NotOutflow,6251,1,3,2.4067827042764638e-17
6253,2588920.0,1113240.0,1560.0,Saturated,,NotOutflow,6254,4,3,1.2657028483444282e-15
6254,2589000.0,1113240.0,1560.0,Saturated,,NotOutflow,6279,1,2,6.935138406306414e-16
6255,2589080.0,1113240.0,1560.0,Unsaturated,,NotOutflow,5401,0,1,0.01
6256,2586680.0,1113320.0,1560.0,Unsaturated,,NotOutflow,5404,0,1,0.01
6257,2586760.0,1113320.0,1560.0,Saturated,,NotOutflow,6230,3,2,9.865270741479561e-11
6258,2586840.0,1113320.0,1560.0,Saturated,,NotOutflow,5406,3,2,1.24347356528396e-07
6259,2586920.0,1113320.0,1560.0,Saturated,,NotOutflow,6258,1,2,1.24347356528396e-07
6260,2587160.0,1113320.0,1560.0,Unsaturated,,NotOutflow,3627,1,1,0.01
6261,2587240.0,1113320.0,1560.0,Unsaturated,,NotOutflow,5409,1,1,0.01
6262,2587320.0,1113320.0,1560.0,Unsaturated,,NotOutflow,5410,0,1,0.01
6263,2587400.0,1113320.0,1560.0,Unsaturated,,NotOutflow,5411,1,1,0.01
6264,2587480.0,1113320.0,1560.0,Unsaturated,,NotOutflow,5412,0,1,0.01
6265,2587560.0,1113320.0,1560.0,Unsaturated,,NotOutflow,4542,0,1,0.01
6266,2587640.0,1113320.0,1560.0,Saturated,,NotOutflow,-1,0,0,0.0
6267,2587720.0,1113320.0,1560.0,Unsaturated,,NotOutflow,5414,0,1,0.01
6268,2587800.0,1113320.0,1560.0,Saturated,,NotOutflow,6269,2,2,3.3552219952159345e-10
6269,2587880.0,1113320.0,1560.0,Saturated,,NotOutflow,6270,3,3,4.49896032881795e-10
6270,2587960.0,1113320.0,1560.0,Saturated,,NotOutflow,6244,2,2,5.435727357418799e-10
6271,2588040.0,1113320.0,1560.0,Unsaturated,,NotOutflow,5418,0,1,0.01
6272,2588120.0,1113320.0,1560.0,Unsaturated,,NotOutflow,5419,1,1,0.01
6273,2588200.0,1113320.0,1560.0,Unsaturated,,NotOutflow,5420,1,1,0.01
6274,2588280.0,1113320.0,1560.0,Unsaturated,,NotOutflow,5421,0,1,0.01
6275,2588360.0,1113320.0,1560.0,Saturated,,NotOutflow,6276,1,1,4.8792300254835124e-08
6276,2588440.0,1113320.0,1560.0,Saturated,,NotOutflow,5423,2,2,4.8792300254835124e-08
6277,2588520.0,1113320.0,1560.0,Unsaturated,,NotOutflow,5424,0,1,0.01
6278,2588920.0,1113320.0,1560.0,Saturated,,NotOutflow,6253,1,1,9.260420892670726e-18
6279,2589000.0,1113320.0,1560.0,Saturated,,NotOutflow,7070,3,4,1.1491053589005287e-09
6280,2589080.0,1113320.0,1560.0,Saturated,,NotOutflow,6279,3,2,1.1491053927012982e-09
6281,2589160.0,1113320.0,1560.0,Unsaturated,,NotOutflow,5427,0,1,0.01
6282,2586680.0,1113400.0,1560.0,Saturated,,NotOutflow,6283,1,1,8.357544723527733e-11
6283,2586760.0,1113400.0,1560.0,Saturated,,NotOutflow,6257,1,1,8.357544723527733e-11
6284,2586840.0,1113400.0,1560.0,Saturated,,NotOutflow,6258,1,1,3.457159692471485e-10
6285,2586920.0,1113400.0,1560.0,Saturated,,NotOutflow,6284,2,1,3.457159692471485e-10
6286,2587240.0,1113400.0,1560.0,Unsaturated,,NotOutflow,2699,1,1,0.01
6287,2587320.0,1113400.0,1560.0,Unsaturated,,NotOutflow,2700,1,1,0.01
6288,2587400.0,1113400.0,1560.0,Unsaturated,,NotOutflow,5436,0,1,0.01
6289,2587480.0,1113400.0,1560.0,Unsaturated,,NotOutflow,5437,0,1,0.01
6290,2587560.0,1113400.0,1560.0,Unsaturated,,NotOutflow,5438,0,1,0.01
6291,2587640.0,1113400.0,1560.0,Unsaturated,,NotOutflow,5439,1,1,0.01
6292,2587720.0,1113400.0,1560.0,Unsaturated,,NotOutflow,5440,1,1,0.01
6293,2587800.0,1113400.0,1560.0,Unsaturated,,NotOutflow,5441,0,1,0.01
6294,2587880.0,1113400.0,1560.0,Saturated,,NotOutflow,6295,2,2,3.3552219952159345e-10
6295,2587960.0,1113400.0,1560.0,Saturated,,NotOutflow,6296,3,2,1.2293231749410283e-09
6296,2588040.0,1113400.0,1560.0,Saturated,,NotOutflow,5444,2,1,2.0166402359625877e-09
6297,2588120.0,1113400.0,1560.0,Unsaturated,,NotOutflow,5445,1,1,0.01
6298,2588200.0,1113400.0,1560.0,Unsaturated,,NotOutflow,5446,1,1,0.01
6299,2588280.0,1113400.0,1560.0,Unsaturated,,NotOutflow,5447,0,1,0.01
6300,2588360.0,1113400.0,1560.0,Unsaturated,,NotOutflow,5448,0,1,0.01
6301,2588440.0,1113400.0,1560.0,Unsaturated,,NotOutflow,5449,1,1,0.01
6302,2588520.0,1113400.0,1560.0,Saturated,,NotOutflow,7085,2,2,2.3458495899883892e-08
6303,2588600.0,1113400.0,1560.0,Unsaturated,,NotOutflow,5451,1,1,0.01
6304,2588680.0,1113400.0,1560.0,Unsaturated,,NotOutflow,5452,1,1,0.01
6305,2589080.0,1113400.0,1560.0,Saturated,,NotOutflow,6280,1,1,1.794746470936616e-10
6306,2589160.0,1113400.0,1560.0,Saturated,,NotOutflow,-1,1,0,0.0
6307,2589240.0,1113400.0,1560.0,Unsaturated,,NotOutflow,5455,1,1,0.01
6308,2589320.0,1113400.0,1560.0,Unsaturated,,NotOutflow,5456,0,1,0.01
6309,2586680.0,1113480.0,1560.0,Unsaturated,,NotOutflow,5459,0,1,0.01
6310,2586840.0,1113480.0,1560.0,Unsaturated,,NotOutflow,5461,0,1,0.01
6311,2586920.0,1113480.0,1560.0,Saturated,,NotOutflow,6285,1,1,5.459010494340479e-11
6312,2587320.0,1113480.0,1560.0,Unsaturated,,NotOutflow,2724,0,1,0.01
6313,2587400.0,1113480.0,1560.0,Unsaturated,,NotOutflow,1746,1,1,0.01
6314,2587480.0,1113480.0,1560.0,Unsaturated,,NotOutflow,5464,0,1,0.01
6315,2587560.0,1113480.0,1560.0,Unsaturated,,NotOutflow,5465,0,1,0.01
6316,2587720.0,1113480.0,1560.0,Saturated,,NotOutflow,-1,1,0,0.0
6317,2587800.0,1113480.0,1560.0,Saturated,,NotOutflow,-1,1,0,0.0
6318,2587880.0,1113480.0,1560.0,Unsaturated,,NotOutflow,5469,0,1,0.01
6319,2587960.0,1113480.0,1560.0,Saturated,,NotOutflow,6295,2,2,7.794271420592331e-10
6320,2588040.0,1113480.0,1560.0,Saturated,,NotOutflow,6296,1,1,7.873170610215595e-10
6321,2588120.0,1113480.0,1560.0,Saturated,,NotOutflow,-1,0,0,0.0
6322,2588200.0,1113480.0,1560.0,Unsaturated,,NotOutflow,5473,0,1,0.01
6323,2588280.0,1113480.0,1560.0,Saturated,,NotOutflow,-1,1,0,0.0
6324,2588360.0,1113480.0,1560.0,Unsaturated,,NotOutflow,5475,0,1,0.01
6325,2588440.0,1113480.0,1560.0,Unsaturated,,NotOutflow,5476,0,1,0.01
6326,2588600.0,1113480.0,1560.0,Unsaturated,,NotOutflow,5478,1,1,0.01
6327,2588680.0,1113480.0,1560.0,Unsaturated,,NotOutflow,5479,1,1,0.01
6328,2588760.0,1113480.0,1560.0,Unsaturated,,NotOutflow,5480,1,1,0.01
6329,2588840.0,1113480.0,1560.0,Unsaturated,,NotOutflow,5481,1,1,0.01
6330,2589160.0,1113480.0,1560.0,Unsaturated,,NotOutflow,5482,0,1,0.01
6331,2589240.0,1113480.0,1560.0,Saturated,,NotOutflow,-1,1,0,0.0
6332,2589320.0,1113480.0,1560.0,Unsaturated,,NotOutflow,5484,1,1,0.01
6333,2589400.0,1113480.0,1560.0,Unsaturated,,NotOutflow,5485,0,1,0.01
6334,2589480.0,1113480.0,1560.0,Unsaturated,,NotOutflow,5486,1,1,0.01
6335,2589560.0,1113480.0,1560.0,Unsaturated,,NotOutflow,5487,0,1,0.01
6336,2586920.0,1113560.0,1560.0,Unsaturated,,NotOutflow,5491,0,1,0.01
6337,2587480.0,1113560.0,1560.0,Unsaturated,,NotOutflow,2752,0,1,0.01
6338,2587560.0,1113560.0,1560.0,Unsaturated,,NotOutflow,5494,0,1,0.01
6339,2587640.0,1113560.0,1560.0,Unsaturated,,NotOutflow,5495,0,1,0.01
6340,2587720.0,1113560.0,1560.0,Unsaturated,,NotOutflow,5496,0,1,0.01
6341,2587800.0,1113560.0,1560.0,Unsaturated,,NotOutflow,5497,1,1,0.01
6342,2587880.0,1113560.0,1560.0,Saturated,,NotOutflow,-1,1,0,0.0
6343,2587960.0,1113560.0,1560.0,Unsaturated,,NotOutflow,5499,0,1,0.01
6344,2588040.0,1113560.0,1560.0,Unsaturated,,NotOutflow,5500,1,1,0.01
6345,2588120.0,1113560.0,1560.0,Unsaturated,,NotOutflow,5501,1,1,0.01
6346,2588200.0,1113560.0,1560.0,Unsaturated,,NotOutflow,5502,1,1,0.01
6347,2588280.0,1113560.0,1560.0,Unsaturated,,NotOutflow,5503,0,1,0.01
6348,2588360.0,1113560.0,1560.0,Unsaturated,,NotOutflow,5504,1,1,0.01
6349,2588440.0,1113560.0,1560.0,Unsaturated,,NotOutflow,5505,0,1,0.01
6350,2588520.0,1113560.0,1560.0,Unsaturated,,NotOutflow,5506,0,1,0.01
6351,2588600.0,1113560.0,1560.0,Unsaturated,,NotOutflow,5507,0,1,0.01
6352,2588760.0,1113560.0,1560.0,Unsaturated,,NotOutflow,5509,1,1,0.01
6353,2588840.0,1113560.0,1560.0,Unsaturated,,NotOutflow,5510,1,1,0.01
6354,2588920.0,1113560.0,1560.0,Unsaturated,,NotOutflow,5511,1,1,0.01
6355,2589000.0,1113560.0,1560.0,Unsaturated,,NotOutflow,5512,1,1,0.01
6356,2589240.0,1113560.0,1560.0,Unsaturated,,NotOutflow,5513,0,1,0.01
6357,2589320.0,1113560.0,1560.0,Unsaturated,,NotOutflow,5514,1,1,0.01
6358,2589480.0,1113560.0,1560.0,Unsaturated,,NotOutflow,5516,0,1,0.01
6359,2589560.0,1113560.0,1560.0,Unsaturated,,NotOutflow,5517,1,1,0.01
6360,2589640.0,1113560.0,1560.0,Unsaturated,,NotOutflow,5518,0,1,0.01
6361,2587560.0,1113640.0,1560.0,Unsaturated,,NotOutflow,2779,0,1,0.01
6362,2587640.0,1113640.0,1560.0,Unsaturated,,NotOutflow,5523,0,1,0.01
6363,2587720.0,1113640.0,1560.0,Unsaturated,,NotOutflow,5524,0,1,0.01
6364,2587800.0,1113640.0,1560.0,Unsaturated,,NotOutflow,5525,0,1,0.01
6365,2587880.0,1113640.0,1560.0,Unsaturated,,NotOutflow,5526,0,1,0.01
6366,2587960.0,1113640.0,1560.0,Unsaturated,,NotOutflow,5527,0,1,0.01
6367,2588040.0,1113640.0,1560.0,Saturated,,NotOutflow,-1,0,0,0.0
6368,2588120.0,1113640.0,1560.0,Unsaturated,,NotOutflow,5529,1,1,0.01
6369,2588200.0,1113640.0,1560.0,Unsaturated,,NotOutflow,5530,1,1,0.01
6370,2588280.0,1113640.0,1560.0,Unsaturated,,NotOutflow,5531,0,1,0.01
6371,2588360.0,1113640.0,1560.0,Saturated,,NotOutflow,-1,0,0,0.0
6372,2588440.0,1113640.0,1560.0,Unsaturated,,NotOutflow,5533,1,1,0.01
6373,2588520.0,1113640.0,1560.0,Saturated,,NotOutflow,-1,0,0,0.0
6374,2588600.0,1113640.0,1560.0,Unsaturated,,NotOutflow,5535,0,1,0.01
6375,2588680.0,1113640.0,1560.0,Unsaturated,,NotOutflow,5536,0,1,0.01
6376,2588760.0,1113640.0,1560.0,Unsaturated,,NotOutflow,5537,0,1,0.01
6377,2588840.0,1113640.0,1560.0,Unsaturated,,NotOutflow,5538,0,1,0.01
6378,2588920.0,1113640.0,1560.0,Unsaturated,,NotOutflow,5539,1,1,0.01
6379,2589000.0,1113640.0,1560.0,Unsaturated,,NotOutflow,5540,1,1,0.01
6380,2589080.0,1113640.0,1560.0,Unsaturated,,NotOutflow,5541,1,1,0.01
6381,2589160.0,1113640.0,1560.0,Unsaturated,,NotOutflow,5542,1,1,0.01
6382,2589240.0,1113640.0,1560.0,Unsaturated,,NotOutflow,2791,1,1,0.01
6383,2589320.0,1113640.0,1560.0,Saturated,,NotOutflow,-1,1,0,0.0
6384,2589400.0,1113640.0,1560.0,Unsaturated,,NotOutflow,5544,0,1,0.01
6385,2589560.0,1113640.0,1560.0,Unsaturated,,NotOutflow,2794,0,1,0.01
6386,2589640.0,1113640.0,1560.0,Saturated,,NotOutflow,-1,0,0,0.0
6387,2589720.0,1113640.0,1560.0,Unsaturated,,NotOutflow,5546,0,1,0.01
6388,2587720.0,1113720.0,1560.0,Unsaturated,,NotOutflow,1830,0,1,0.01
6389,2587800.0,1113720.0,1560.0,Unsaturated,,NotOutflow,5550,0,1,0.01
6390,2587880.0,1113720.0,1560.0,Unsaturated,,NotOutflow,5551,0,1,0.01
6391,2587960.0,1113720.0,1560.0,Unsaturated,,NotOutflow,5552,0,1,0.01
6392,2588040.0,1113720.0,1560.0,Unsaturated,,NotOutflow,5553,0,1,0.01
6393,2588120.0,1113720.0,1560.0,Unsaturated,,NotOutflow,5554,0,1,0.01
6394,2588200.0,1113720.0,1560.0,Unsaturated,,NotOutflow,5555,0,1,0.01
6395,2588280.0,1113720.0,1560.0,Saturated,,NotOutflow,-1,0,0,0.0
6396,2588360.0,1113720.0,1560.0,Unsaturated,,NotOutflow,5557,0,1,0.01
6397,2588440.0,1113720.0,1560.0,Unsaturated,,NotOutflow,5558,0,1,0.01
6398,2588520.0,1113720.0,1560.0,Saturated,,NotOutflow,-1,1,0,0.0
6399,2588600.0,1113720.0,1560.0,Unsaturated,,NotOutflow,5560,1,1,0.01
6400,2588680.0,1113720.0,1560.0,Unsaturated,,NotOutflow,5561,1,1,0.01
6401,2588760.0,1113720.0,1560.0,Saturated,,NotOutflow,-1,0,0,0.0
6402,2588840.0,1113720.0,1560.0,Unsaturated,,NotOutflow,5563,0,1,0.01
6403,2588920.0,1113720.0,1560.0,Unsaturated,,NotOutflow,5564,0,1,0.01
6404,2589000.0,1113720.0,1560.0,Unsaturated,,NotOutflow,5565,0,1,0.01
6405,2589080.0,1113720.0,1560.0,Unsaturated,,NotOutflow,5566,1,1,0.01
6406,2589160.0,1113720.0,1560.0,Unsaturated,,NotOutflow,5567,1,1,0.01
6407,2589240.0,1113720.0,1560.0,Unsaturated,,NotOutflow,5568,0,1,0.01
6408,2589320.0,1113720.0,1560.0,Unsaturated,,NotOutflow,5569,0,1,0.01
6409,2589400.0,1113720.0,1560.0,Saturated,,NotOutflow,-1,0,0,0.0
6410,2589480.0,1113720.0,1560.0,Unsaturated,,NotOutflow,5571,0,1,0.01
6411,2589720.0,1113720.0,1560.0,Unsaturated,,NotOutflow,5572,0,1,0.01
6412,2589800.0,1113720.0,1560.0,Unsaturated,,NotOutflow,5573,0,1,0.01
6413,2587880.0,1113800.0,1560.0,Unsaturated,,NotOutflow,1861,0,1,0.01
6414,2587960.0,1113800.0,1560.0,Unsaturated,,NotOutflow,5576,0,1,0.01
6415,2588040.0,1113800.0,1560.0,Unsaturated,,NotOutflow,5577,0,1,0.01
6416,2588120.0,1113800.0,1560.0,Unsaturated,,NotOutflow,5578,0,1,0.01
6417,2588200.0,1113800.0,1560.0,Saturated,,NotOutflow,-1,0,0,0.0
6418,2588280.0,1113800.0,1560.0,Unsaturated,,NotOutflow,5580,0,1,0.01
6419,2588360.0,1113800.0,1560.0,Unsaturated,,NotOutflow,5581,0,1,0.01
6420,2588440.0,1113800.0,1560.0,Saturated,,NotOutflow,-1,0,0,0.0
6421,2588520.0,1113800.0,1560.0,Saturated,,NotOutflow,-1,0,0,0.0
6422,2588600.0,1113800.0,1560.0,Unsaturated,,NotOutflow,5584,0,1,0.01
6423,2588680.0,1113800.0,1560.0,Unsaturated,,NotOutflow,5585,0,1,0.01
6424,2588760.0,1113800.0,1560.0,Saturated,,NotOutflow,-1,1,0,0.0
6425,2588840.0,1113800.0,1560.0,Unsaturated,,NotOutflow,5587,0,1,0.01
6426,2588920.0,1113800.0,1560.0,Unsaturated,,NotOutflow,5588,0,1,0.01
6427,2589000.0,1113800.0,1560.0,Unsaturated,,NotOutflow,5589,0,1,0.01
6428,2589080.0,1113800.0,1560.0,Unsaturated,,NotOutflow,5590,0,1,0.01
6429,2589160.0,1113800.0,1560.0,Unsaturated,,NotOutflow,5591,0,1,0.01
6430,2589240.0,1113800.0,1560.0,Unsaturated,,NotOutflow,5592,0,1,0.01
6431,2589320.0,1113800.0,1560.0,Unsaturated,,NotOutflow,5593,0,1,0.01
6432,2589400.0,1113800.0,1560.0,Unsaturated,,NotOutflow,5594,0,1,0.01
6433,2589480.0,1113800.0,1560.0,Saturated,,NotOutflow,-1,0,0,0.0
6434,2589560.0,1113800.0,1560.0,Unsaturated,,NotOutflow,5596,0,1,0.01
6435,2588120.0,1113880.0,1560.0,Unsaturated,,NotOutflow,5601,0,1,0.01
6436,2588200.0,1113880.0,1560.0,Unsaturated,,NotOutflow,5602,0,1,0.01
6437,2588280.0,1113880.0,1560.0,Unsaturated,,NotOutflow,5603,0,1,0.01
6438,2588360.0,1113880.0,1560.0,Unsaturated,,NotOutflow,5604,0,1,0.01
6439,2588440.0,1113880.0,1560.0,Unsaturated,,NotOutflow,5605,0,1,0.01
6440,2588520.0,1113880.0,1560.0,Unsaturated,,NotOutflow,5606,0,1,0.01
6441,2588600.0,1113880.0,1560.0,Saturated,,NotOutflow,-1,0,0,0.0
6442,2588680.0,1113880.0,1560.0,Saturated,,NotOutflow,-1,0,0,0.0
6443,2588760.0,1113880.0,1560.0,Unsaturated,,NotOutflow,5609,0,1,0.01
6444,2588920.0,1113880.0,1560.0,Unsaturated,,NotOutflow,5611,0,1,0.01
6445,2589000.0,1113880.0,1560.0,Unsaturated,,NotOutflow,5612,0,1,0.01
6446,2589080.0,1113880.0,1560.0,Unsaturated,,NotOutflow,5613,0,1,0.01
6447,2589160.0,1113880.0,1560.0,Unsaturated,,NotOutflow,5614,0,1,0.01
6448,2589240.0,1113880.0,1560.0,Unsaturated,,NotOutflow,5615,0,1,0.01
6449,2589320.0,1113880.0,1560.0,Unsaturated,,NotOutflow,5616,0,1,0.01
6450,2589400.0,1113880.0,1560.0,Unsaturated,,NotOutflow,5617,0,1,0.01
6451,2589480.0,1113880.0,1560.0,Unsaturated,,NotOutflow,5618,0,1,0.01
6452,2589560.0,1113880.0,1560.0,Saturated,,NotOutflow,-1,0,0,0.0
6453,2589640.0,1113880.0,1560.0,Unsaturated,,NotOutflow,5620,0,1,0.01
6454,2588520.0,1113960.0,1560.0,Unsaturated,,NotOutflow,5628,0,1,0.01
6455,2588600.0,1113960.0,1560.0,Unsaturated,,NotOutflow,5629,0,1,0.01
6456,2588760.0,1113960.0,1560.0,Unsaturated,,NotOutflow,5631,0,1,0.01
6457,2588840.0,1113960.0,1560.0,Unsaturated,,NotOutflow,5632,0,1,0.01
6458,2588920.0,1113960.0,1560.0,Unsaturated,,NotOutflow,5633,0,1,0.01
6459,2589320.0,1113960.0,1560.0,Unsaturated,,NotOutflow,5637,0,1,0.01
6460,2589400.0,1113960.0,1560.0,Unsaturated,,NotOutflow,5638,0,1,0.01
6461,2589480.0,1113960.0,1560.0,Unsaturated,,NotOutflow,5639,0,1,0.01
6462,2589560.0,1113960.0,1560.0,Unsaturated,,NotOutflow,5640,0,1,0.01
6463,2589640.0,1113960.0,1560.0,Unsaturated,,NotOutflow,5641,0,1,0.01
6464,2589720.0,1113960.0,1560.0,Unsaturated,,NotOutflow,5642,0,1,0.01
6465,2589800.0,1113960.0,1560.0,Unsaturated,,NotOutflow,5643,0,1,0.01
6466,2587960.0,1109000.0,1640.0,Saturated,,NotOutflow,-1,1,0,0.0
6467,2588040.0,1109000.0,1640.0,Unsaturated,,NotOutflow,5648,0,1,0.01
6468,2587880.0,1109080.0,1640.0,Unsaturated,,NotOutflow,-1,0,0,0.01
6469,2587960.0,1109080.0,1640.0,Unsaturated,,NotOutflow,5649,0,1,0.01
6470,2587880.0,1109160.0,1640.0,Unsaturated,,NotOutflow,5650,0,1,0.01
6471,2587960.0,1109160.0,1640.0,Unsaturated,,NotOutflow,5651,0,1,0.01
6472,2587880.0,1109240.0,1640.0,Unsaturated,,NotOutflow,5652,0,1,0.01
6473,2587960.0,1109240.0,1640.0,Unsaturated,,NotOutflow,5653,1,1,0.01
6474,2587880.0,1109320.0,1640.0,Saturated,,NotOutflow,6476,1,1,2.340637120554668e-10
6475,2587800.0,1109400.0,1640.0,Unsaturated,,NotOutflow,5656,0,1,0.01
6476,2587880.0,1109400.0,1640.0,Saturated,,NotOutflow,6479,1,1,2.340637120554668e-10
6477,2586040.0,1109480.0,1640.0,Unsaturated,,NotOutflow,966,1,1,0.01
6478,2587800.0,1109480.0,1640.0,Saturated,,NotOutflow,6481,1,2,1.1878959202855072e-10
6479,2587880.0,1109480.0,1640.0,Saturated,,NotOutflow,6478,2,1,2.340637120554668e-10
6480,2586040.0,1109560.0,1640.0,Saturated,,NotOutflow,-1,0,0,0.0
6481,2587800.0,1109560.0,1640.0,Saturated,,NotOutflow,6485,1,1,1.1878959202855072e-10
6482,2586040.0,1109640.0,1640.0,Unsaturated,,NotOutflow,5663,0,1,0.01
6483,2586120.0,1109640.0,1640.0,Unsaturated,,NotOutflow,5664,0,1,0.01
6484,2587720.0,1109640.0,1640.0,Unsaturated,,NotOutflow,-1,0,0,0.01
6485,2587800.0,1109640.0,1640.0,Saturated,,NotOutflow,6489,1,2,7.686711640256433e-11
6486,2586120.0,1109720.0,1640.0,Unsaturated,,NotOutflow,5667,0,1,0.01
6487,2586200.0,1109720.0,1640.0,Unsaturated,,NotOutflow,5668,0,1,0.01
6488,2587720.0,1109720.0,1640.0,Saturated,,NotOutflow,6492,2,2,6.814134643241696e-11
6489,2587800.0,1109720.0,1640.0,Saturated,,NotOutflow,6488,2,1,7.686711640256433e-11
6490,2586120.0,1109800.0,1640.0,Unsaturated,,NotOutflow,5671,0,1,0.01
6491,2586200.0,1109800.0,1640.0,Saturated,,NotOutflow,6494,1,2,1.794819528178614e-09
6492,2587720.0,1109800.0,1640.0,Saturated,,NotOutflow,6497,2,3,2.142623204552941e-09
6493,2587800.0,1109800.0,1640.0,Unsaturated,,NotOutflow,5674,0,1,0.01
6494,2586200.0,1109880.0,1640.0,Saturated,,NotOutflow,6495,1,1,1.794819528178614e-09
6495,2586280.0,1109880.0,1640.0,Saturated,,NotOutflow,6499,2,2,4.8097232592658605e-09
6496,2587640.0,1109880.0,1640.0,Unsaturated,,NotOutflow,-1,1,0,0.01
6497,2587720.0,1109880.0,1640.0,Saturated,,NotOutflow,6502,1,1,2.142623204552941e-09
6498,2586200.0,1109960.0,1640.0,Unsaturated,,NotOutflow,5678,0,1,0.01
6499,2586280.0,1109960.0,1640.0,Saturated,,NotOutflow,5679,2,2,3.1079147642322816e-09
6500,2586360.0,1109960.0,1640.0,Unsaturated,,NotOutflow,994,0,1,0.01
6501,2587640.0,1109960.0,1640.0,Saturated,,NotOutflow,6505,2,1,1.390729998105963e-08
6502,2587720.0,1109960.0,1640.0,Saturated,,NotOutflow,6501,1,1,2.142623204552941e-09
6503,2586280.0,1110040.0,1640.0,Saturated,,NotOutflow,6504,1,1,1.7018084950335787e-09
6504,2586360.0,1110040.0,1640.0,Saturated,,NotOutflow,5683,1,1,1.7018084950335787e-09
6505,2587640.0,1110040.0,1640.0,Saturated,,NotOutflow,7180,2,2,1.1160099460238813e-08
6506,2587720.0,1110040.0,1640.0,Saturated,,NotOutflow,6505,2,1,1.9839192673512894e-11
6507,2586360.0,1110120.0,1640.0,Unsaturated,,NotOutflow,5686,0,1,0.01
6508,2587640.0,1110120.0,1640.0,Saturated,,NotOutflow,6510,1,2,2.5909927584746937e-09
6509,2587560.0,1110200.0,1640.0,Saturated,,NotOutflow,6511,1,1,2.253443246547107e-09
6510,2587640.0,1110200.0,1640.0,Saturated,,NotOutflow,6509,1,2,2.253443246547107e-09
6511,2587560.0,1110280.0,1640.0,Saturated,,NotOutflow,6513,2,1,2.5909927584746937e-09
6512,2587640.0,1110280.0,1640.0,Saturated,,NotOutflow,6511,2,1,3.3754951192758733e-10
6513,2587560.0,1110360.0,1640.0,Saturated,,NotOutflow,6516,2,1,3.031825703404983e-08
6514,2587640.0,1110360.0,1640.0,Unsaturated,,NotOutflow,5697,0,1,0.01
6515,2587480.0,1110440.0,1640.0,Unsaturated,,NotOutflow,-1,0,0,0.01
6516,2587560.0,1110440.0,1640.0,Saturated,,NotOutflow,6518,3,2,3.046697574973778e-08
6517,2587480.0,1110520.0,1640.0,Saturated,,NotOutflow,6519,2,3,1.407736375504023e-08
6518,2587560.0,1110520.0,1640.0,Saturated,,NotOutflow,6517,3,3,2.1530680112917506e-08
6519,2587480.0,1110600.0,1640.0,Saturated,,NotOutflow,6521,3,3,1.1475004515727608e-08
6520,2587560.0,1110600.0,1640.0,Unsaturated,,NotOutflow,5702,0,1,0.01
6521,2587480.0,1110680.0,1640.0,Saturated,,NotOutflow,6523,1,2,7.860147738437648e-09
6522,2587400.0,1110760.0,1640.0,Saturated,,NotOutflow,6526,1,1,7.655251248485501e-09
6523,2587480.0,1110760.0,1640.0,Saturated,,NotOutflow,6522,2,2,7.655251248485501e-09
6524,2586840.0,1110840.0,1640.0,Unsaturated,,NotOutflow,5709,0,1,0.01
6525,2586920.0,1110840.0,1640.0,Saturated,,NotOutflow,6528,1,1,3.327995872107327e-11
6526,2587400.0,1110840.0,1640.0,Saturated,,NotOutflow,7198,4,3,1.0644621659083998e-08
6527,2587480.0,1110840.0,1640.0,Saturated,,NotOutflow,6526,2,1,3.916284776859684e-09
6528,2586920.0,1110920.0,1640.0,Saturated,,NotOutflow,6529,2,1,3.327995872107327e-11
6529,2587000.0,1110920.0,1640.0,Saturated,,NotOutflow,6532,2,1,3.327995872107327e-11
6530,2587400.0,1110920.0,1640.0,Saturated,,NotOutflow,6534,2,1,1.2051580159550775e-08
6531,2586920.0,1111000.0,1640.0,Unsaturated,,NotOutflow,5717,1,1,0.01
6532,2587000.0,1111000.0,1640.0,Saturated,,NotOutflow,6535,2,1,2.7492057442236722e-09
6533,2587320.0,1111000.0,1640.0,Unsaturated,,NotOutflow,5719,0,1,0.01
6534,2587400.0,1111000.0,1640.0,Saturated,,NotOutflow,6538,2,3,7.909009916681887e-09
6535,2587000.0,1111080.0,1640.0,Saturated,,NotOutflow,7208,1,2,1.3858065313894139e-09
6536,2587080.0,1111080.0,1640.0,Saturated,,NotOutflow,6539,1,1,1.3633992128342581e-09
6537,2587320.0,1111080.0,1640.0,Saturated,,NotOutflow,5723,1,3,2.8923843442664282e-09
6538,2587400.0,1111080.0,1640.0,Saturated,,NotOutflow,6537,2,1,7.909009916681887e-09
6539,2587080.0,1111160.0,1640.0,Saturated,,NotOutflow,6540,1,2,9.220146146667621e-10
6540,2587160.0,1111160.0,1640.0,Saturated,,NotOutflow,6544,1,1,9.220146146667621e-10
6541,2587320.0,1111160.0,1640.0,Saturated,,NotOutflow,7214,2,2,3.5271685415963536e-09
6542,2587400.0,1111160.0,1640.0,Unsaturated,,NotOutflow,5728,0,1,0.01
6543,2587080.0,1111240.0,1640.0,Unsaturated,,NotOutflow,5729,1,1,0.01
6544,2587160.0,1111240.0,1640.0,Saturated,,NotOutflow,7216,1,2,4.611398804191939e-10
6545,2587240.0,1111240.0,1640.0,Unsaturated,,NotOutflow,5731,1,1,0.01
6546,2587320.0,1111240.0,1640.0,Saturated,,NotOutflow,6549,1,2,1.4117410375056807e-09
6547,2587160.0,1111320.0,1640.0,Saturated,,NotOutflow,6548,1,1,4.608747342475682e-10
6548,2587240.0,1111320.0,1640.0,Saturated,,NotOutflow,6550,3,1,1.1640982825187252e-08
6549,2587320.0,1111320.0,1640.0,Saturated,,NotOutflow,6548,2,1,6.1775825106635576e-09
6550,2587240.0,1111400.0,1640.0,Saturated,,NotOutflow,6551,4,3,8.907076172945712e-08
6551,2587320.0,1111400.0,1640.0,Saturated,,NotOutflow,6553,1,1,8.907076172945712e-08
6552,2587240.0,1111480.0,1640.0,Saturated,,NotOutflow,6550,2,1,2.094151800559532e-08
6553,2587320.0,1111480.0,1640.0,Saturated,,NotOutflow,6558,1,2,6.222445938972654e-08
6554,2587400.0,1111480.0,1640.0,Unsaturated,,NotOutflow,5742,0,1,0.01
6555,2586680.0,1111560.0,1640.0,Unsaturated,,NotOutflow,5744,0,1,0.01
6556,2587160.0,1111560.0,1640.0,Unsaturated,,NotOutflow,5745,0,1,0.01
6557,2587240.0,1111560.0,1640.0,Saturated,,NotOutflow,6552,1,2,1.7257262718415637e-08
6558,2587320.0,1111560.0,1640.0,Saturated,,NotOutflow,6559,1,1,6.222445938972654e-08
6559,2587400.0,1111560.0,1640.0,Saturated,,NotOutflow,5748,1,2,3.1190914679315815e-08
6560,2586680.0,1111640.0,1640.0,Unsaturated,,NotOutflow,5750,1,1,0.01
6561,2586760.0,1111640.0,1640.0,Unsaturated,,NotOutflow,5751,1,1,0.01
6562,2587160.0,1111640.0,1640.0,Saturated,,NotOutflow,6563,1,1,3.440177961442928e-08
6563,2587240.0,1111640.0,1640.0,Saturated,,NotOutflow,6557,2,1,3.440177961442928e-08
6564,2587400.0,1111640.0,1640.0,Saturated,,NotOutflow,7235,2,2,3.552627673475319e-08
6565,2587480.0,1111640.0,1640.0,Saturated,,NotOutflow,6572,2,1,2.4309009059412528e-08
6566,2586760.0,1111720.0,1640.0,Saturated,,NotOutflow,-1,0,0,0.0
6567,2586840.0,1111720.0,1640.0,Unsaturated,,NotOutflow,5760,1,1,0.01
6568,2586920.0,1111720.0,1640.0,Unsaturated,,NotOutflow,5761,1,1,0.01
6569,2587160.0,1111720.0,1640.0,Saturated,,NotOutflow,6562,1,2,3.440177961442928e-08
6570,2587240.0,1111720.0,1640.0,Unsaturated,,NotOutflow,5763,0,1,0.01
6571,2587400.0,1111720.0,1640.0,Unsaturated,,NotOutflow,5764,0,1,0.01
6572,2587480.0,1111720.0,1640.0,Saturated,,NotOutflow,6580,2,1,5.929606492616222e-08
6573,2586360.0,1111800.0,1640.0,Unsaturated,,NotOutflow,5770,0,1,0.01
6574,2586440.0,1111800.0,1640.0,Unsaturated,,NotOutflow,5771,0,1,0.01
6575,2586840.0,1111800.0,1640.0,Saturated,,NotOutflow,6576,2,1,5.398663330733551e-11
6576,2586920.0,1111800.0,1640.0,Saturated,,NotOutflow,5774,4,3,1.547733595077653e-09
6577,2587000.0,1111800.0,1640.0,Saturated,,NotOutflow,6576,3,2,1.547733595077653e-09
6578,2587080.0,1111800.0,1640.0,Saturated,,NotOutflow,6577,2,1,1.547733595077653e-09
6579,2587160.0,1111800.0,1640.0,Saturated,,NotOutflow,6569,1,1,5.093253062785897e-08
6580,2587480.0,1111800.0,1640.0,Saturated,,NotOutflow,7249,2,2,4.4375065495219324e-08
6581,2587560.0,1111800.0,1640.0,Saturated,,NotOutflow,6594,1,2,1.1231101028838902e-08
6582,2586120.0,1111880.0,1640.0,Unsaturated,,NotOutflow,5781,0,1,0.01
6583,2586360.0,1111880.0,1640.0,Unsaturated,,NotOutflow,5784,0,1,0.01
6584,2586440.0,1111880.0,1640.0,Unsaturated,,NotOutflow,5785,1,1,0.01
6585,2586840.0,1111880.0,1640.0,Unsaturated,,NotOutflow,3142,1,1,0.01
6586,2586920.0,1111880.0,1640.0,Saturated,,NotOutflow,6602,2,2,7.241396111946513e-10
6587,2587000.0,1111880.0,1640.0,Saturated,,NotOutflow,6588,1,1,5.951303463180039e-11
6588,2587080.0,1111880.0,1640.0,Saturated,,NotOutflow,6589,3,3,2.2535286694193295e-08
6589,2587160.0,1111880.0,1640.0,Saturated,,NotOutflow,6579,4,2,5.093253062785897e-08
6590,2587240.0,1111880.0,1640.0,Saturated,,NotOutflow,6589,2,1,3.405555711464992e-10
6591,2587320.0,1111880.0,1640.0,Saturated,,NotOutflow,5792,2,2,3.40904373454929e-10
6592,2587400.0,1111880.0,1640.0,Saturated,,NotOutflow,6591,2,1,6.814599446014283e-10
6593,2587480.0,1111880.0,1640.0,Saturated,,NotOutflow,6592,2,1,6.814599446014283e-10
6594,2587560.0,1111880.0,1640.0,Saturated,,NotOutflow,6595,2,1,5.1628596243666936e-08
6595,2587640.0,1111880.0,1640.0,Saturated,,NotOutflow,6611,2,1,5.1628596243666936e-08
6596,2586120.0,1111960.0,1640.0,Unsaturated,,NotOutflow,5797,0,1,0.01
6597,2586200.0,1111960.0,1640.0,Unsaturated,,NotOutflow,5798,0,1,0.01
6598,2586280.0,1111960.0,1640.0,Unsaturated,,NotOutflow,5799,0,1,0.01
6599,2586360.0,1111960.0,1640.0,Unsaturated,,NotOutflow,5800,0,1,0.01
6600,2586440.0,1111960.0,1640.0,Unsaturated,,NotOutflow,5801,1,1,0.01
6601,2586520.0,1111960.0,1640.0,Saturated,,NotOutflow,5802,2,1,1.5616589648076363e-09
6602,2586920.0,1111960.0,1640.0,Saturated,,NotOutflow,6603,2,1,7.241396111946513e-10
6603,2587000.0,1111960.0,1640.0,Saturated,,NotOutflow,6625,1,1,7.241396111946513e-10
6604,2587080.0,1111960.0,1640.0,Saturated,,NotOutflow,6588,3,2,2.2535286694193295e-08
6605,2587160.0,1111960.0,1640.0,Unsaturated,,NotOutflow,5807,1,1,0.01
6606,2587240.0,1111960.0,1640.0,Unsaturated,,NotOutflow,5808,1,1,0.01
6607,2587320.0,1111960.0,1640.0,Unsaturated,,NotOutflow,5809,1,1,0.01
6608,2587400.0,1111960.0,1640.0,Unsaturated,,NotOutflow,5810,1,1,0.01
6609,2587480.0,1111960.0,1640.0,Saturated,,NotOutflow,6593,2,1,6.814599446014283e-10
6610,2587560.0,1111960.0,1640.0,Saturated,,NotOutflow,6609,2,1,6.814599446014283e-10
6611,2587640.0,1111960.0,1640.0,Saturated,,NotOutflow,6612,4,4,9.126068020646444e-08
6612,2587720.0,1111960.0,1640.0,Saturated,,NotOutflow,6632,3,3,9.126068020646444e-08
6613,2587800.0,1111960.0,1640.0,Saturated,,NotOutflow,6612,1,1,2.0069771267822305e-09
6614,2587880.0,1111960.0,1640.0,Unsaturated,,NotOutflow,5816,0,1,0.01
6615,2587960.0,1111960.0,1640.0,Unsaturated,,NotOutflow,5817,1,1,0.01
6616,2588040.0,1111960.0,1640.0,Unsaturated,,NotOutflow,-1,1,0,0.01
6617,2586040.0,1112040.0,1640.0,Unsaturated,,NotOutflow,5818,0,1,0.01
6618,2586120.0,1112040.0,1640.0,Unsaturated,,NotOutflow,5819,0,1,0.01
6619,2586200.0,1112040.0,1640.0,Saturated,,NotOutflow,5820,1,1,1.0165223704014855e-09
6620,2586280.0,1112040.0,1640.0,Unsaturated,,NotOutflow,5821,0,1,0.01
6621,2586360.0,1112040.0,1640.0,Unsaturated,,NotOutflow,5822,0,1,0.01
6622,2586440.0,1112040.0,1640.0,Unsaturated,,NotOutflow,5823,1,1,0.01
6623,2586520.0,1112040.0,1640.0,Saturated,Inlet,NotOutflow,6624,3,4,1.2382513574785599e-08
6624,2586600.0,1112040.0,1640.0,Saturated,,NotOutflow,6650,3,3,1.3414834734651421e-08
6625,2587000.0,1112040.0,1640.0,Saturated,,NotOutflow,6626,2,1,7.241396111946513e-10
6626,2587080.0,1112040.0,1640.0,Saturated,,NotOutflow,6604,4,2,1.4084773269308349e-08
6627,2587160.0,1112040.0,1640.0,Unsaturated,,NotOutflow,5829,1,1,0.01
6628,2587240.0,1112040.0,1640.0,Unsaturated,,NotOutflow,5830,0,1,0.01
6629,2587320.0,1112040.0,1640.0,Unsaturated,,NotOutflow,5831,0,1,0.01
6630,2587400.0,1112040.0,1640.0,Unsaturated,,NotOutflow,5832,0,1,0.01
6631,2587640.0,1112040.0,1640.0,Saturated,,NotOutflow,6632,1,1,2.5616518662029992e-08
6632,2587720.0,1112040.0,1640.0,Saturated,,NotOutflow,6660,2,2,1.0396341192211183e-07
6633,2587800.0,1112040.0,1640.0,Unsaturated,,NotOutflow,5835,1,1,0.01
6634,2587880.0,1112040.0,1640.0,Saturated,,NotOutflow,-1,0,0,0.0
6635,2587960.0,1112040.0,1640.0,Saturated,,NotOutflow,5837,3,2,1.143892737073427e-09
6636,2588040.0,1112040.0,1640.0,Saturated,,NotOutflow,6635,1,2,1.0429350967682605e-10
6637,2588120.0,1112040.0,1640.0,Unsaturated,,NotOutflow,5839,1,1,0.01
6638,2588200.0,1112040.0,1640.0,Unsaturated,,NotOutflow,5840,1,1,0.01
6639,2588280.0,1112040.0,1640.0,Unsaturated,,NotOutflow,5841,1,1,0.01
6640,2588360.0,1112040.0,1640.0,Unsaturated,,NotOutflow,5842,1,1,0.01
6641,2588440.0,1112040.0,1640.0,Unsaturated,,NotOutflow,5843,1,1,0.01
6642,2588520.0,1112040.0,1640.0,Unsaturated,,NotOutflow,5844,1,1,0.01
6643,2586040.0,1112120.0,1640.0,Unsaturated,,NotOutflow,5845,0,1,0.01
6644,2586120.0,1112120.0,1640.0,Saturated,,NotOutflow,6675,2,2,3.138930809273412e-09
6645,2586200.0,1112120.0,1640.0,Saturated,,NotOutflow,6619,2,1,1.0165223704014855e-09
6646,2586280.0,1112120.0,1640.0,Unsaturated,,NotOutflow,5848,0,1,0.01
6647,2586360.0,1112120.0,1640.0,Saturated,,NotOutflow,5849,1,1,2.9424089230531783e-10
6648,2586440.0,1112120.0,1640.0,Saturated,Inlet,NotOutflow,5850,1,1,3.4854737498295675e-08
6649,2586520.0,1112120.0,1640.0,Unsaturated,,NotOutflow,5851,0,1,0.01
6650,2586600.0,1112120.0,1640.0,Saturated,,NotOutflow,7305,4,3,1.3370403554390242e-08
6651,2586680.0,1112120.0,1640.0,Saturated,,NotOutflow,6682,2,2,1.043551861308431e-09
6652,2587000.0,1112120.0,1640.0,Unsaturated,,NotOutflow,5855,0,1,0.01
6653,2587080.0,1112120.0,1640.0,Saturated,,NotOutflow,6626,2,2,1.4084773269308349e-08
6654,2587160.0,1112120.0,1640.0,Saturated,,NotOutflow,6686,2,2,1.8062585591107657e-09
6655,2587320.0,1112120.0,1640.0,Unsaturated,,NotOutflow,-1,1,0,0.01
6656,2587400.0,1112120.0,1640.0,Saturated,,NotOutflow,7310,2,2,1.010556536736768e-07
6657,2587480.0,1112120.0,1640.0,Saturated,,NotOutflow,6656,4,3,1.0167487256010322e-07
6658,2587560.0,1112120.0,1640.0,Saturated,,NotOutflow,6657,2,2,4.409566971060511e-08
6659,2587640.0,1112120.0,1640.0,Saturated,,NotOutflow,6658,1,1,4.409566971060511e-08
6660,2587720.0,1112120.0,1640.0,Saturated,,NotOutflow,6661,1,2,9.126068020646444e-08
6661,2587800.0,1112120.0,1640.0,Saturated,,NotOutflow,6691,1,2,6.240530101540365e-08
6662,2588200.0,1112120.0,1640.0,Unsaturated,,NotOutflow,5864,1,1,0.01
6663,2588280.0,1112120.0,1640.0,Unsaturated,,NotOutflow,5865,1,1,0.01
6664,2588360.0,1112120.0,1640.0,Unsaturated,,NotOutflow,5866,1,1,0.01
6665,2588440.0,1112120.0,1640.0,Saturated,,NotOutflow,-1,0,0,0.0
6666,2588520.0,1112120.0,1640.0,Saturated,,NotOutflow,-1,0,0,0.0
6667,2588600.0,1112120.0,1640.0,Unsaturated,,NotOutflow,5869,1,1,0.01
6668,2588680.0,1112120.0,1640.0,Unsaturated,,NotOutflow,5870,1,1,0.01
6669,2588760.0,1112120.0,1640.0,Unsaturated,,NotOutflow,5871,1,1,0.01
6670,2588840.0,1112120.0,1640.0,Saturated,,NotOutflow,-1,0,0,0.0
6671,2588920.0,1112120.0,1640.0,Unsaturated,,NotOutflow,5873,1,1,0.01
6672,2589000.0,1112120.0,1640.0,Unsaturated,,NotOutflow,5874,1,1,0.01
6673,2589080.0,1112120.0,1640.0,Unsaturated,,NotOutflow,5875,1,1,0.01
6674,2586040.0,1112200.0,1640.0,Unsaturated,,NotOutflow,4137,1,1,0.01
6675,2586120.0,1112200.0,1640.0,Saturated,Inlet,NotOutflow,6676,4,2,5.242927774702166e-09
6676,2586200.0,1112200.0,1640.0,Saturated,Inlet,NotOutflow,6709,3,2,5.537832173511974e-09
6677,2586280.0,1112200.0,1640.0,Saturated,,NotOutflow,6678,2,1,2.9424089230531783e-10
6678,2586360.0,1112200.0,1640.0,Saturated,,NotOutflow,6679,3,2,6.1553519921607e-10
6679,2586440.0,1112200.0,1640.0,Saturated,,NotOutflow,6648,3,1,3.429086164120437e-08
6680,2586520.0,1112200.0,1640.0,Unsaturated,,NotOutflow,5881,0,1,0.01
6681,2586600.0,1112200.0,1640.0,Saturated,,NotOutflow,6650,3,2,8.164632982416161e-11
6682,2586680.0,1112200.0,1640.0,Saturated,,NotOutflow,7334,4,3,3.841707800865612e-09
6683,2586760.0,1112200.0,1640.0,Saturated,,NotOutflow,6682,1,1,2.1620767977523855e-09
6684,2587000.0,1112200.0,1640.0,Saturated,,NotOutflow,6685,1,2,1.4084773269308349e-08
6685,2587080.0,1112200.0,1640.0,Saturated,,NotOutflow,6653,1,1,1.4084773269308349e-08
6686,2587160.0,1112200.0,1640.0,Saturated,,NotOutflow,6719,1,1,1.8062585591107657e-09
6687,2587480.0,1112200.0,1640.0,Saturated,,NotOutflow,6688,1,1,1.4482283846627418e-08
6688,2587560.0,1112200.0,1640.0,Saturated,,NotOutflow,6689,2,1,3.7124673604596535e-08
6689,2587640.0,1112200.0,1640.0,Saturated,,NotOutflow,6659,3,2,4.409566971060511e-08
6690,2587720.0,1112200.0,1640.0,Saturated,,NotOutflow,6689,2,1,4.2808684353755596e-08
6691,2587800.0,1112200.0,1640.0,Saturated,,NotOutflow,5893,3,3,1.5064562993767756e-07
6692,2587880.0,1112200.0,1640.0,Saturated,,NotOutflow,5894,2,1,4.0877000178010594e-08
6693,2587960.0,1112200.0,1640.0,Saturated,,NotOutflow,6692,1,1,1.0432866507336697e-08
6694,2588040.0,1112200.0,1640.0,Unsaturated,,NotOutflow,5896,1,1,0.01
6695,2588760.0,1112200.0,1640.0,Unsaturated,,NotOutflow,5897,1,1,0.01
6696,2588840.0,1112200.0,1640.0,Unsaturated,,NotOutflow,5898,1,1,0.01
6697,2588920.0,1112200.0,1640.0,Unsaturated,,NotOutflow,5899,1,1,0.01
6698,2589000.0,1112200.0,1640.0,Saturated,,NotOutflow,-1,0,0,0.0
6699,2589080.0,1112200.0,1640.0,Unsaturated,,NotOutflow,5901,1,1,0.01
6700,2589160.0,1112200.0,1640.0,Unsaturated,,NotOutflow,5902,1,1,0.01
6701,2589240.0,1112200.0,1640.0,Unsaturated,,NotOutflow,5903,1,1,0.01
6702,2589320.0,1112200.0,1640.0,Saturated,,NotOutflow,-1,0,0,0.0
6703,2589400.0,1112200.0,1640.0,Unsaturated,,NotOutflow,5905,1,1,0.01
6704,2589480.0,1112200.0,1640.0,Unsaturated,,NotOutflow,5906,1,1,0.01
6705,2589560.0,1112200.0,1640.0,Unsaturated,,NotOutflow,5907,1,1,0.01
6706,2589640.0,1112200.0,1640.0,Unsaturated,,NotOutflow,5908,1,1,0.01
6707,2586040.0,1112280.0,1640.0,Unsaturated,,NotOutflow,-1,1,0,0.01
6708,2586120.0,1112280.0,1640.0,Saturated,,NotOutflow,6675,1,1,4.948024729457714e-10
6709,2586200.0,1112280.0,1640.0,Saturated,Inlet,NotOutflow,6710,4,3,5.120080497598887e-09
6710,2586280.0,1112280.0,1640.0,Saturated,,NotOutflow,6745,4,5,3.5825470705120932e-09
6711,2586360.0,1112280.0,1640.0,Saturated,,NotOutflow,6712,4,3,2.8214499785085577e-08
6712,2586440.0,1112280.0,1640.0,Saturated,Inlet,NotOutflow,6679,4,3,3.36753264419883e-08
6713,2586520.0,1112280.0,1640.0,Saturated,,NotOutflow,6712,1,1,5.801014750389186e-11
6714,2586680.0,1112280.0,1640.0,Unsaturated,,NotOutflow,5058,0,1,0.01
6715,2586760.0,1112280.0,1640.0,Saturated,,NotOutflow,7367,1,1,4.157161973509702e-10
6716,2586840.0,1112280.0,1640.0,Saturated,,NotOutflow,6715,1,1,4.157161973509702e-10
6717,2587000.0,1112280.0,1640.0,Saturated,,NotOutflow,6684,2,2,2.0858075463849692e-08
6718,2587080.0,1112280.0,1640.0,Unsaturated,,NotOutflow,5919,0,1,0.01
6719,2587160.0,1112280.0,1640.0,Saturated,,NotOutflow,6720,1,2,9.13615545235861e-10
6720,2587240.0,1112280.0,1640.0,Saturated,,NotOutflow,7370,2,2,1.004520866167065e-09
6721,2587560.0,1112280.0,1640.0,Unsaturated,,NotOutflow,-1,0,0,0.01
6722,2587640.0,1112280.0,1640.0,Saturated,,NotOutflow,7373,1,2,2.578052878688637e-08
6723,2587720.0,1112280.0,1640.0,Saturated,,NotOutflow,7374,2,2,3.8348127957440586e-08
6724,2587800.0,1112280.0,1640.0,Saturated,,NotOutflow,6691,1,1,3.3022145912605936e-08
6725,2587880.0,1112280.0,1640.0,Saturated,,NotOutflow,6724,1,2,3.3022145912605936e-08
6726,2587960.0,1112280.0,1640.0,Saturated,,NotOutflow,5926,1,1,4.060588263847485e-13
6727,2588040.0,1112280.0,1640.0,Saturated,,NotOutflow,6726,1,1,4.060588263847485e-13
6728,2588120.0,1112280.0,1640.0,Saturated,,NotOutflow,7379,2,3,1.9869038135710277e-09
6729,2588200.0,1112280.0,1640.0,Saturated,,NotOutflow,6728,2,1,1.8139193242027825e-10
6730,2588280.0,1112280.0,1640.0,Unsaturated,,NotOutflow,5930,1,1,0.01
6731,2589320.0,1112280.0,1640.0,Unsaturated,,NotOutflow,5931,1,1,0.01
6732,2589400.0,1112280.0,1640.0,Unsaturated,,NotOutflow,5932,1,1,0.01
6733,2589480.0,1112280.0,1640.0,Saturated,,NotOutflow,-1,0,0,0.0
6734,2589560.0,1112280.0,1640.0,Unsaturated,,NotOutflow,5934,1,1,0.01
6735,2589640.0,1112280.0,1640.0,Unsaturated,,NotOutflow,5935,1,1,0.01
6736,2589720.0,1112280.0,1640.0,Saturated,,NotOutflow,-1,0,0,0.0
6737,2589800.0,1112280.0,1640.0,Unsaturated,,NotOutflow,5937,1,1,0.01
6738,2589880.0,1112280.0,1640.0,Unsaturated,,NotOutflow,5938,0,1,0.01
6739,2589960.0,1112280.0,1640.0,Unsaturated,,NotOutflow,5939,0,1,0.01
6740,2590040.0,1112280.0,1640.0,Unsaturated,,NotOutflow,5940,0,1,0.01
6741,2590120.0,1112280.0,1640.0,Unsaturated,,NotOutflow,5941,0,1,0.01
6742,2586040.0,1112360.0,1640.0,Unsaturated,,NotOutflow,-1,0,0,0.01
6743,2586120.0,1112360.0,1640.0,Unsaturated,,NotOutflow,-1,0,0,0.01
6744,2586200.0,1112360.0,1640.0,Saturated,,NotOutflow,6709,1,1,6.295901071169562e-10
6745,2586280.0,1112360.0,1640.0,Saturated,Inlet,NotOutflow,7394,3,3,3.388381097599549e-09
6746,2586360.0,1112360.0,1640.0,Saturated,Inlet,NotOutflow,6711,6,5,2.8214499785085577e-08
6747,2586440.0,1112360.0,1640.0,Saturated,,NotOutflow,5944,3,3,3.9318724774047956e-10
6748,2586520.0,1112360.0,1640.0,Saturated,,NotOutflow,5945,3,3,1.3846003582802326e-10
6749,2586600.0,1112360.0,1640.0,Saturated,,NotOutflow,5946,2,3,1.1713342015532983e-10
6750,2586680.0,1112360.0,1640.0,Saturated,,NotOutflow,6780,1,2,3.5230421874948213e-11
6751,2586760.0,1112360.0,1640.0,Saturated,,NotOutflow,6752,1,1,9.626937347030215e-09
6752,2586840.0,1112360.0,1640.0,Saturated,,NotOutflow,6782,2,2,9.626937347030215e-09
6753,2586920.0,1112360.0,1640.0,Unsaturated,,NotOutflow,5950,1,1,0.01
6754,2587000.0,1112360.0,1640.0,Saturated,,NotOutflow,6717,3,3,2.0833603706982782e-08
6755,2587240.0,1112360.0,1640.0,Saturated,,NotOutflow,6756,2,1,9.381184222527384e-10
6756,2587320.0,1112360.0,1640.0,Saturated,,NotOutflow,6786,2,1,9.381184222527384e-10
6757,2587720.0,1112360.0,1640.0,Saturated,,NotOutflow,6758,1,2,1.5458301318263556e-08
6758,2587800.0,1112360.0,1640.0,Saturated,,NotOutflow,7409,1,1,1.5458301318263556e-08
6759,2587880.0,1112360.0,1640.0,Unsaturated,,NotOutflow,5956,0,1,0.01
6760,2587960.0,1112360.0,1640.0,Saturated,,NotOutflow,6790,2,1,2.1466556127476166e-12
6761,2588120.0,1112360.0,1640.0,Saturated,,NotOutflow,6728,1,1,1.8545773010318247e-09
6762,2588200.0,1112360.0,1640.0,Saturated,,NotOutflow,6761,4,2,1.8545773010318247e-09
6763,2588280.0,1112360.0,1640.0,Saturated,,NotOutflow,6762,1,1,6.410375148656063e-11
6764,2588360.0,1112360.0,1640.0,Saturated,,NotOutflow,6763,1,2,6.410375148656063e-11
6765,2588440.0,1112360.0,1640.0,Saturated,,NotOutflow,6764,1,1,9.814291815155636e-11
6766,2588520.0,1112360.0,1640.0,Saturated,,NotOutflow,5964,2,3,1.0059331552117089e-10
6767,2588600.0,1112360.0,1640.0,Unsaturated,,NotOutflow,5965,1,1,0.01
6768,2589800.0,1112360.0,1640.0,Unsaturated,,NotOutflow,5966,0,1,0.01
6769,2589880.0,1112360.0,1640.0,Unsaturated,,NotOutflow,5967,1,1,0.01
6770,2589960.0,1112360.0,1640.0,Unsaturated,,NotOutflow,5968,1,1,0.01
6771,2590040.0,1112360.0,1640.0,Saturated,,NotOutflow,-1,0,0,0.0
6772,2590120.0,1112360.0,1640.0,Unsaturated,,NotOutflow,5970,0,1,0.01
6773,2590200.0,1112360.0,1640.0,Unsaturated,,NotOutflow,5971,0,1,0.01
6774,2586200.0,1112440.0,1640.0,Unsaturated,,NotOutflow,-1,1,0,0.01
6775,2586280.0,1112440.0,1640.0,Saturated,,NotOutflow,6776,2,2,1.7102483742627156e-09
6776,2586360.0,1112440.0,1640.0,Saturated,,NotOutflow,6746,5,5,1.8948129277314696e-08
6777,2586440.0,1112440.0,1640.0,Saturated,,NotOutflow,6802,3,3,2.246194702882028e-09
6778,2586520.0,1112440.0,1640.0,Saturated,,NotOutflow,5975,3,2,1.1041028192390137e-10
6779,2586600.0,1112440.0,1640.0,Unsaturated,,NotOutflow,5976,0,1,0.01
6780,2586680.0,1112440.0,1640.0,Saturated,,NotOutflow,6781,2,3,2.4020768596626408e-11
6781,2586760.0,1112440.0,1640.0,Saturated,,NotOutflow,7429,3,4,2.4020768596626408e-11
6782,2586840.0,1112440.0,1640.0,Saturated,,NotOutflow,6806,2,2,1.0227471176513506e-08
6783,2586920.0,1112440.0,1640.0,Saturated,,NotOutflow,6784,3,3,2.0833603706982782e-08
6784,2587000.0,1112440.0,1640.0,Saturated,,NotOutflow,6754,3,3,2.0833603706982782e-08
6785,2587240.0,1112440.0,1640.0,Unsaturated,,NotOutflow,3325,0,1,0.01
6786,2587320.0,1112440.0,1640.0,Saturated,,NotOutflow,6810,1,2,7.126579658587044e-10
6787,2587400.0,1112440.0,1640.0,Unsaturated,,NotOutflow,5984,0,1,0.01
6788,2587800.0,1112440.0,1640.0,Unsaturated,,NotOutflow,5985,0,1,0.01
6789,2587880.0,1112440.0,1640.0,Unsaturated,,NotOutflow,5986,1,1,0.01
6790,2587960.0,1112440.0,1640.0,Saturated,,NotOutflow,7438,2,1,4.822728883922915e-12
6791,2588040.0,1112440.0,1640.0,Saturated,,NotOutflow,7439,2,2,1.523003609953638e-08
6792,2588200.0,1112440.0,1640.0,Saturated,,NotOutflow,6762,2,1,1.9637941453871657e-09
6793,2588280.0,1112440.0,1640.0,Saturated,,NotOutflow,6792,1,1,2.1130615250009028e-10
6794,2588440.0,1112440.0,1640.0,Unsaturated,,NotOutflow,5993,1,1,0.01
6795,2588520.0,1112440.0,1640.0,Saturated,,NotOutflow,6766,1,1,1.552440746131526e-10
6796,2588600.0,1112440.0,1640.0,Saturated,,NotOutflow,6795,1,3,1.552440746131526e-10
6797,2588680.0,1112440.0,1640.0,Saturated,,NotOutflow,6796,2,1,2.6206627848276064e-10
6798,2588760.0,1112440.0,1640.0,Saturated,,NotOutflow,6797,1,1,2.2938569123101857e-10
6799,2588840.0,1112440.0,1640.0,Saturated,,NotOutflow,6798,1,1,2.2938569123101857e-10
6800,2588920.0,1112440.0,1640.0,Unsaturated,,NotOutflow,5999,1,1,0.01
6801,2586360.0,1112520.0,1640.0,Saturated,,NotOutflow,6802,1,1,1.47606393390201e-11
6802,2586440.0,1112520.0,1640.0,Saturated,,NotOutflow,6803,3,2,2.2609553422210477e-09
6803,2586520.0,1112520.0,1640.0,Saturated,,NotOutflow,6827,2,1,2.2609553422210477e-09
6804,2586600.0,1112520.0,1640.0,Unsaturated,,NotOutflow,6003,0,1,0.01
6805,2586760.0,1112520.0,1640.0,Saturated,,NotOutflow,6781,3,2,3.1717633800119126e-11
6806,2586840.0,1112520.0,1640.0,Saturated,,NotOutflow,6807,5,2,1.0271872831225183e-08
6807,2586920.0,1112520.0,1640.0,Saturated,,NotOutflow,6830,5,5,3.7804785373622416e-08
6808,2587000.0,1112520.0,1640.0,Saturated,,NotOutflow,6008,1,2,6.481752242063605e-10
6809,2587080.0,1112520.0,1640.0,Unsaturated,,NotOutflow,6009,0,1,0.01
6810,2587320.0,1112520.0,1640.0,Saturated,,NotOutflow,6811,2,1,1.8377117936216223e-09
6811,2587400.0,1112520.0,1640.0,Saturated,,NotOutflow,6834,3,2,1.4737335873188346e-09
6812,2587880.0,1112520.0,1640.0,Saturated,,NotOutflow,7464,2,1,3.8910150613134325e-08
6813,2587960.0,1112520.0,1640.0,Saturated,,NotOutflow,6812,3,1,2.7268720713252558e-08
6814,2588040.0,1112520.0,1640.0,Saturated,,NotOutflow,6791,2,2,1.521932212120901e-08
6815,2588120.0,1112520.0,1640.0,Saturated,,NotOutflow,6814,2,1,1.7567946813004366e-08
6816,2588280.0,1112520.0,1640.0,Saturated,,NotOutflow,7469,1,2,4.4471131675209047e-10
6817,2588360.0,1112520.0,1640.0,Saturated,,NotOutflow,6816,3,1,6.560174692521808e-10
6818,2588760.0,1112520.0,1640.0,Unsaturated,,NotOutflow,6020,1,1,0.01
6819,2588840.0,1112520.0,1640.0,Saturated,,NotOutflow,6799,1,1,2.2938569123101857e-10
6820,2588920.0,1112520.0,1640.0,Saturated,,NotOutflow,6819,3,3,2.2938569123101857e-10
6821,2589000.0,1112520.0,1640.0,Saturated,,NotOutflow,6820,1,3,2.551333511557942e-10
6822,2589080.0,1112520.0,1640.0,Saturated,,NotOutflow,6821,2,1,5.028647734454274e-10
6823,2589160.0,1112520.0,1640.0,Saturated,,NotOutflow,6822,2,1,5.028647734454274e-10
6824,2589240.0,1112520.0,1640.0,Unsaturated,,NotOutflow,6026,1,1,0.01
6825,2586360.0,1112600.0,1640.0,Saturated,,NotOutflow,6027,2,2,1.1987345464972473e-09
6826,2586440.0,1112600.0,1640.0,Saturated,,NotOutflow,6827,2,1,1.8689224593759964e-09
6827,2586520.0,1112600.0,1640.0,Saturated,,NotOutflow,6850,3,3,4.543901530108991e-09
6828,2586600.0,1112600.0,1640.0,Saturated,,NotOutflow,6851,2,2,1.1037046375836343e-10
6829,2586680.0,1112600.0,1640.0,Unsaturated,,NotOutflow,6030,0,1,0.01
6830,2586920.0,1112600.0,1640.0,Saturated,Inlet,NotOutflow,6807,4,3,3.918540234675985e-08
6831,2587000.0,1112600.0,1640.0,Saturated,,NotOutflow,6830,3,4,9.366594871378798e-10
6832,2587080.0,1112600.0,1640.0,Saturated,,NotOutflow,6856,4,2,6.564450097940647e-09
6833,2587160.0,1112600.0,1640.0,Unsaturated,,NotOutflow,6035,1,1,0.01
6834,2587400.0,1112600.0,1640.0,Saturated,,NotOutflow,7490,2,4,1.0019216379966906e-09
6835,2587480.0,1112600.0,1640.0,Saturated,,NotOutflow,6860,1,1,4.934114451935966e-10
6836,2587960.0,1112600.0,1640.0,Saturated,,NotOutflow,6813,2,2,1.6793951492145264e-09
6837,2588040.0,1112600.0,1640.0,Unsaturated,,NotOutflow,6040,0,1,0.01
6838,2588120.0,1112600.0,1640.0,Saturated,,NotOutflow,6815,2,1,1.7567946813004366e-08
6839,2588200.0,1112600.0,1640.0,Unsaturated,,NotOutflow,6042,0,1,0.01
6840,2588360.0,1112600.0,1640.0,Saturated,,NotOutflow,6043,1,4,1.746288119165059e-14
6841,2588440.0,1112600.0,1640.0,Saturated,,NotOutflow,6840,4,2,5.211555845785571e-14
6842,2589080.0,1112600.0,1640.0,Unsaturated,,NotOutflow,6046,1,1,0.01
6843,2589160.0,1112600.0,1640.0,Saturated,,NotOutflow,6823,1,1,5.028647734454274e-10
6844,2589240.0,1112600.0,1640.0,Unsaturated,,NotOutflow,6048,0,1,0.01
6845,2589320.0,1112600.0,1640.0,Unsaturated,,NotOutflow,6049,0,1,0.01
6846,2589400.0,1112600.0,1640.0,Saturated,,NotOutflow,-1,0,0,0.0
6847,2589480.0,1112600.0,1640.0,Unsaturated,,NotOutflow,6051,1,1,0.01
6848,2586280.0,1112680.0,1640.0,Unsaturated,,NotOutflow,6052,1,1,0.01
6849,2586360.0,1112680.0,1640.0,Saturated,,NotOutflow,6825,1,2,3.873148195445044e-10
6850,2586520.0,1112680.0,1640.0,Saturated,Inlet,NotOutflow,6851,3,1,8.01800749191982e-09
6851,2586600.0,1112680.0,1640.0,Saturated,,NotOutflow,6852,3,3,7.340247480793132e-09
6852,2586680.0,1112680.0,1640.0,Saturated,,NotOutflow,6879,1,1,7.340247480793132e-09
6853,2586840.0,1112680.0,1640.0,Unsaturated,,NotOutflow,6057,0,1,0.01
6854,2586920.0,1112680.0,1640.0,Saturated,,NotOutflow,7513,2,2,1.2973257714009035e-09
6855,2587000.0,1112680.0,1640.0,Saturated,,NotOutflow,6831,1,2,1.8429179581319802e-09
6856,2587080.0,1112680.0,1640.0,Saturated,,NotOutflow,6857,4,3,7.044554898526431e-09
6857,2587160.0,1112680.0,1640.0,Saturated,,NotOutflow,6858,1,2,7.608423971504293e-09
6858,2587240.0,1112680.0,1640.0,Saturated,,NotOutflow,6062,3,3,9.729909909542607e-09
6859,2587400.0,1112680.0,1640.0,Unsaturated,,NotOutflow,6064,0,1,0.01
6860,2587480.0,1112680.0,1640.0,Saturated,,NotOutflow,6889,1,1,4.934114451935966e-10
6861,2587640.0,1112680.0,1640.0,Unsaturated,,NotOutflow,3422,1,1,0.01
6862,2587960.0,1112680.0,1640.0,Saturated,,NotOutflow,6836,1,1,2.000067868229667e-09
6863,2588040.0,1112680.0,1640.0,Saturated,,NotOutflow,6862,2,2,2.000067868229667e-09
6864,2588120.0,1112680.0,1640.0,Saturated,,NotOutflow,6838,1,1,1.7562787265965948e-08
6865,2588200.0,1112680.0,1640.0,Saturated,,NotOutflow,6864,2,1,1.7562787265965948e-08
6866,2588440.0,1112680.0,1640.0,Saturated,,NotOutflow,6841,1,2,1.9163269878635803e-14
6867,2588520.0,1112680.0,1640.0,Saturated,,NotOutflow,6866,3,1,3.470025719344394e-14
6868,2589320.0,1112680.0,1640.0,Unsaturated,,NotOutflow,6075,1,1,0.01
6869,2589400.0,1112680.0,1640.0,Unsaturated,,NotOutflow,6076,1,1,0.01
6870,2589480.0,1112680.0,1640.0,Saturated,,NotOutflow,-1,0,0,0.0
6871,2589560.0,1112680.0,1640.0,Unsaturated,,NotOutflow,6078,1,1,0.01
6872,2589640.0,1112680.0,1640.0,Unsaturated,,NotOutflow,6079,1,1,0.01
6873,2589720.0,1112680.0,1640.0,Unsaturated,,NotOutflow,6080,1,1,0.01
6874,2589800.0,1112680.0,1640.0,Unsaturated,,NotOutflow,6081,1,1,0.01
6875,2586280.0,1112760.0,1640.0,Unsaturated,,NotOutflow,6082,1,1,0.01
6876,2586360.0,1112760.0,1640.0,Saturated,,NotOutflow,7539,1,2,1.556539725479925e-09
6877,2586520.0,1112760.0,1640.0,Unsaturated,,NotOutflow,-1,0,0,0.01
6878,2586600.0,1112760.0,1640.0,Saturated,,NotOutflow,6879,2,1,7.036129180288141e-10
6879,2586680.0,1112760.0,1640.0,Saturated,,NotOutflow,6084,3,2,6.70996949554465e-09
6880,2586760.0,1112760.0,1640.0,Unsaturated,,NotOutflow,6085,0,1,0.01
6881,2586840.0,1112760.0,1640.0,Saturated,,NotOutflow,6882,1,2,1.2973257714009035e-09
6882,2586920.0,1112760.0,1640.0,Saturated,,NotOutflow,6854,1,1,1.2973257714009035e-09
6883,2587000.0,1112760.0,1640.0,Unsaturated,,NotOutflow,4361,0,1,0.01
6884,2587080.0,1112760.0,1640.0,Saturated,,NotOutflow,6856,1,1,1.9292704424186867e-09
6885,2587160.0,1112760.0,1640.0,Saturated,,NotOutflow,6886,1,1,3.774084585979552e-10
6886,2587240.0,1112760.0,1640.0,Saturated,,NotOutflow,6858,3,2,1.1807326284085134e-09
6887,2587320.0,1112760.0,1640.0,Saturated,,NotOutflow,6888,2,1,8.620276180447057e-11
6888,2587400.0,1112760.0,1640.0,Saturated,,NotOutflow,7551,1,1,8.620276180447057e-11
6889,2587480.0,1112760.0,1640.0,Saturated,,NotOutflow,6890,2,1,5.33411676012295e-10
6890,2587560.0,1112760.0,1640.0,Saturated,,NotOutflow,7553,4,2,1.1637267852218537e-08
6891,2588040.0,1112760.0,1640.0,Saturated,,NotOutflow,6863,1,1,2.758571124565322e-09
6892,2588120.0,1112760.0,1640.0,Saturated,,NotOutflow,6891,1,1,2.758571124565322e-09
6893,2588200.0,1112760.0,1640.0,Saturated,,NotOutflow,6865,2,2,8.900100427894971e-09
6894,2588280.0,1112760.0,1640.0,Saturated,,NotOutflow,6893,2,1,1.1563981019484054e-09
6895,2588440.0,1112760.0,1640.0,Unsaturated,,NotOutflow,4373,0,1,0.01
6896,2588520.0,1112760.0,1640.0,Saturated,,NotOutflow,6867,3,1,2.6813790642300297e-14
6897,2588600.0,1112760.0,1640.0,Saturated,,NotOutflow,6896,1,1,8.722859231024477e-15
6898,2589640.0,1112760.0,1640.0,Unsaturated,,NotOutflow,6103,1,1,0.01
6899,2589720.0,1112760.0,1640.0,Unsaturated,,NotOutflow,6104,0,1,0.01
6900,2589800.0,1112760.0,1640.0,Saturated,,NotOutflow,-1,0,0,0.0
6901,2589880.0,1112760.0,1640.0,Saturated,,NotOutflow,-1,0,0,0.0
6902,2589960.0,1112760.0,1640.0,Saturated,,NotOutflow,-1,0,0,0.0
6903,2586280.0,1112840.0,1640.0,Saturated,,NotOutflow,6904,1,1,1.2549063053279727e-09
6904,2586360.0,1112840.0,1640.0,Saturated,,NotOutflow,6876,2,1,2.314047685751086e-09
6905,2586600.0,1112840.0,1640.0,Saturated,,NotOutflow,6878,2,2,2.5742912704266166e-10
6906,2586680.0,1112840.0,1640.0,Saturated,,NotOutflow,6907,1,3,1.333890903277296e-09
6907,2586760.0,1112840.0,1640.0,Saturated,,NotOutflow,6930,3,2,1.3608567665265942e-09
6908,2586840.0,1112840.0,1640.0,Saturated,,NotOutflow,6881,2,2,1.4560065249998908e-09
6909,2586920.0,1112840.0,1640.0,Unsaturated,,NotOutflow,6114,0,1,0.01
6910,2587080.0,1112840.0,1640.0,Saturated,,NotOutflow,6884,1,2,1.9292704424186867e-09
6911,2587160.0,1112840.0,1640.0,Saturated,,NotOutflow,6910,3,1,2.8715003574390552e-09
6912,2587240.0,1112840.0,1640.0,Saturated,,NotOutflow,6886,1,1,8.033241698105584e-10
6913,2587320.0,1112840.0,1640.0,Saturated,,NotOutflow,6912,2,1,8.033241698105584e-10
6914,2587400.0,1112840.0,1640.0,Saturated,,NotOutflow,6118,2,1,1.1297048358402268e-09
6915,2587480.0,1112840.0,1640.0,Saturated,,NotOutflow,6914,1,1,1.85638156355097e-10
6916,2587560.0,1112840.0,1640.0,Saturated,,NotOutflow,6937,3,3,1.8027968392759767e-09
6917,2587640.0,1112840.0,1640.0,Saturated,,NotOutflow,6938,1,1,1.635065784288508e-09
6918,2587720.0,1112840.0,1640.0,Unsaturated,,NotOutflow,6122,1,1,0.01
6919,2588120.0,1112840.0,1640.0,Saturated,,NotOutflow,7581,1,2,4.474925374709584e-09
6920,2588200.0,1112840.0,1640.0,Saturated,,NotOutflow,6919,3,2,7.2334964992749055e-09
6921,2588280.0,1112840.0,1640.0,Saturated,,NotOutflow,6894,2,2,1.1352307901290108e-09
6922,2588360.0,1112840.0,1640.0,Saturated,,NotOutflow,6921,2,1,1.1352307901290108e-09
6923,2588520.0,1112840.0,1640.0,Unsaturated,,NotOutflow,4399,0,1,0.01
6924,2588600.0,1112840.0,1640.0,Saturated,,NotOutflow,6945,2,4,1.5169106612634964e-14
6925,2588680.0,1112840.0,1640.0,Saturated,,NotOutflow,6946,2,2,5.915189089776732e-15
6926,2586280.0,1112920.0,1640.0,Saturated,,NotOutflow,6903,2,2,1.2549063053279727e-09
6927,2586360.0,1112920.0,1640.0,Unsaturated,,NotOutflow,6133,1,1,0.01
6928,2586600.0,1112920.0,1640.0,Saturated,,NotOutflow,6950,2,2,1.262683236405595e-10
6929,2586680.0,1112920.0,1640.0,Saturated,,NotOutflow,6928,2,1,1.262683236405595e-10
6930,2586760.0,1112920.0,1640.0,Saturated,,NotOutflow,6931,2,3,9.352835038112241e-10
6931,2586840.0,1112920.0,1640.0,Saturated,Inlet,NotOutflow,6136,4,3,2.3083836810737583e-09
6932,2587160.0,1112920.0,1640.0,Saturated,,NotOutflow,6911,2,1,1.889048376827973e-09
6933,2587240.0,1112920.0,1640.0,Saturated,,NotOutflow,6932,1,1,1.6133691672570588e-09
6934,2587320.0,1112920.0,1640.0,Saturated,,NotOutflow,6957,2,3,3.030144935588014e-07
6935,2587400.0,1112920.0,1640.0,Saturated,,NotOutflow,7597,1,2,4.313496326028506e-09
6936,2587480.0,1112920.0,1640.0,Unsaturated,,NotOutflow,6142,0,1,0.01
6937,2587560.0,1112920.0,1640.0,Saturated,,NotOutflow,6938,2,1,3.2568424656601727e-09
6938,2587640.0,1112920.0,1640.0,Saturated,,NotOutflow,6939,3,3,3.3081479318127718e-09
6939,2587720.0,1112920.0,1640.0,Saturated,,NotOutflow,6145,1,2,2.8932309903768966e-09
6940,2587800.0,1112920.0,1640.0,Unsaturated,,NotOutflow,6146,0,1,0.01
6941,2588200.0,1112920.0,1640.0,Saturated,,NotOutflow,6920,2,1,6.2227678513050645e-09
6942,2588280.0,1112920.0,1640.0,Saturated,,NotOutflow,6941,2,2,5.4111852217773105e-09
6943,2588360.0,1112920.0,1640.0,Saturated,,NotOutflow,6922,2,3,1.1352307901290108e-09
6944,2588440.0,1112920.0,1640.0,Saturated,,NotOutflow,6943,2,1,2.1709164776995456e-11
6945,2588600.0,1112920.0,1640.0,Saturated,,NotOutflow,6946,1,2,8.895372464244937e-15
6946,2588680.0,1112920.0,1640.0,Saturated,,NotOutflow,6970,3,3,1.007152812912593e-14
6947,2588760.0,1112920.0,1640.0,Unsaturated,,NotOutflow,6153,0,1,0.01
6948,2586280.0,1113000.0,1640.0,Saturated,,NotOutflow,6154,1,2,3.292745853841764e-09
6949,2586360.0,1113000.0,1640.0,Unsaturated,,NotOutflow,6155,0,1,0.01
6950,2586600.0,1113000.0,1640.0,Saturated,Inlet,NotOutflow,6951,2,2,2.203170077742047e-09
6951,2586680.0,1113000.0,1640.0,Saturated,,NotOutflow,6974,1,1,2.203170077742047e-09
6952,2586760.0,1113000.0,1640.0,Unsaturated,,NotOutflow,6157,1,1,0.01
6953,2586840.0,1113000.0,1640.0,Saturated,,NotOutflow,6931,1,1,1.5770680020090013e-10
6954,2586920.0,1113000.0,1640.0,Unsaturated,,NotOutflow,6159,1,1,0.01
6955,2587160.0,1113000.0,1640.0,Saturated,,NotOutflow,6932,1,1,2.756792095709145e-10
6956,2587240.0,1113000.0,1640.0,Saturated,,NotOutflow,6981,4,4,3.030144935588014e-07
6957,2587320.0,1113000.0,1640.0,Saturated,,NotOutflow,6956,2,2,3.030144935588014e-07
6958,2587400.0,1113000.0,1640.0,Saturated,,NotOutflow,6141,1,1,4.630252424161635e-10
6959,2587480.0,1113000.0,1640.0,Saturated,,NotOutflow,6958,2,1,4.630252424161635e-10
6960,2587560.0,1113000.0,1640.0,Unsaturated,,NotOutflow,6164,0,1,0.01
6961,2587640.0,1113000.0,1640.0,Saturated,,NotOutflow,6962,2,2,1.5866466561536026e-10
6962,2587720.0,1113000.0,1640.0,Saturated,,NotOutflow,6986,4,3,1.6799046642239604e-09
6963,2587800.0,1113000.0,1640.0,Saturated,,NotOutflow,7623,1,2,6.568766856927087e-10
6964,2587880.0,1113000.0,1640.0,Saturated,,NotOutflow,7624,2,1,1.6444889684501536e-09
6965,2587960.0,1113000.0,1640.0,Unsaturated,,NotOutflow,6169,1,1,0.01
6966,2588280.0,1113000.0,1640.0,Saturated,,NotOutflow,7627,2,2,6.88397952084854e-09
6967,2588360.0,1113000.0,1640.0,Saturated,,NotOutflow,6943,1,1,2.22827080225468e-09
6968,2588440.0,1113000.0,1640.0,Saturated,,NotOutflow,6967,4,5,2.22827080225468e-09
6969,2588520.0,1113000.0,1640.0,Saturated,,NotOutflow,6968,1,1,4.9394944291143806e-18
6970,2588680.0,1113000.0,1640.0,Saturated,,NotOutflow,6971,1,1,1.007152812912593e-14
6971,2588760.0,1113000.0,1640.0,Saturated,,NotOutflow,6996,2,2,1.0550371893579861e-14
6972,2586280.0,1113080.0,1640.0,Saturated,,NotOutflow,-1,0,0,0.0
6973,2586600.0,1113080.0,1640.0,Saturated,,NotOutflow,6974,2,1,3.2493473537319094e-10
6974,2586680.0,1113080.0,1640.0,Saturated,,NotOutflow,6975,3,2,1.8275177025262847e-09
6975,2586760.0,1113080.0,1640.0,Saturated,,NotOutflow,7000,2,2,1.0727932165435802e-09
6976,2586840.0,1113080.0,1640.0,Unsaturated,,NotOutflow,6180,0,1,0.01
6977,2586920.0,1113080.0,1640.0,Unsaturated,,NotOutflow,6181,1,1,0.01
6978,2587000.0,1113080.0,1640.0,Unsaturated,,NotOutflow,6182,0,1,0.01
6979,2587080.0,1113080.0,1640.0,Unsaturated,,NotOutflow,6183,0,1,0.01
6980,2587160.0,1113080.0,1640.0,Saturated,,NotOutflow,7004,1,1,3.030144935588014e-07
6981,2587240.0,1113080.0,1640.0,Saturated,,NotOutflow,6980,4,2,3.030144935588014e-07
6982,2587320.0,1113080.0,1640.0,Saturated,,NotOutflow,6981,2,2,1.1190182123160722e-09
6983,2587480.0,1113080.0,1640.0,Saturated,,NotOutflow,6959,1,1,4.630252424161635e-10
6984,2587560.0,1113080.0,1640.0,Saturated,,NotOutflow,6188,1,1,2.7800274696362555e-10
6985,2587640.0,1113080.0,1640.0,Unsaturated,,NotOutflow,6189,0,1,0.01
6986,2587720.0,1113080.0,1640.0,Saturated,,NotOutflow,6987,2,3,1.5212399986086001e-09
6987,2587800.0,1113080.0,1640.0,Saturated,,NotOutflow,7011,1,1,1.5212399986086001e-09
6988,2587880.0,1113080.0,1640.0,Saturated,,NotOutflow,6964,2,2,1.124883092784074e-09
6989,2587960.0,1113080.0,1640.0,Saturated,,NotOutflow,7643,2,2,4.868454744730639e-09
6990,2588040.0,1113080.0,1640.0,Unsaturated,,NotOutflow,6194,0,1,0.01
6991,2588280.0,1113080.0,1640.0,Saturated,,NotOutflow,6966,1,1,9.464366294137641e-09
6992,2588360.0,1113080.0,1640.0,Saturated,,NotOutflow,6991,2,2,9.464366294137641e-09
6993,2588440.0,1113080.0,1640.0,Saturated,,NotOutflow,6968,2,3,3.540438220898473e-09
6994,2588520.0,1113080.0,1640.0,Saturated,,NotOutflow,6993,4,4,4.566264455139723e-09
6995,2588600.0,1113080.0,1640.0,Saturated,,NotOutflow,6994,3,1,3.402494732992282e-09
6996,2588760.0,1113080.0,1640.0,Saturated,,NotOutflow,6997,1,2,7.370849636894775e-15
6997,2588840.0,1113080.0,1640.0,Saturated,,NotOutflow,7023,1,2,3.720097494286747e-15
6998,2586280.0,1113160.0,1640.0,Unsaturated,,NotOutflow,6203,0,1,0.01
6999,2586680.0,1113160.0,1640.0,Saturated,,NotOutflow,7000,1,1,7.005871105889534e-10
7000,2586760.0,1113160.0,1640.0,Saturated,,NotOutflow,6204,4,1,7.561419038914663e-09
7001,2586840.0,1113160.0,1640.0,Unsaturated,,NotOutflow,6205,0,1,0.01
7002,2587000.0,1113160.0,1640.0,Unsaturated,,NotOutflow,6207,1,1,0.01
7003,2587080.0,1113160.0,1640.0,Saturated,,NotOutflow,6208,1,1,3.030144935588014e-07
7004,2587160.0,1113160.0,1640.0,Saturated,,NotOutflow,7003,1,1,3.030144935588014e-07
7005,2587320.0,1113160.0,1640.0,Saturated,,NotOutflow,6982,2,1,1.127751714182606e-09
7006,2587400.0,1113160.0,1640.0,Saturated,,NotOutflow,7005,1,1,1.127751714182606e-09
7007,2587480.0,1113160.0,1640.0,Unsaturated,,NotOutflow,6212,0,1,0.01
7008,2587560.0,1113160.0,1640.0,Saturated,,NotOutflow,6984,1,1,2.7800274696362555e-10
7009,2587640.0,1113160.0,1640.0,Saturated,,NotOutflow,7008,2,2,2.7800274696362555e-10
7010,2587720.0,1113160.0,1640.0,Saturated,,NotOutflow,7658,1,1,1.5866466561536026e-10
7011,2587800.0,1113160.0,1640.0,Saturated,,NotOutflow,7012,2,2,3.3450943161064516e-09
7012,2587880.0,1113160.0,1640.0,Saturated,,NotOutflow,6216,1,1,3.3450943161064516e-09
7013,2587960.0,1113160.0,1640.0,Unsaturated,,NotOutflow,6217,0,1,0.01
7014,2588040.0,1113160.0,1640.0,Saturated,,NotOutflow,7661,1,1,3.894283384023863e-09
7015,2588120.0,1113160.0,1640.0,Saturated,,NotOutflow,7039,1,1,2.794972029570581e-09
7016,2588200.0,1113160.0,1640.0,Unsaturated,,NotOutflow,6220,0,1,0.01
7017,2588360.0,1113160.0,1640.0,Saturated,,NotOutflow,6992,3,2,1.2315902431044854e-08
7018,2588440.0,1113160.0,1640.0,Saturated,,NotOutflow,7017,1,1,1.896693800777444e-09
7019,2588520.0,1113160.0,1640.0,Unsaturated,,NotOutflow,1656,0,1,0.01
7020,2588600.0,1113160.0,1640.0,Saturated,,NotOutflow,6995,1,1,3.4024947169310485e-09
7021,2588680.0,1113160.0,1640.0,Saturated,,NotOutflow,7020,3,2,3.4024947169310485e-09
7022,2588760.0,1113160.0,1640.0,Saturated,,NotOutflow,7021,1,1,1.064589633397382e-09
7023,2588840.0,1113160.0,1640.0,Saturated,,NotOutflow,7670,2,2,6.356015923034197e-15
7024,2588920.0,1113160.0,1640.0,Saturated,,NotOutflow,7048,2,1,4.285668479922333e-15
7025,2586760.0,1113240.0,1640.0,Saturated,,NotOutflow,7000,1,1,4.443686766619441e-10
7026,2586840.0,1113240.0,1640.0,Unsaturated,,NotOutflow,6231,0,1,0.01
7027,2587000.0,1113240.0,1640.0,Unsaturated,,NotOutflow,6233,0,1,0.01
7028,2587080.0,1113240.0,1640.0,Unsaturated,,NotOutflow,6234,0,1,0.01
7029,2587160.0,1113240.0,1640.0,Unsaturated,,NotOutflow,6235,0,1,0.01
7030,2587320.0,1113240.0,1640.0,Unsaturated,,NotOutflow,5384,0,1,0.01
7031,2587400.0,1113240.0,1640.0,Saturated,,NotOutflow,7006,2,1,1.127751714182606e-09
7032,2587480.0,1113240.0,1640.0,Saturated,,NotOutflow,7031,1,1,1.127751714182606e-09
7033,2587560.0,1113240.0,1640.0,Unsaturated,,NotOutflow,6239,0,1,0.01
7034,2587640.0,1113240.0,1640.0,Saturated,Inlet,NotOutflow,7674,3,3,6.796492019245617e-10
7035,2587720.0,1113240.0,1640.0,Saturated,Inlet,NotOutflow,6241,3,2,1.3373707585189337e-09
7036,2587800.0,1113240.0,1640.0,Unsaturated,,NotOutflow,6242,0,1,0.01
7037,2587880.0,1113240.0,1640.0,Unsaturated,,NotOutflow,6243,0,1,0.01
7038,2587960.0,1113240.0,1640.0,Unsaturated,,NotOutflow,6244,0,1,0.01
7039,2588120.0,1113240.0,1640.0,Saturated,,NotOutflow,7040,1,1,2.794972029570581e-09
7040,2588200.0,1113240.0,1640.0,Saturated,,NotOutflow,7679,1,1,2.794972029570581e-09
7041,2588280.0,1113240.0,1640.0,Saturated,,NotOutflow,7064,1,1,4.8792300254835124e-08
7042,2588360.0,1113240.0,1640.0,Unsaturated,,NotOutflow,6249,0,1,0.01
7043,2588440.0,1113240.0,1640.0,Saturated,,NotOutflow,7018,1,1,1.896693800777444e-09
7044,2588520.0,1113240.0,1640.0,Unsaturated,,NotOutflow,2664,0,1,0.01
7045,2588680.0,1113240.0,1640.0,Saturated,,NotOutflow,7046,1,1,2.999894375347704e-10
7046,2588760.0,1113240.0,1640.0,Saturated,,NotOutflow,7685,3,2,2.172660153494442e-09
7047,2588840.0,1113240.0,1640.0,Saturated,,NotOutflow,7046,3,2,2.9372603484656875e-09
7048,2588920.0,1113240.0,1640.0,Saturated,,NotOutflow,7049,4,3,3.4403645783927827e-09
7049,2589000.0,1113240.0,1640.0,Saturated,,NotOutflow,7070,3,1,3.44036515058179e-09
7050,2586840.0,1113320.0,1640.0,Unsaturated,,NotOutflow,6258,0,1,0.01
7051,2587160.0,1113320.0,1640.0,Unsaturated,,NotOutflow,6260,0,1,0.01
7052,2587240.0,1113320.0,1640.0,Unsaturated,,NotOutflow,6261,0,1,0.01
7053,2587400.0,1113320.0,1640.0,Unsaturated,,NotOutflow,6263,0,1,0.01
7054,2587480.0,1113320.0,1640.0,Saturated,,NotOutflow,7032,2,1,1.127751714182606e-09
7055,2587560.0,1113320.0,1640.0,Saturated,,NotOutflow,7054,1,1,2.520709304448198e-10
7056,2587640.0,1113320.0,1640.0,Saturated,,NotOutflow,7034,2,1,3.662364040728082e-10
7057,2587720.0,1113320.0,1640.0,Saturated,Inlet,NotOutflow,7035,2,2,5.43935161939704e-10
7058,2587800.0,1113320.0,1640.0,Saturated,,NotOutflow,7057,1,1,3.4629570892120924e-10
7059,2587880.0,1113320.0,1640.0,Saturated,,NotOutflow,7691,1,1,5.841789784407258e-10
7060,2587960.0,1113320.0,1640.0,Saturated,,NotOutflow,7059,3,2,5.841789784407258e-10
7061,2588040.0,1113320.0,1640.0,Saturated,,NotOutflow,7081,1,2,2.0840316471253347e-10
7062,2588120.0,1113320.0,1640.0,Unsaturated,,NotOutflow,6272,0,1,0.01
7063,2588200.0,1113320.0,1640.0,Unsaturated,,NotOutflow,6273,1,1,0.01
7064,2588280.0,1113320.0,1640.0,Saturated,,NotOutflow,7065,2,1,4.8792300254835124e-08
7065,2588360.0,1113320.0,1640.0,Saturated,,NotOutflow,6275,1,1,4.8792300254835124e-08
7066,2588440.0,1113320.0,1640.0,Saturated,,NotOutflow,7043,1,1,1.896693800777444e-09
7067,2588520.0,1113320.0,1640.0,Saturated,,NotOutflow,7066,1,1,1.896693800777444e-09
7068,2588840.0,1113320.0,1640.0,Saturated,,NotOutflow,7047,1,1,2.706388233218883e-09
7069,2588920.0,1113320.0,1640.0,Saturated,,NotOutflow,7048,2,4,2.9372603472339493e-09
7070,2589000.0,1113320.0,1640.0,Saturated,,NotOutflow,7069,4,3,6.178102306168683e-09
7071,2589080.0,1113320.0,1640.0,Saturated,,NotOutflow,7089,1,1,2.4707350685720396e-09
7072,2587240.0,1113400.0,1640.0,Unsaturated,,NotOutflow,6286,0,1,0.01
7073,2587320.0,1113400.0,1640.0,Unsaturated,,NotOutflow,6287,0,1,0.01
7074,2587480.0,1113400.0,1640.0,Saturated,,NotOutflow,7054,1,1,3.1180492664648307e-10
7075,2587560.0,1113400.0,1640.0,Saturated,,NotOutflow,7074,0,2,3.1180492664648307e-10
7076,2587640.0,1113400.0,1640.0,Unsaturated,,NotOutflow,6291,0,1,0.01
7077,2587720.0,1113400.0,1640.0,Unsaturated,,NotOutflow,6292,0,1,0.01
7078,2587800.0,1113400.0,1640.0,Saturated,,NotOutflow,7058,1,1,3.4629570892120924e-10
7079,2587880.0,1113400.0,1640.0,Saturated,Inlet,NotOutflow,7078,2,3,3.4629570892120924e-10
7080,2587960.0,1113400.0,1640.0,Saturated,,NotOutflow,7060,2,2,1.09698803516412e-09
7081,2588040.0,1113400.0,1640.0,Saturated,Inlet,NotOutflow,7080,1,2,1.09698803516412e-09
7082,2588120.0,1113400.0,1640.0,Unsaturated,,NotOutflow,6297,0,1,0.01
7083,2588200.0,1113400.0,1640.0,Unsaturated,,NotOutflow,6298,0,1,0.01
7084,2588440.0,1113400.0,1640.0,Unsaturated,,NotOutflow,6301,1,1,0.01
7085,2588520.0,1113400.0,1640.0,Saturated,,NotOutflow,7703,1,2,2.3457506179412284e-08
7086,2588600.0,1113400.0,1640.0,Unsaturated,,NotOutflow,6303,1,1,0.01
7087,2588680.0,1113400.0,1640.0,Unsaturated,,NotOutflow,6304,1,1,0.01
7088,2589000.0,1113400.0,1640.0,Saturated,,NotOutflow,7070,2,1,5.028996946789273e-09
7089,2589080.0,1113400.0,1640.0,Saturated,,NotOutflow,7088,1,2,2.2912604214783786e-09
7090,2589160.0,1113400.0,1640.0,Unsaturated,,NotOutflow,6306,1,1,0.01
7091,2589240.0,1113400.0,1640.0,Unsaturated,,NotOutflow,6307,0,1,0.01
7092,2587400.0,1113480.0,1640.0,Unsaturated,,NotOutflow,6313,0,1,0.01
7093,2587640.0,1113480.0,1640.0,Unsaturated,,NotOutflow,5466,0,1,0.01
7094,2587720.0,1113480.0,1640.0,Unsaturated,,NotOutflow,6316,0,1,0.01
7095,2587800.0,1113480.0,1640.0,Unsaturated,,NotOutflow,6317,0,1,0.01
7096,2587880.0,1113480.0,1640.0,Saturated,,NotOutflow,7097,2,2,3.3502430204251663e-10
7097,2587960.0,1113480.0,1640.0,Saturated,Inlet,NotOutflow,7098,2,4,7.873170610215595e-10
7098,2588040.0,1113480.0,1640.0,Saturated,,NotOutflow,6320,1,1,7.873170610215595e-10
7099,2588120.0,1113480.0,1640.0,Saturated,,NotOutflow,-1,0,0,0.0
7100,2588200.0,1113480.0,1640.0,Saturated,,NotOutflow,-1,0,0,0.0
7101,2588280.0,1113480.0,1640.0,Unsaturated,,NotOutflow,6323,0,1,0.01
7102,2588600.0,1113480.0,1640.0,Unsaturated,,NotOutflow,6326,1,1,0.01
7103,2588680.0,1113480.0,1640.0,Unsaturated,,NotOutflow,6327,1,1,0.01
7104,2588760.0,1113480.0,1640.0,Unsaturated,,NotOutflow,6328,1,1,0.01
7105,2588840.0,1113480.0,1640.0,Unsaturated,,NotOutflow,6329,1,1,0.01
7106,2589080.0,1113480.0,1640.0,Unsaturated,,NotOutflow,1760,1,1,0.01
7107,2589160.0,1113480.0,1640.0,Saturated,,NotOutflow,-1,0,0,0.0
7108,2589240.0,1113480.0,1640.0,Unsaturated,,NotOutflow,6331,1,1,0.01
7109,2589320.0,1113480.0,1640.0,Unsaturated,,NotOutflow,6332,0,1,0.01
7110,2589400.0,1113480.0,1640.0,Saturated,,NotOutflow,-1,0,0,0.0
7111,2589480.0,1113480.0,1640.0,Unsaturated,,NotOutflow,6334,0,1,0.01
7112,2587800.0,1113560.0,1640.0,Unsaturated,,NotOutflow,6341,0,1,0.01
7113,2587880.0,1113560.0,1640.0,Unsaturated,,NotOutflow,6342,0,1,0.01
7114,2588040.0,1113560.0,1640.0,Unsaturated,,NotOutflow,6344,0,1,0.01
7115,2588120.0,1113560.0,1640.0,Unsaturated,,NotOutflow,6345,0,1,0.01
7116,2588200.0,1113560.0,1640.0,Unsaturated,,NotOutflow,6346,0,1,0.01
7117,2588280.0,1113560.0,1640.0,Saturated,,NotOutflow,-1,0,0,0.0
7118,2588360.0,1113560.0,1640.0,Unsaturated,,NotOutflow,6348,0,1,0.01
7119,2588760.0,1113560.0,1640.0,Unsaturated,,NotOutflow,6352,1,1,0.01
7120,2588840.0,1113560.0,1640.0,Unsaturated,,NotOutflow,6353,1,1,0.01
7121,2588920.0,1113560.0,1640.0,Unsaturated,,NotOutflow,6354,1,1,0.01
7122,2589000.0,1113560.0,1640.0,Unsaturated,,NotOutflow,6355,0,1,0.01
7123,2589160.0,1113560.0,1640.0,Unsaturated,,NotOutflow,2765,0,1,0.01
7124,2589240.0,1113560.0,1640.0,Saturated,,NotOutflow,-1,0,0,0.0
7125,2589320.0,1113560.0,1640.0,Unsaturated,,NotOutflow,6357,0,1,0.01
7126,2589400.0,1113560.0,1640.0,Unsaturated,,NotOutflow,5515,0,1,0.01
7127,2589480.0,1113560.0,1640.0,Saturated,,NotOutflow,-1,0,0,0.0
7128,2589560.0,1113560.0,1640.0,Unsaturated,,NotOutflow,6359,0,1,0.01
7129,2588120.0,1113640.0,1640.0,Unsaturated,,NotOutflow,6368,0,1,0.01
7130,2588200.0,1113640.0,1640.0,Unsaturated,,NotOutflow,6369,0,1,0.01
7131,2588360.0,1113640.0,1640.0,Saturated,,NotOutflow,-1,0,0,0.0
7132,2588440.0,1113640.0,1640.0,Unsaturated,,NotOutflow,6372,0,1,0.01
7133,2588920.0,1113640.0,1640.0,Unsaturated,,NotOutflow,6378,0,1,0.01
7134,2589000.0,1113640.0,1640.0,Unsaturated,,NotOutflow,6379,0,1,0.01
7135,2589080.0,1113640.0,1640.0,Unsaturated,,NotOutflow,6380,0,1,0.01
7136,2589160.0,1113640.0,1640.0,Unsaturated,,NotOutflow,6381,0,1,0.01
7137,2589240.0,1113640.0,1640.0,Unsaturated,,NotOutflow,6382,0,1,0.01
7138,2589320.0,1113640.0,1640.0,Unsaturated,,NotOutflow,6383,0,1,0.01
7139,2588520.0,1113720.0,1640.0,Unsaturated,,NotOutflow,6398,0,1,0.01
7140,2588600.0,1113720.0,1640.0,Unsaturated,,NotOutflow,6399,0,1,0.01
7141,2588680.0,1113720.0,1640.0,Unsaturated,,NotOutflow,6400,0,1,0.01
7142,2589080.0,1113720.0,1640.0,Unsaturated,,NotOutflow,6405,0,1,0.01
7143,2589160.0,1113720.0,1640.0,Unsaturated,,NotOutflow,6406,0,1,0.01
7144,2588760.0,1113800.0,1640.0,Unsaturated,,NotOutflow,6424,0,1,0.01
7145,2587960.0,1109000.0,1720.0,Unsaturated,,NotOutflow,6466,0,1,0.01
7146,2587880.0,1109080.0,1720.0,Saturated,,NotOutflow,7148,1,1,2.4040769797658733e-10
7147,2587960.0,1109080.0,1720.0,Saturated,,NotOutflow,7723,1,3,5.640880849383239e-09
7148,2587880.0,1109160.0,1720.0,Saturated,,NotOutflow,7150,3,1,7.986499224054237e-09
7149,2587960.0,1109160.0,1720.0,Saturated,,NotOutflow,7148,2,1,2.340637120554668e-10
7150,2587880.0,1109240.0,1720.0,Saturated,,NotOutflow,7153,1,1,7.986499224054237e-09
7151,2587960.0,1109240.0,1720.0,Unsaturated,,NotOutflow,6473,0,1,0.01
7152,2587800.0,1109320.0,1720.0,Unsaturated,,NotOutflow,-1,0,0,0.01
7153,2587880.0,1109320.0,1720.0,Saturated,,NotOutflow,7155,1,2,7.75243551199877e-09
7154,2587800.0,1109400.0,1720.0,Saturated,,NotOutflow,7157,1,1,7.75243551199877e-09
7155,2587880.0,1109400.0,1720.0,Saturated,,NotOutflow,7154,1,1,7.75243551199877e-09
7156,2586040.0,1109480.0,1720.0,Unsaturated,,NotOutflow,6477,0,1,0.01
7157,2587800.0,1109480.0,1720.0,Saturated,,NotOutflow,7732,2,2,6.553217123985731e-09
7158,2587880.0,1109480.0,1720.0,Unsaturated,,NotOutflow,6479,0,1,0.01
7159,2586040.0,1109560.0,1720.0,Saturated,,NotOutflow,7162,1,1,1.4406957872327864e-09
7160,2587720.0,1109560.0,1720.0,Unsaturated,,NotOutflow,-1,1,0,0.01
7161,2587800.0,1109560.0,1720.0,Saturated,,NotOutflow,7165,2,1,1.0862935959172888e-08
7162,2586040.0,1109640.0,1720.0,Saturated,,NotOutflow,7163,1,1,1.4406957872327864e-09
7163,2586120.0,1109640.0,1720.0,Saturated,,NotOutflow,7166,2,1,2.92813545627158e-09
7164,2587720.0,1109640.0,1720.0,Saturated,,NotOutflow,7168,1,1,1.0862935959172888e-08
7165,2587800.0,1109640.0,1720.0,Saturated,,NotOutflow,7164,1,1,1.0862935959172888e-08
7166,2586120.0,1109720.0,1720.0,Saturated,,NotOutflow,7167,1,2,1.4874396690387935e-09
7167,2586200.0,1109720.0,1720.0,Saturated,,NotOutflow,7171,1,1,1.4874396690387935e-09
7168,2587720.0,1109720.0,1720.0,Saturated,,NotOutflow,7172,2,1,1.0899460276496912e-08
7169,2587800.0,1109720.0,1720.0,Unsaturated,,NotOutflow,6489,1,1,0.01
7170,2586120.0,1109800.0,1720.0,Saturated,,NotOutflow,7171,1,1,1.4406957872327864e-09
7171,2586200.0,1109800.0,1720.0,Saturated,,NotOutflow,7173,3,2,3.585839925721733e-09
7172,2587720.0,1109800.0,1720.0,Saturated,,NotOutflow,7176,3,3,1.176467677650669e-08
7173,2586200.0,1109880.0,1720.0,Saturated,,NotOutflow,7174,1,1,3.585839925721733e-09
7174,2586280.0,1109880.0,1720.0,Saturated,,NotOutflow,6495,1,1,3.585839925721733e-09
7175,2587640.0,1109880.0,1720.0,Unsaturated,,NotOutflow,6496,0,1,0.01
7176,2587720.0,1109880.0,1720.0,Saturated,,NotOutflow,7179,1,1,1.176467677650669e-08
7177,2586280.0,1109960.0,1720.0,Unsaturated,,NotOutflow,6499,0,1,0.01
7178,2587640.0,1109960.0,1720.0,Saturated,,NotOutflow,6501,1,1,1.176467677650669e-08
7179,2587720.0,1109960.0,1720.0,Saturated,,NotOutflow,7178,2,1,1.176467677650669e-08
7180,2587640.0,1110040.0,1720.0,Saturated,,NotOutflow,7183,2,2,2.7727264275575137e-08
7181,2587720.0,1110040.0,1720.0,Unsaturated,,NotOutflow,6506,0,1,0.01
7182,2587560.0,1110120.0,1720.0,Unsaturated,,NotOutflow,-1,1,0,0.01
7183,2587640.0,1110120.0,1720.0,Saturated,,NotOutflow,7185,2,2,2.7727264275575137e-08
7184,2587560.0,1110200.0,1720.0,Saturated,,NotOutflow,7186,2,2,2.7727264275575137e-08
7185,2587640.0,1110200.0,1720.0,Saturated,,NotOutflow,7184,2,2,2.7727264275575137e-08
7186,2587560.0,1110280.0,1720.0,Saturated,,NotOutflow,7188,3,2,2.837326712606055e-08
7187,2587640.0,1110280.0,1720.0,Unsaturated,,NotOutflow,6512,0,1,0.01
7188,2587560.0,1110360.0,1720.0,Saturated,,NotOutflow,6513,3,3,2.7727264275575137e-08
7189,2587480.0,1110440.0,1720.0,Saturated,,NotOutflow,7191,2,2,6.46002850485412e-10
7190,2587560.0,1110440.0,1720.0,Saturated,,NotOutflow,7189,2,3,6.46002850485412e-10
7191,2587480.0,1110520.0,1720.0,Saturated,,NotOutflow,7193,3,3,1.369147635217368e-08
7192,2587560.0,1110520.0,1720.0,Saturated,,NotOutflow,7191,1,1,9.4186510753099e-09
7193,2587480.0,1110600.0,1720.0,Saturated,,NotOutflow,7195,3,2,1.604051525527904e-08
7194,2587400.0,1110680.0,1720.0,Unsaturated,,NotOutflow,-1,0,0,0.01
7195,2587480.0,1110680.0,1720.0,Saturated,,NotOutflow,7197,2,1,1.604051525527904e-08
7196,2587400.0,1110760.0,1720.0,Saturated,,NotOutflow,7198,1,2,9.060013860440121e-09
7197,2587480.0,1110760.0,1720.0,Saturated,,NotOutflow,7196,2,2,1.2329126968371502e-08
7198,2587400.0,1110840.0,1720.0,Saturated,,NotOutflow,7763,3,3,1.1623160523456712e-08
7199,2587480.0,1110840.0,1720.0,Unsaturated,,NotOutflow,6527,0,1,0.01
7200,2586920.0,1110920.0,1720.0,Unsaturated,,NotOutflow,6528,0,1,0.01
7201,2587000.0,1110920.0,1720.0,Unsaturated,,NotOutflow,6529,0,1,0.01
7202,2587320.0,1110920.0,1720.0,Unsaturated,,NotOutflow,-1,1,0,0.01
7203,2587400.0,1110920.0,1720.0,Saturated,,NotOutflow,7207,2,2,9.997011176958856e-09
7204,2586920.0,1111000.0,1720.0,Unsaturated,,NotOutflow,6531,0,1,0.01
7205,2587000.0,1111000.0,1720.0,Saturated,,NotOutflow,-1,1,0,0.0
7206,2587320.0,1111000.0,1720.0,Saturated,,NotOutflow,7210,1,1,2.4507186567975796e-09
7207,2587400.0,1111000.0,1720.0,Saturated,,NotOutflow,7768,2,2,1.2073138232684402e-08
7208,2587000.0,1111080.0,1720.0,Saturated,,NotOutflow,7209,2,1,1.3858065313894139e-09
7209,2587080.0,1111080.0,1720.0,Saturated,,NotOutflow,7212,2,1,1.3858065313894139e-09
7210,2587320.0,1111080.0,1720.0,Saturated,,NotOutflow,7214,3,1,1.6585887232517937e-08
7211,2587400.0,1111080.0,1720.0,Unsaturated,,NotOutflow,6538,1,1,0.01
7212,2587080.0,1111160.0,1720.0,Saturated,,NotOutflow,7773,1,2,7.090001610343572e-10
7213,2587160.0,1111160.0,1720.0,Saturated,,NotOutflow,7216,1,1,6.768063703550567e-10
7214,2587320.0,1111160.0,1720.0,Saturated,,NotOutflow,7218,2,1,2.0113055774114287e-08
7215,2587080.0,1111240.0,1720.0,Unsaturated,,NotOutflow,6543,0,1,0.01
7216,2587160.0,1111240.0,1720.0,Saturated,,NotOutflow,7219,2,1,1.1379462507742506e-09
7217,2587240.0,1111240.0,1720.0,Unsaturated,,NotOutflow,6545,0,1,0.01
7218,2587320.0,1111240.0,1720.0,Saturated,,NotOutflow,7221,1,1,2.0113055774114287e-08
7219,2587160.0,1111320.0,1720.0,Saturated,,NotOutflow,7220,1,1,1.1379462507742506e-09
7220,2587240.0,1111320.0,1720.0,Saturated,,NotOutflow,7222,2,3,6.285041947808426e-09
7221,2587320.0,1111320.0,1720.0,Saturated,,NotOutflow,7220,2,2,1.5347214300956415e-08
7222,2587240.0,1111400.0,1720.0,Saturated,,NotOutflow,6550,4,3,5.8964888171551015e-08
7223,2587320.0,1111400.0,1720.0,Saturated,,NotOutflow,7226,1,1,2.2407685407172642e-08
7224,2587160.0,1111480.0,1720.0,Unsaturated,,NotOutflow,198,1,1,0.01
7225,2587240.0,1111480.0,1720.0,Saturated,,NotOutflow,7222,1,1,3.52320749203355e-08
7226,2587320.0,1111480.0,1720.0,Saturated,,NotOutflow,7229,2,2,4.913433248082243e-08
7227,2587160.0,1111560.0,1720.0,Saturated,,NotOutflow,7228,1,1,1.8087558024321857e-08
7228,2587240.0,1111560.0,1720.0,Saturated,,NotOutflow,7225,2,1,3.52320749203355e-08
7229,2587320.0,1111560.0,1720.0,Saturated,,NotOutflow,7230,1,1,4.913433248082243e-08
7230,2587400.0,1111560.0,1720.0,Saturated,,NotOutflow,7235,1,1,4.913433248082243e-08
7231,2586680.0,1111640.0,1720.0,Unsaturated,,NotOutflow,6560,0,1,0.01
7232,2586760.0,1111640.0,1720.0,Unsaturated,,NotOutflow,6561,0,1,0.01
7233,2587160.0,1111640.0,1720.0,Saturated,,NotOutflow,7227,1,1,1.8087558024321857e-08
7234,2587240.0,1111640.0,1720.0,Unsaturated,,NotOutflow,6563,1,1,0.01
7235,2587400.0,1111640.0,1720.0,Saturated,,NotOutflow,7241,3,1,9.050064084149988e-08
7236,2587480.0,1111640.0,1720.0,Unsaturated,,NotOutflow,6565,0,1,0.01
7237,2586760.0,1111720.0,1720.0,Saturated,,NotOutflow,-1,0,0,0.0
7238,2586840.0,1111720.0,1720.0,Unsaturated,,NotOutflow,6567,0,1,0.01
7239,2586920.0,1111720.0,1720.0,Unsaturated,,NotOutflow,6568,0,1,0.01
7240,2587160.0,1111720.0,1720.0,Saturated,,NotOutflow,7233,2,1,1.8087558024321857e-08
7241,2587400.0,1111720.0,1720.0,Saturated,,NotOutflow,7242,1,1,9.050064084149988e-08
7242,2587480.0,1111720.0,1720.0,Saturated,,NotOutflow,7249,1,3,3.694924062859737e-08
7243,2586760.0,1111800.0,1720.0,Unsaturated,,NotOutflow,3129,0,1,0.01
7244,2586840.0,1111800.0,1720.0,Unsaturated,,NotOutflow,6575,1,1,0.01
7245,2586920.0,1111800.0,1720.0,Unsaturated,,NotOutflow,6576,0,1,0.01
7246,2587000.0,1111800.0,1720.0,Unsaturated,,NotOutflow,6577,1,1,0.01
7247,2587080.0,1111800.0,1720.0,Unsaturated,,NotOutflow,6578,0,1,0.01
7248,2587160.0,1111800.0,1720.0,Saturated,,NotOutflow,7240,1,1,1.55680701089217e-09
7249,2587480.0,1111800.0,1720.0,Saturated,,NotOutflow,7250,2,1,8.132430612381669e-08
7250,2587560.0,1111800.0,1720.0,Saturated,,NotOutflow,7261,1,1,8.132430612381669e-08
7251,2586440.0,1111880.0,1720.0,Unsaturated,,NotOutflow,6584,0,1,0.01
7252,2586840.0,1111880.0,1720.0,Unsaturated,,NotOutflow,6585,0,1,0.01
7253,2586920.0,1111880.0,1720.0,Saturated,,NotOutflow,7254,2,1,5.398663330733551e-11
7254,2587000.0,1111880.0,1720.0,Saturated,,NotOutflow,7266,1,1,5.398663330733551e-11
7255,2587080.0,1111880.0,1720.0,Saturated,,NotOutflow,7256,2,2,1.1698734102588598e-08
7256,2587160.0,1111880.0,1720.0,Saturated,,NotOutflow,6589,1,2,1.0141927091696428e-08
7257,2587240.0,1111880.0,1720.0,Unsaturated,,NotOutflow,6590,0,1,0.01
7258,2587320.0,1111880.0,1720.0,Unsaturated,,NotOutflow,6591,0,1,0.01
7259,2587400.0,1111880.0,1720.0,Unsaturated,,NotOutflow,6592,0,1,0.01
7260,2587480.0,1111880.0,1720.0,Unsaturated,,NotOutflow,6593,0,1,0.01
7261,2587560.0,1111880.0,1720.0,Saturated,,NotOutflow,7813,1,2,4.092681090898866e-08
7262,2587640.0,1111880.0,1720.0,Unsaturated,,NotOutflow,6595,1,1,0.01
7263,2586440.0,1111960.0,1720.0,Unsaturated,,NotOutflow,6600,0,1,0.01
7264,2586520.0,1111960.0,1720.0,Unsaturated,,NotOutflow,6601,0,1,0.01
7265,2586920.0,1111960.0,1720.0,Unsaturated,,NotOutflow,6602,0,1,0.01
7266,2587000.0,1111960.0,1720.0,Saturated,,NotOutflow,7267,2,1,5.398663330733551e-11
7267,2587080.0,1111960.0,1720.0,Saturated,,NotOutflow,7255,3,2,6.773302194541347e-09
7268,2587160.0,1111960.0,1720.0,Unsaturated,,NotOutflow,6605,0,1,0.01
7269,2587240.0,1111960.0,1720.0,Unsaturated,,NotOutflow,6606,1,1,0.01
7270,2587320.0,1111960.0,1720.0,Unsaturated,,NotOutflow,6607,1,1,0.01
7271,2587400.0,1111960.0,1720.0,Unsaturated,,NotOutflow,6608,1,1,0.01
7272,2587480.0,1111960.0,1720.0,Unsaturated,,NotOutflow,6609,0,1,0.01
7273,2587560.0,1111960.0,1720.0,Unsaturated,,NotOutflow,6610,0,1,0.01
7274,2587640.0,1111960.0,1720.0,Saturated,,NotOutflow,6611,2,1,5.327993114009812e-08
7275,2587720.0,1111960.0,1720.0,Saturated,,NotOutflow,7274,1,2,2.1039542818401224e-09
7276,2587800.0,1111960.0,1720.0,Saturated,,NotOutflow,7275,1,2,4.060127846996743e-09
7277,2587880.0,1111960.0,1720.0,Saturated,,NotOutflow,7276,1,1,6.067104973778973e-09
7278,2587960.0,1111960.0,1720.0,Unsaturated,,NotOutflow,6615,1,1,0.01
7279,2588040.0,1111960.0,1720.0,Unsaturated,,NotOutflow,6616,1,1,0.01
7280,2586440.0,1112040.0,1720.0,Unsaturated,,NotOutflow,6622,0,1,0.01
7281,2586520.0,1112040.0,1720.0,Saturated,,NotOutflow,6623,4,2,7.719381217835708e-10
7282,2586600.0,1112040.0,1720.0,Saturated,,NotOutflow,7281,1,1,1.0224130544392841e-10
7283,2587000.0,1112040.0,1720.0,Unsaturated,,NotOutflow,6625,1,1,0.01
7284,2587080.0,1112040.0,1720.0,Saturated,,NotOutflow,7267,2,2,8.143260500707712e-09
7285,2587160.0,1112040.0,1720.0,Unsaturated,,NotOutflow,6627,0,1,0.01
7286,2587240.0,1112040.0,1720.0,Saturated,,NotOutflow,7287,1,1,4.1762688592379774e-11
7287,2587320.0,1112040.0,1720.0,Saturated,,NotOutflow,7288,1,1,4.1762688592379774e-11
7288,2587400.0,1112040.0,1720.0,Saturated,,NotOutflow,7310,1,1,4.1762688592379774e-11
7289,2587640.0,1112040.0,1720.0,Saturated,,NotOutflow,7290,1,1,1.1793020338584958e-08
7290,2587720.0,1112040.0,1720.0,Saturated,,NotOutflow,7314,2,1,2.470680728496757e-08
7291,2587800.0,1112040.0,1720.0,Unsaturated,,NotOutflow,6633,1,1,0.01
7292,2587880.0,1112040.0,1720.0,Saturated,,NotOutflow,7277,2,1,6.067104973778973e-09
7293,2587960.0,1112040.0,1720.0,Saturated,,NotOutflow,7292,2,3,3.909024373906958e-09
7294,2588040.0,1112040.0,1720.0,Saturated,,NotOutflow,6636,1,1,1.1665143039486887e-10
7295,2588120.0,1112040.0,1720.0,Unsaturated,,NotOutflow,6637,0,1,0.01
7296,2588200.0,1112040.0,1720.0,Unsaturated,,NotOutflow,6638,0,1,0.01
7297,2588280.0,1112040.0,1720.0,Unsaturated,,NotOutflow,6639,0,1,0.01
7298,2588360.0,1112040.0,1720.0,Unsaturated,,NotOutflow,6640,0,1,0.01
7299,2588440.0,1112040.0,1720.0,Unsaturated,,NotOutflow,6641,0,1,0.01
7300,2588520.0,1112040.0,1720.0,Unsaturated,,NotOutflow,6642,1,1,0.01
7301,2588600.0,1112040.0,1720.0,Unsaturated,,NotOutflow,-1,1,0,0.01
7302,2586120.0,1112120.0,1720.0,Unsaturated,,NotOutflow,6644,0,1,0.01
7303,2586200.0,1112120.0,1720.0,Unsaturated,,NotOutflow,6645,0,1,0.01
7304,2586520.0,1112120.0,1720.0,Saturated,,NotOutflow,7281,3,2,6.696968163396425e-10
7305,2586600.0,1112120.0,1720.0,Saturated,Inlet,NotOutflow,7333,4,4,1.3727452395747764e-08
7306,2587000.0,1112120.0,1720.0,Saturated,,NotOutflow,7307,1,1,8.143260500707712e-09
7307,2587080.0,1112120.0,1720.0,Saturated,,NotOutflow,7284,2,2,8.143260500707712e-09
7308,2587160.0,1112120.0,1720.0,Unsaturated,,NotOutflow,6654,1,1,0.01
7309,2587320.0,1112120.0,1720.0,Unsaturated,,NotOutflow,6655,0,1,0.01
7310,2587400.0,1112120.0,1720.0,Saturated,,NotOutflow,7311,3,3,1.034445937306583e-07
7311,2587480.0,1112120.0,1720.0,Saturated,,NotOutflow,7339,2,2,1.034445937306583e-07
7312,2587560.0,1112120.0,1720.0,Saturated,,NotOutflow,7311,1,1,1.1924586144374967e-09
7313,2587640.0,1112120.0,1720.0,Saturated,,NotOutflow,7312,1,1,1.1924586144374967e-09
7314,2587720.0,1112120.0,1720.0,Saturated,,NotOutflow,7342,2,2,2.470680728496757e-08
7315,2587800.0,1112120.0,1720.0,Saturated,,NotOutflow,7343,1,1,1.2702731715647379e-08
7316,2588280.0,1112120.0,1720.0,Unsaturated,,NotOutflow,6663,1,1,0.01
7317,2588360.0,1112120.0,1720.0,Unsaturated,,NotOutflow,6664,1,1,0.01
7318,2588440.0,1112120.0,1720.0,Saturated,,NotOutflow,-1,0,0,0.0
7319,2588520.0,1112120.0,1720.0,Saturated,,NotOutflow,-1,0,0,0.0
7320,2588600.0,1112120.0,1720.0,Unsaturated,,NotOutflow,6667,0,1,0.01
7321,2588680.0,1112120.0,1720.0,Unsaturated,,NotOutflow,6668,0,1,0.01
7322,2588760.0,1112120.0,1720.0,Unsaturated,,NotOutflow,6669,0,1,0.01
7323,2588840.0,1112120.0,1720.0,Saturated,,NotOutflow,-1,0,0,0.0
7324,2588920.0,1112120.0,1720.0,Unsaturated,,NotOutflow,6671,0,1,0.01
7325,2589000.0,1112120.0,1720.0,Unsaturated,,NotOutflow,6672,0,1,0.01
7326,2589080.0,1112120.0,1720.0,Unsaturated,,NotOutflow,6673,1,1,0.01
7327,2586040.0,1112200.0,1720.0,Unsaturated,,NotOutflow,6674,0,1,0.01
7328,2586120.0,1112200.0,1720.0,Unsaturated,,NotOutflow,6675,0,1,0.01
7329,2586200.0,1112200.0,1720.0,Unsaturated,,NotOutflow,6676,0,1,0.01
7330,2586280.0,1112200.0,1720.0,Unsaturated,,NotOutflow,6677,0,1,0.01
7331,2586360.0,1112200.0,1720.0,Unsaturated,,NotOutflow,6678,1,1,0.01
7332,2586440.0,1112200.0,1720.0,Unsaturated,,NotOutflow,6679,0,1,0.01
7333,2586600.0,1112200.0,1720.0,Saturated,,NotOutflow,7334,4,3,1.3771883576008942e-08
7334,2586680.0,1112200.0,1720.0,Saturated,Inlet,NotOutflow,7366,4,3,1.7656825227497377e-08
7335,2587000.0,1112200.0,1720.0,Saturated,,NotOutflow,7306,2,1,8.143260500707712e-09
7336,2587080.0,1112200.0,1720.0,Saturated,,NotOutflow,7337,1,1,5.918702669775821e-10
7337,2587160.0,1112200.0,1720.0,Saturated,,NotOutflow,7369,1,1,5.918702669775821e-10
7338,2587400.0,1112200.0,1720.0,Unsaturated,,NotOutflow,-1,0,0,0.01
7339,2587480.0,1112200.0,1720.0,Saturated,,NotOutflow,7340,1,2,7.023040961986013e-08
7340,2587560.0,1112200.0,1720.0,Saturated,,NotOutflow,7372,1,2,4.7602931937872606e-08
7341,2587640.0,1112200.0,1720.0,Saturated,,NotOutflow,6689,1,2,1.2869853568495122e-09
7342,2587720.0,1112200.0,1720.0,Saturated,,NotOutflow,7343,2,2,2.470680728496757e-08
7343,2587800.0,1112200.0,1720.0,Saturated,,NotOutflow,6691,5,3,8.729447707672304e-08
7344,2587880.0,1112200.0,1720.0,Saturated,,NotOutflow,7343,1,1,1.2233507742052761e-08
7345,2587960.0,1112200.0,1720.0,Saturated,,NotOutflow,6693,2,1,1.0432866507336697e-08
7346,2588760.0,1112200.0,1720.0,Unsaturated,,NotOutflow,6695,0,1,0.01
7347,2588840.0,1112200.0,1720.0,Unsaturated,,NotOutflow,6696,1,1,0.01
7348,2588920.0,1112200.0,1720.0,Unsaturated,,NotOutflow,6697,1,1,0.01
7349,2589000.0,1112200.0,1720.0,Saturated,,NotOutflow,-1,0,0,0.0
7350,2589080.0,1112200.0,1720.0,Unsaturated,,NotOutflow,6699,0,1,0.01
7351,2589160.0,1112200.0,1720.0,Unsaturated,,NotOutflow,6700,0,1,0.01
7352,2589240.0,1112200.0,1720.0,Unsaturated,,NotOutflow,6701,0,1,0.01
7353,2589320.0,1112200.0,1720.0,Saturated,,NotOutflow,-1,0,0,0.0
7354,2589400.0,1112200.0,1720.0,Unsaturated,,NotOutflow,6703,1,1,0.01
7355,2589480.0,1112200.0,1720.0,Unsaturated,,NotOutflow,6704,1,1,0.01
7356,2589560.0,1112200.0,1720.0,Unsaturated,,NotOutflow,6705,1,1,0.01
7357,2589640.0,1112200.0,1720.0,Unsaturated,,NotOutflow,6706,1,1,0.01
7358,2586040.0,1112280.0,1720.0,Unsaturated,,NotOutflow,6707,0,1,0.01
7359,2586120.0,1112280.0,1720.0,Saturated,,NotOutflow,6708,1,1,4.948024729457714e-10
7360,2586200.0,1112280.0,1720.0,Unsaturated,,NotOutflow,6709,0,1,0.01
7361,2586280.0,1112280.0,1720.0,Unsaturated,,NotOutflow,6710,0,1,0.01
7362,2586360.0,1112280.0,1720.0,Unsaturated,,NotOutflow,6711,1,1,0.01
7363,2586440.0,1112280.0,1720.0,Saturated,,NotOutflow,6712,2,1,1.8833462260159026e-10
7364,2586520.0,1112280.0,1720.0,Saturated,,NotOutflow,7363,2,1,1.8833462260159026e-10
7365,2586600.0,1112280.0,1720.0,Unsaturated,,NotOutflow,5914,1,1,0.01
7366,2586680.0,1112280.0,1720.0,Saturated,Inlet,NotOutflow,7367,3,3,1.9926123493621574e-08
7367,2586760.0,1112280.0,1720.0,Saturated,,NotOutflow,7400,4,2,1.9926123493621574e-08
7368,2587000.0,1112280.0,1720.0,Saturated,,NotOutflow,6717,2,3,9.382665817047203e-09
7369,2587160.0,1112280.0,1720.0,Saturated,,NotOutflow,7906,3,2,1.4908113023041502e-09
7370,2587240.0,1112280.0,1720.0,Saturated,,NotOutflow,7369,2,2,1.4908113023041502e-09
7371,2587480.0,1112280.0,1720.0,Unsaturated,,NotOutflow,-1,0,0,0.01
7372,2587560.0,1112280.0,1720.0,Saturated,,NotOutflow,7373,1,1,4.7602931937872606e-08
7373,2587640.0,1112280.0,1720.0,Saturated,,NotOutflow,7374,2,2,4.989866786347551e-08
7374,2587720.0,1112280.0,1720.0,Saturated,,NotOutflow,7408,3,1,8.824679582091608e-08
7375,2587800.0,1112280.0,1720.0,Saturated,,NotOutflow,7376,1,1,2.2681680448236956e-08
7376,2587880.0,1112280.0,1720.0,Saturated,,NotOutflow,6725,2,2,6.346627958327984e-08
7377,2587960.0,1112280.0,1720.0,Saturated,,NotOutflow,7345,1,1,1.0432866507336697e-08
7378,2588040.0,1112280.0,1720.0,Saturated,,NotOutflow,7915,1,1,1.9869038135710277e-09
7379,2588120.0,1112280.0,1720.0,Saturated,,NotOutflow,7378,1,1,1.9869038135710277e-09
7380,2588200.0,1112280.0,1720.0,Unsaturated,,NotOutflow,6729,0,1,0.01
7381,2588280.0,1112280.0,1720.0,Unsaturated,,NotOutflow,6730,1,1,0.01
7382,2589320.0,1112280.0,1720.0,Unsaturated,,NotOutflow,6731,1,1,0.01
7383,2589400.0,1112280.0,1720.0,Unsaturated,,NotOutflow,6732,1,1,0.01
7384,2589480.0,1112280.0,1720.0,Saturated,,NotOutflow,-1,0,0,0.0
7385,2589560.0,1112280.0,1720.0,Unsaturated,,NotOutflow,6734,1,1,0.01
7386,2589640.0,1112280.0,1720.0,Unsaturated,,NotOutflow,6735,1,1,0.01
7387,2589720.0,1112280.0,1720.0,Saturated,,NotOutflow,-1,0,0,0.0
7388,2589800.0,1112280.0,1720.0,Unsaturated,,NotOutflow,6737,0,1,0.01
7389,2589880.0,1112280.0,1720.0,Saturated,,NotOutflow,-1,1,0,0.0
7390,2589960.0,1112280.0,1720.0,Saturated,,NotOutflow,-1,0,0,0.0
7391,2586040.0,1112360.0,1720.0,Saturated,,NotOutflow,7392,1,1,4.948024729457714e-10
7392,2586120.0,1112360.0,1720.0,Saturated,,NotOutflow,7393,2,2,6.295901071169562e-10
7393,2586200.0,1112360.0,1720.0,Saturated,,NotOutflow,6744,2,1,6.295901071169562e-10
7394,2586280.0,1112360.0,1720.0,Saturated,,NotOutflow,7424,3,2,3.388381097599549e-09
7395,2586360.0,1112360.0,1720.0,Unsaturated,,NotOutflow,6746,0,1,0.01
7396,2586440.0,1112360.0,1720.0,Unsaturated,,NotOutflow,6747,0,1,0.01
7397,2586520.0,1112360.0,1720.0,Saturated,,NotOutflow,7364,1,1,1.8833462260159026e-10
7398,2586600.0,1112360.0,1720.0,Saturated,,NotOutflow,6749,1,1,2.0751960229906282e-10
7399,2586680.0,1112360.0,1720.0,Saturated,,NotOutflow,7398,3,2,2.0751960229906282e-10
7400,2586760.0,1112360.0,1720.0,Saturated,,NotOutflow,7401,2,4,1.0167929829418997e-08
7401,2586840.0,1112360.0,1720.0,Saturated,,NotOutflow,7430,3,2,1.0167929829418997e-08
7402,2586920.0,1112360.0,1720.0,Unsaturated,,NotOutflow,6753,0,1,0.01
7403,2587000.0,1112360.0,1720.0,Saturated,,NotOutflow,7368,2,2,1.1664635814104565e-08
7404,2587160.0,1112360.0,1720.0,Unsaturated,,NotOutflow,3288,1,1,0.01
7405,2587240.0,1112360.0,1720.0,Saturated,,NotOutflow,7433,2,2,4.570253039820449e-09
7406,2587320.0,1112360.0,1720.0,Unsaturated,,NotOutflow,6756,1,1,0.01
7407,2587640.0,1112360.0,1720.0,Saturated,,NotOutflow,7940,1,1,6.426510472321687e-08
7408,2587720.0,1112360.0,1720.0,Saturated,,NotOutflow,7407,2,2,6.426510472321687e-08
7409,2587800.0,1112360.0,1720.0,Saturated,,NotOutflow,7436,2,1,4.8488824750742614e-08
7410,2587880.0,1112360.0,1720.0,Saturated,,NotOutflow,7376,1,1,6.346627958327984e-08
7411,2587960.0,1112360.0,1720.0,Unsaturated,,NotOutflow,6760,1,1,0.01
7412,2588120.0,1112360.0,1720.0,Saturated,,NotOutflow,7946,1,1,1.258979815348853e-09
7413,2588200.0,1112360.0,1720.0,Saturated,,NotOutflow,7412,2,2,1.258979815348853e-09
7414,2588280.0,1112360.0,1720.0,Saturated,,NotOutflow,7413,1,1,8.06957993826883e-12
7415,2588360.0,1112360.0,1720.0,Saturated,,NotOutflow,7414,1,1,8.06957993826883e-12
7416,2588440.0,1112360.0,1720.0,Saturated,,NotOutflow,7415,1,1,8.06957993826883e-12
7417,2588520.0,1112360.0,1720.0,Saturated,,NotOutflow,7951,2,1,4.665379094638889e-11
7418,2588600.0,1112360.0,1720.0,Unsaturated,,NotOutflow,6767,1,1,0.01
7419,2589880.0,1112360.0,1720.0,Unsaturated,,NotOutflow,6769,0,1,0.01
7420,2589960.0,1112360.0,1720.0,Unsaturated,,NotOutflow,6770,0,1,0.01
7421,2586040.0,1112440.0,1720.0,Saturated,Inlet,NotOutflow,7422,1,2,6.295901071169562e-10
7422,2586120.0,1112440.0,1720.0,Saturated,,NotOutflow,7392,1,1,6.295901071169562e-10
7423,2586200.0,1112440.0,1720.0,Unsaturated,,NotOutflow,6774,0,1,0.01
7424,2586280.0,1112440.0,1720.0,Saturated,Inlet,NotOutflow,7425,4,3,5.877162911645817e-09
7425,2586360.0,1112440.0,1720.0,Saturated,Inlet,NotOutflow,6776,4,3,1.815890656865096e-08
7426,2586440.0,1112440.0,1720.0,Unsaturated,,NotOutflow,6777,0,1,0.01
7427,2586520.0,1112440.0,1720.0,Unsaturated,,NotOutflow,6778,0,1,0.01
7428,2586680.0,1112440.0,1720.0,Saturated,,NotOutflow,7399,3,2,1.4950945479517096e-10
7429,2586760.0,1112440.0,1720.0,Saturated,,NotOutflow,7430,3,1,1.9415593408158355e-10
7430,2586840.0,1112440.0,1720.0,Saturated,,NotOutflow,6782,4,4,1.0227471176513506e-08
7431,2586920.0,1112440.0,1720.0,Saturated,,NotOutflow,7432,2,3,1.1664635814104565e-08
7432,2587000.0,1112440.0,1720.0,Saturated,,NotOutflow,7403,2,1,1.1664635814104565e-08
7433,2587240.0,1112440.0,1720.0,Saturated,,NotOutflow,7434,1,1,4.570253039820449e-09
7434,2587320.0,1112440.0,1720.0,Saturated,,NotOutflow,7461,1,1,4.570253039820449e-09
7435,2587720.0,1112440.0,1720.0,Unsaturated,,NotOutflow,-1,0,0,0.01
7436,2587800.0,1112440.0,1720.0,Saturated,,NotOutflow,7963,1,1,4.8488824750742614e-08
7437,2587880.0,1112440.0,1720.0,Unsaturated,,NotOutflow,6789,0,1,0.01
7438,2587960.0,1112440.0,1720.0,Saturated,,NotOutflow,7965,2,1,1.7588552383222933e-08
7439,2588040.0,1112440.0,1720.0,Saturated,,NotOutflow,7438,3,1,1.758372965433901e-08
7440,2588120.0,1112440.0,1720.0,Unsaturated,,NotOutflow,5989,0,1,0.01
7441,2588200.0,1112440.0,1720.0,Saturated,,NotOutflow,6792,1,2,1.7524879928870752e-09
7442,2588280.0,1112440.0,1720.0,Saturated,,NotOutflow,7441,1,1,3.0114678082359283e-09
7443,2588440.0,1112440.0,1720.0,Unsaturated,,NotOutflow,6794,1,1,0.01
7444,2588520.0,1112440.0,1720.0,Saturated,,NotOutflow,7417,1,1,3.477051225290562e-11
7445,2588600.0,1112440.0,1720.0,Saturated,,NotOutflow,7970,1,2,4.2945271588293264e-11
7446,2588680.0,1112440.0,1720.0,Saturated,,NotOutflow,6797,1,1,3.26805872517421e-11
7447,2588760.0,1112440.0,1720.0,Saturated,,NotOutflow,7972,1,2,3.3719240437202133e-11
7448,2588840.0,1112440.0,1720.0,Saturated,,NotOutflow,7447,1,1,6.639982768894424e-11
7449,2588920.0,1112440.0,1720.0,Unsaturated,,NotOutflow,6800,1,1,0.01
7450,2586040.0,1112520.0,1720.0,Saturated,Inlet,NotOutflow,7421,1,2,5.605167229714249e-10
7451,2586120.0,1112520.0,1720.0,Saturated,,NotOutflow,7452,3,2,8.102086592986963e-11
7452,2586200.0,1112520.0,1720.0,Saturated,,NotOutflow,7453,3,2,8.102086592986963e-11
7453,2586280.0,1112520.0,1720.0,Saturated,,NotOutflow,7454,3,2,8.102086592986963e-11
7454,2586360.0,1112520.0,1720.0,Saturated,Inlet,NotOutflow,7425,5,5,1.068835380215375e-08
7455,2586440.0,1112520.0,1720.0,Saturated,Inlet,NotOutflow,7482,3,3,3.831365981267245e-09
7456,2586520.0,1112520.0,1720.0,Unsaturated,,NotOutflow,6803,0,1,0.01
7457,2586760.0,1112520.0,1720.0,Unsaturated,,NotOutflow,6805,1,1,0.01
7458,2586840.0,1112520.0,1720.0,Saturated,,NotOutflow,7459,3,3,1.5832650607886614e-10
7459,2586920.0,1112520.0,1720.0,Saturated,Inlet,NotOutflow,7431,6,6,1.2011412067842093e-08
7460,2587000.0,1112520.0,1720.0,Saturated,,NotOutflow,7486,2,3,4.542383164716472e-09
7461,2587320.0,1112520.0,1720.0,Saturated,,NotOutflow,7984,1,3,2.4928165619708973e-09
7462,2587400.0,1112520.0,1720.0,Saturated,,NotOutflow,7490,3,1,9.167300739260336e-09
7463,2587800.0,1112520.0,1720.0,Unsaturated,,NotOutflow,-1,0,0,0.01
7464,2587880.0,1112520.0,1720.0,Saturated,,NotOutflow,7988,2,1,4.0199678826631834e-08
7465,2587960.0,1112520.0,1720.0,Unsaturated,,NotOutflow,6813,0,1,0.01
7466,2588040.0,1112520.0,1720.0,Saturated,,NotOutflow,7439,1,1,2.3536935548026316e-09
7467,2588120.0,1112520.0,1720.0,Unsaturated,,NotOutflow,6815,0,1,0.01
7468,2588200.0,1112520.0,1720.0,Unsaturated,,NotOutflow,5164,0,1,0.01
7469,2588280.0,1112520.0,1720.0,Saturated,,NotOutflow,7442,3,2,3.0114678082359283e-09
7470,2588360.0,1112520.0,1720.0,Saturated,,NotOutflow,6817,1,1,6.559927751652018e-10
7471,2588760.0,1112520.0,1720.0,Unsaturated,,NotOutflow,6818,1,1,0.01
7472,2588840.0,1112520.0,1720.0,Saturated,,NotOutflow,7448,1,1,6.639982768894424e-11
7473,2588920.0,1112520.0,1720.0,Saturated,,NotOutflow,7995,3,3,3.7246222856131416e-10
7474,2589000.0,1112520.0,1720.0,Saturated,,NotOutflow,7473,2,2,2.0497835592545772e-10
7475,2589080.0,1112520.0,1720.0,Unsaturated,,NotOutflow,6822,0,1,0.01
7476,2589160.0,1112520.0,1720.0,Unsaturated,,NotOutflow,6823,0,1,0.01
7477,2589240.0,1112520.0,1720.0,Unsaturated,,NotOutflow,6824,1,1,0.01
7478,2586120.0,1112600.0,1720.0,Unsaturated,,NotOutflow,-1,0,0,0.01
7479,2586200.0,1112600.0,1720.0,Unsaturated,,NotOutflow,-1,1,0,0.01
7480,2586280.0,1112600.0,1720.0,Unsaturated,,NotOutflow,-1,1,0,0.01
7481,2586360.0,1112600.0,1720.0,Saturated,Inlet,NotOutflow,7454,4,2,7.027021978683768e-09
7482,2586440.0,1112600.0,1720.0,Saturated,Inlet,NotOutflow,7483,3,4,3.6867561139882377e-09
7483,2586520.0,1112600.0,1720.0,Saturated,,NotOutflow,6827,2,3,2.674979070732995e-09
7484,2586840.0,1112600.0,1720.0,Unsaturated,,NotOutflow,5179,0,1,0.01
7485,2586920.0,1112600.0,1720.0,Saturated,Inlet,NotOutflow,6830,5,3,3.644746383833243e-08
7486,2587000.0,1112600.0,1720.0,Saturated,Inlet,NotOutflow,7487,5,3,6.56696088631567e-09
7487,2587080.0,1112600.0,1720.0,Saturated,,NotOutflow,6832,3,2,6.564330883791748e-09
7488,2587160.0,1112600.0,1720.0,Unsaturated,,NotOutflow,6833,0,1,0.01
7489,2587320.0,1112600.0,1720.0,Unsaturated,,NotOutflow,5185,0,1,0.01
7490,2587400.0,1112600.0,1720.0,Saturated,,NotOutflow,7519,3,1,2.0035873759804585e-08
7491,2587640.0,1112600.0,1720.0,Unsaturated,,NotOutflow,1443,1,1,0.01
7492,2587720.0,1112600.0,1720.0,Unsaturated,,NotOutflow,482,0,1,0.01
7493,2587800.0,1112600.0,1720.0,Unsaturated,,NotOutflow,483,1,1,0.01
7494,2587880.0,1112600.0,1720.0,Saturated,,NotOutflow,7464,1,1,1.2895282134975098e-09
7495,2587960.0,1112600.0,1720.0,Saturated,,NotOutflow,7494,2,1,1.2895282134975098e-09
7496,2588040.0,1112600.0,1720.0,Saturated,,NotOutflow,8016,1,1,5.875305825506152e-09
7497,2588120.0,1112600.0,1720.0,Saturated,,NotOutflow,7496,1,2,5.875305825506152e-09
7498,2588280.0,1112600.0,1720.0,Saturated,,NotOutflow,7469,1,1,1.2848084756294604e-09
7499,2588360.0,1112600.0,1720.0,Saturated,,NotOutflow,7498,3,2,1.2848084756294604e-09
7500,2588440.0,1112600.0,1720.0,Unsaturated,,NotOutflow,6841,0,1,0.01
7501,2589080.0,1112600.0,1720.0,Unsaturated,,NotOutflow,6842,1,1,0.01
7502,2589160.0,1112600.0,1720.0,Saturated,,NotOutflow,8021,1,2,5.221493483906844e-10
7503,2589240.0,1112600.0,1720.0,Saturated,,NotOutflow,7502,1,1,1.025014121836112e-09
7504,2589320.0,1112600.0,1720.0,Saturated,,NotOutflow,7503,1,1,1.025014121836112e-09
7505,2589400.0,1112600.0,1720.0,Saturated,,NotOutflow,7504,1,1,1.025014121836112e-09
7506,2589480.0,1112600.0,1720.0,Unsaturated,,NotOutflow,6847,1,1,0.01
7507,2586280.0,1112680.0,1720.0,Unsaturated,,NotOutflow,6848,1,1,0.01
7508,2586360.0,1112680.0,1720.0,Saturated,Inlet,NotOutflow,7481,3,2,3.902552442551189e-09
7509,2586440.0,1112680.0,1720.0,Saturated,,NotOutflow,7540,2,1,7.864485995303212e-10
7510,2586520.0,1112680.0,1720.0,Saturated,Inlet,NotOutflow,6850,2,4,1.947995450497736e-09
7511,2586600.0,1112680.0,1720.0,Saturated,,NotOutflow,6851,1,2,5.641211323158889e-11
7512,2586840.0,1112680.0,1720.0,Saturated,,NotOutflow,7513,2,1,1.5770680020090013e-10
7513,2586920.0,1112680.0,1720.0,Saturated,,NotOutflow,7485,3,2,1.4560065249998908e-09
7514,2587000.0,1112680.0,1720.0,Saturated,,NotOutflow,8032,2,2,9.422299150203686e-10
7515,2587080.0,1112680.0,1720.0,Saturated,,NotOutflow,7487,3,3,2.6176277708130077e-10
7516,2587160.0,1112680.0,1720.0,Saturated,,NotOutflow,7515,1,1,4.8250897592893545e-11
7517,2587240.0,1112680.0,1720.0,Saturated,,NotOutflow,7549,1,1,2.2134066509282124e-11
7518,2587320.0,1112680.0,1720.0,Unsaturated,,NotOutflow,6063,1,1,0.01
7519,2587400.0,1112680.0,1720.0,Saturated,,NotOutflow,7520,1,1,2.0035873759804585e-08
7520,2587480.0,1112680.0,1720.0,Saturated,,NotOutflow,7552,1,2,1.3311307919641435e-08
7521,2587560.0,1112680.0,1720.0,Unsaturated,,NotOutflow,6066,1,1,0.01
7522,2587640.0,1112680.0,1720.0,Unsaturated,,NotOutflow,6861,0,1,0.01
7523,2587720.0,1112680.0,1720.0,Unsaturated,,NotOutflow,1471,0,1,0.01
7524,2587960.0,1112680.0,1720.0,Saturated,,NotOutflow,7495,1,1,7.219784917840004e-10
7525,2588040.0,1112680.0,1720.0,Saturated,,NotOutflow,8043,2,2,2.991674603193901e-09
7526,2588120.0,1112680.0,1720.0,Saturated,,NotOutflow,7497,2,2,7.293988884012428e-09
7527,2588200.0,1112680.0,1720.0,Saturated,,NotOutflow,6865,1,1,8.662686838070975e-09
7528,2588360.0,1112680.0,1720.0,Saturated,,NotOutflow,7499,1,1,1.1868581077909985e-09
7529,2588440.0,1112680.0,1720.0,Saturated,,NotOutflow,7528,2,1,1.1868581077909985e-09
7530,2588520.0,1112680.0,1720.0,Unsaturated,,NotOutflow,6867,0,1,0.01
7531,2589320.0,1112680.0,1720.0,Unsaturated,,NotOutflow,6868,1,1,0.01
7532,2589400.0,1112680.0,1720.0,Unsaturated,,NotOutflow,6869,1,1,0.01
7533,2589480.0,1112680.0,1720.0,Saturated,,NotOutflow,-1,0,0,0.0
7534,2589560.0,1112680.0,1720.0,Unsaturated,,NotOutflow,6871,0,1,0.01
7535,2589640.0,1112680.0,1720.0,Unsaturated,,NotOutflow,6872,0,1,0.01
7536,2589720.0,1112680.0,1720.0,Unsaturated,,NotOutflow,6873,0,1,0.01
7537,2589800.0,1112680.0,1720.0,Unsaturated,,NotOutflow,6874,0,1,0.01
7538,2586280.0,1112760.0,1720.0,Unsaturated,,NotOutflow,6875,0,1,0.01
7539,2586360.0,1112760.0,1720.0,Saturated,,NotOutflow,7508,4,2,1.864066712092801e-09
7540,2586440.0,1112760.0,1720.0,Saturated,,NotOutflow,7541,2,1,7.864485995303212e-10
7541,2586520.0,1112760.0,1720.0,Saturated,,NotOutflow,7566,3,1,8.512428822396077e-10
7542,2586600.0,1112760.0,1720.0,Saturated,,NotOutflow,7543,2,1,2.696586324929859e-11
7543,2586680.0,1112760.0,1720.0,Saturated,,NotOutflow,7568,1,1,2.696586324929859e-11
7544,2586840.0,1112760.0,1720.0,Saturated,,NotOutflow,7512,3,2,1.5770680020090013e-10
7545,2586920.0,1112760.0,1720.0,Saturated,,NotOutflow,7513,2,1,1.5050845114762777e-10
7546,2587000.0,1112760.0,1720.0,Saturated,,NotOutflow,7514,1,1,9.422299150203686e-10
7547,2587080.0,1112760.0,1720.0,Saturated,,NotOutflow,7546,2,2,9.422299150203686e-10
7548,2587160.0,1112760.0,1720.0,Saturated,,NotOutflow,6885,2,3,3.774084585979552e-10
7549,2587240.0,1112760.0,1720.0,Saturated,,NotOutflow,8061,1,1,2.2134066509282124e-11
7550,2587320.0,1112760.0,1720.0,Unsaturated,,NotOutflow,6887,0,1,0.01
7551,2587400.0,1112760.0,1720.0,Saturated,,NotOutflow,7576,2,1,1.5155967575610105e-09
7552,2587480.0,1112760.0,1720.0,Saturated,,NotOutflow,7553,1,1,1.3311307919641435e-08
7553,2587560.0,1112760.0,1720.0,Saturated,,NotOutflow,7578,3,2,3.1191806754959524e-07
7554,2587640.0,1112760.0,1720.0,Unsaturated,,NotOutflow,6095,0,1,0.01
7555,2588040.0,1112760.0,1720.0,Saturated,,NotOutflow,8068,1,2,2.256614911427754e-09
7556,2588120.0,1112760.0,1720.0,Saturated,,NotOutflow,7526,3,3,7.293988884012428e-09
7557,2588200.0,1112760.0,1720.0,Saturated,,NotOutflow,6893,3,3,8.695410037596485e-09
7558,2588440.0,1112760.0,1720.0,Saturated,,NotOutflow,7529,2,1,1.1868425708036836e-09
7559,2588520.0,1112760.0,1720.0,Saturated,,NotOutflow,6896,1,3,1.780081074139561e-15
7560,2589640.0,1112760.0,1720.0,Unsaturated,,NotOutflow,6898,1,1,0.01
7561,2589720.0,1112760.0,1720.0,Saturated,,NotOutflow,-1,0,0,0.0
7562,2589800.0,1112760.0,1720.0,Saturated,,NotOutflow,-1,0,0,0.0
7563,2586280.0,1112840.0,1720.0,Saturated,,NotOutflow,7586,2,2,1.1510866957247825e-09
7564,2586360.0,1112840.0,1720.0,Saturated,,NotOutflow,7563,2,2,1.1510866957247825e-09
7565,2586440.0,1112840.0,1720.0,Unsaturated,,NotOutflow,-1,0,0,0.01
7566,2586520.0,1112840.0,1720.0,Saturated,,NotOutflow,7588,2,1,8.512428822396077e-10
7567,2586600.0,1112840.0,1720.0,Saturated,,NotOutflow,6905,2,1,2.5742912704266166e-10
7568,2586680.0,1112840.0,1720.0,Saturated,,NotOutflow,7569,2,1,2.696586324929859e-11
7569,2586760.0,1112840.0,1720.0,Saturated,,NotOutflow,6907,1,1,2.696586324929859e-11
7570,2586840.0,1112840.0,1720.0,Saturated,,NotOutflow,7544,2,1,1.4953449774954038e-10
7571,2587000.0,1112840.0,1720.0,Unsaturated,,NotOutflow,4387,0,1,0.01
7572,2587080.0,1112840.0,1720.0,Saturated,,NotOutflow,7547,2,2,9.422299150203686e-10
7573,2587160.0,1112840.0,1720.0,Saturated,,NotOutflow,6911,2,2,4.1822253214264127e-10
7574,2587240.0,1112840.0,1720.0,Saturated,,NotOutflow,7595,1,1,3.5355327626497654e-10
7575,2587320.0,1112840.0,1720.0,Unsaturated,,NotOutflow,6913,1,1,0.01
7576,2587400.0,1112840.0,1720.0,Saturated,,NotOutflow,7577,2,1,1.5155967575610105e-09
7577,2587480.0,1112840.0,1720.0,Saturated,,NotOutflow,7598,4,3,3.030144935588014e-07
7578,2587560.0,1112840.0,1720.0,Saturated,,NotOutflow,7577,2,5,2.9870099723277287e-07
7579,2587640.0,1112840.0,1720.0,Saturated,,NotOutflow,7600,2,1,1.289472823670883e-08
7580,2587720.0,1112840.0,1720.0,Unsaturated,,NotOutflow,6918,0,1,0.01
7581,2588120.0,1112840.0,1720.0,Saturated,,NotOutflow,8089,2,2,5.556341535733603e-09
7582,2588200.0,1112840.0,1720.0,Saturated,,NotOutflow,7557,4,4,2.3011319673408282e-08
7583,2588280.0,1112840.0,1720.0,Saturated,,NotOutflow,7582,2,1,1.091799154943211e-08
7584,2588520.0,1112840.0,1720.0,Saturated,,NotOutflow,7559,1,2,4.225339087647252e-15
7585,2588600.0,1112840.0,1720.0,Saturated,,NotOutflow,7584,1,1,8.297521594012449e-15
7586,2586280.0,1112920.0,1720.0,Saturated,,NotOutflow,7609,2,2,1.1510866957247825e-09
7587,2586360.0,1112920.0,1720.0,Unsaturated,,NotOutflow,6927,0,1,0.01
7588,2586520.0,1112920.0,1720.0,Saturated,Inlet,NotOutflow,7610,1,2,1.1576896122882484e-09
7589,2586600.0,1112920.0,1720.0,Saturated,,NotOutflow,7567,2,2,2.5742912704266166e-10
7590,2586680.0,1112920.0,1720.0,Unsaturated,,NotOutflow,6929,0,1,0.01
7591,2586760.0,1112920.0,1720.0,Saturated,,NotOutflow,7592,2,1,4.2557326271537024e-10
7592,2586840.0,1112920.0,1720.0,Saturated,,NotOutflow,6931,3,2,9.89449119806673e-10
7593,2587080.0,1112920.0,1720.0,Saturated,,NotOutflow,7572,1,2,4.1822253214264127e-10
7594,2587160.0,1112920.0,1720.0,Saturated,,NotOutflow,7615,2,1,1.994603535173154e-10
7595,2587240.0,1112920.0,1720.0,Saturated,,NotOutflow,7596,2,1,4.030151756046838e-10
7596,2587320.0,1112920.0,1720.0,Saturated,Inlet,NotOutflow,6934,4,1,3.047618844080971e-07
7597,2587400.0,1112920.0,1720.0,Saturated,,NotOutflow,7596,3,2,3.030144935588014e-07
7598,2587480.0,1112920.0,1720.0,Saturated,,NotOutflow,7597,4,2,3.030144935588014e-07
7599,2587560.0,1112920.0,1720.0,Saturated,,NotOutflow,7600,3,2,1.088286858984327e-10
7600,2587640.0,1112920.0,1720.0,Saturated,,NotOutflow,7601,3,1,1.4457602548991458e-08
7601,2587720.0,1112920.0,1720.0,Saturated,,NotOutflow,7602,1,3,1.289472823670883e-08
7602,2587800.0,1112920.0,1720.0,Saturated,,NotOutflow,7623,1,1,1.289472823670883e-08
7603,2588120.0,1112920.0,1720.0,Saturated,,NotOutflow,8107,1,1,3.6435731146365525e-09
7604,2588200.0,1112920.0,1720.0,Saturated,,NotOutflow,7582,2,2,5.551026353941567e-09
7605,2588280.0,1112920.0,1720.0,Saturated,,NotOutflow,7583,2,3,9.813970020959251e-09
7606,2588360.0,1112920.0,1720.0,Saturated,,NotOutflow,7605,1,1,1.536001230109473e-08
7607,2588600.0,1112920.0,1720.0,Saturated,,NotOutflow,8112,2,2,6.273734148390026e-15
7608,2588680.0,1112920.0,1720.0,Saturated,,NotOutflow,7630,3,1,5.351678126779521e-15
7609,2586280.0,1113000.0,1720.0,Saturated,,NotOutflow,6948,1,1,1.1510866957247825e-09
7610,2586520.0,1113000.0,1720.0,Saturated,,NotOutflow,7611,1,1,1.1576896122882484e-09
7611,2586600.0,1113000.0,1720.0,Saturated,Inlet,NotOutflow,6950,2,1,1.8379606323833758e-09
7612,2586760.0,1113000.0,1720.0,Unsaturated,,NotOutflow,6952,0,1,0.01
7613,2586840.0,1113000.0,1720.0,Saturated,Inlet,NotOutflow,7592,1,1,9.89449119806673e-10
7614,2586920.0,1113000.0,1720.0,Unsaturated,,NotOutflow,6954,0,1,0.01
7615,2587160.0,1113000.0,1720.0,Saturated,,NotOutflow,7616,1,1,1.994603535173154e-10
7616,2587240.0,1113000.0,1720.0,Saturated,,NotOutflow,6956,1,1,1.994603535173154e-10
7617,2587320.0,1113000.0,1720.0,Saturated,,NotOutflow,7596,2,1,7.80499816599701e-10
7618,2587400.0,1113000.0,1720.0,Saturated,,NotOutflow,7617,2,1,7.80499816599701e-10
7619,2587480.0,1113000.0,1720.0,Unsaturated,,NotOutflow,6959,1,1,0.01
7620,2587560.0,1113000.0,1720.0,Saturated,,NotOutflow,7599,2,1,1.7791066877193153e-11
7621,2587640.0,1113000.0,1720.0,Saturated,,NotOutflow,7620,2,1,1.7791066877193153e-11
7622,2587720.0,1113000.0,1720.0,Saturated,,NotOutflow,7623,1,1,1.4540456263841958e-09
7623,2587800.0,1113000.0,1720.0,Saturated,,NotOutflow,7624,3,2,1.289472823670883e-08
7624,2587880.0,1113000.0,1720.0,Saturated,,NotOutflow,8121,2,2,9.399109630312176e-09
7625,2587960.0,1113000.0,1720.0,Unsaturated,,NotOutflow,6965,0,1,0.01
7626,2588200.0,1113000.0,1720.0,Saturated,,NotOutflow,7604,1,1,3.6435731146365525e-09
7627,2588280.0,1113000.0,1720.0,Saturated,,NotOutflow,8123,2,3,1.5897219060333194e-08
7628,2588360.0,1113000.0,1720.0,Saturated,,NotOutflow,7606,2,1,1.536001230109473e-08
7629,2588440.0,1113000.0,1720.0,Saturated,,NotOutflow,7628,2,3,7.393383694337676e-09
7630,2588680.0,1113000.0,1720.0,Saturated,,NotOutflow,8127,2,2,1.0346357382979013e-14
7631,2588760.0,1113000.0,1720.0,Saturated,,NotOutflow,7630,2,2,9.644584127275884e-15
7632,2586600.0,1113080.0,1720.0,Unsaturated,,NotOutflow,6973,0,1,0.01
7633,2586680.0,1113080.0,1720.0,Unsaturated,,NotOutflow,6974,0,1,0.01
7634,2586760.0,1113080.0,1720.0,Unsaturated,,NotOutflow,6975,0,1,0.01
7635,2586920.0,1113080.0,1720.0,Unsaturated,,NotOutflow,6977,0,1,0.01
7636,2587240.0,1113080.0,1720.0,Unsaturated,,NotOutflow,6981,0,1,0.01
7637,2587320.0,1113080.0,1720.0,Unsaturated,,NotOutflow,6982,0,1,0.01
7638,2587400.0,1113080.0,1720.0,Saturated,,NotOutflow,7618,1,1,7.80499816599701e-10
7639,2587480.0,1113080.0,1720.0,Saturated,,NotOutflow,7638,1,2,7.80499816599701e-10
7640,2587640.0,1113080.0,1720.0,Saturated,,NotOutflow,7621,2,1,1.7791066877193153e-11
7641,2587720.0,1113080.0,1720.0,Saturated,,NotOutflow,6986,1,2,2.8949973863647366e-11
7642,2587880.0,1113080.0,1720.0,Saturated,,NotOutflow,7643,2,1,1.700696421154551e-08
7643,2587960.0,1113080.0,1720.0,Saturated,,NotOutflow,7660,4,2,4.210304484124068e-08
7644,2588040.0,1113080.0,1720.0,Saturated,Inlet,NotOutflow,7643,2,2,1.098639955292773e-09
7645,2588280.0,1113080.0,1720.0,Saturated,,NotOutflow,7627,1,2,1.820783900806278e-08
7646,2588360.0,1113080.0,1720.0,Saturated,,NotOutflow,7645,2,1,2.3760634465569495e-08
7647,2588440.0,1113080.0,1720.0,Saturated,Inlet,NotOutflow,7629,4,2,6.678813180519446e-09
7648,2588520.0,1113080.0,1720.0,Saturated,,NotOutflow,7647,2,2,5.829939328276772e-09
7649,2588600.0,1113080.0,1720.0,Unsaturated,,NotOutflow,6995,1,1,0.01
7650,2588680.0,1113080.0,1720.0,Unsaturated,,NotOutflow,6199,0,1,0.01
7651,2588760.0,1113080.0,1720.0,Saturated,,NotOutflow,7669,3,2,1.5817828465411604e-09
7652,2588840.0,1113080.0,1720.0,Saturated,,NotOutflow,7670,1,1,7.82942712776148e-15
7653,2587000.0,1113160.0,1720.0,Unsaturated,,NotOutflow,7002,0,1,0.01
7654,2587240.0,1113160.0,1720.0,Unsaturated,,NotOutflow,5356,0,1,0.01
7655,2587320.0,1113160.0,1720.0,Unsaturated,,NotOutflow,7005,0,1,0.01
7656,2587480.0,1113160.0,1720.0,Saturated,Inlet,NotOutflow,7639,1,1,1.2435250590158646e-09
7657,2587560.0,1113160.0,1720.0,Saturated,,NotOutflow,7656,1,1,6.796492019245617e-10
7658,2587720.0,1113160.0,1720.0,Saturated,,NotOutflow,7659,2,2,1.5866466561536026e-10
7659,2587800.0,1113160.0,1720.0,Saturated,,NotOutflow,7011,3,3,3.3450943161064516e-09
7660,2587960.0,1113160.0,1720.0,Saturated,,NotOutflow,7661,1,1,4.210304484124068e-08
7661,2588040.0,1113160.0,1720.0,Saturated,,NotOutflow,7662,4,3,4.601293487714227e-08
7662,2588120.0,1113160.0,1720.0,Saturated,,NotOutflow,7678,2,3,4.5997328225264545e-08
7663,2588200.0,1113160.0,1720.0,Saturated,,NotOutflow,7679,2,2,1.5606651877721678e-11
7664,2588360.0,1113160.0,1720.0,Saturated,,NotOutflow,7646,3,3,1.8077260810104783e-08
7665,2588440.0,1113160.0,1720.0,Saturated,,NotOutflow,8142,1,2,8.353714044243356e-09
7666,2588520.0,1113160.0,1720.0,Saturated,,NotOutflow,7648,2,2,6.886018359255494e-09
7667,2588600.0,1113160.0,1720.0,Saturated,,NotOutflow,7666,1,1,4.217447067808728e-09
7668,2588680.0,1113160.0,1720.0,Saturated,,NotOutflow,7667,1,2,4.217447067808728e-09
7669,2588760.0,1113160.0,1720.0,Saturated,,NotOutflow,7670,1,1,1.5817828465411604e-09
7670,2588840.0,1113160.0,1720.0,Saturated,,NotOutflow,7671,4,2,3.4403602927243025e-09
7671,2588920.0,1113160.0,1720.0,Saturated,,NotOutflow,7687,1,1,3.4403602927243025e-09
7672,2587400.0,1113240.0,1720.0,Unsaturated,,NotOutflow,7031,0,1,0.01
7673,2587560.0,1113240.0,1720.0,Saturated,,NotOutflow,7657,1,1,6.796492019245617e-10
7674,2587640.0,1113240.0,1720.0,Saturated,,NotOutflow,7673,1,1,6.796492019245617e-10
7675,2587720.0,1113240.0,1720.0,Unsaturated,,NotOutflow,7035,0,1,0.01
7676,2587800.0,1113240.0,1720.0,Saturated,Inlet,NotOutflow,7659,2,1,3.3918353568472922e-09
7677,2587880.0,1113240.0,1720.0,Saturated,,NotOutflow,7676,1,1,5.841789784407258e-10
7678,2588120.0,1113240.0,1720.0,Saturated,,NotOutflow,7679,2,1,4.5997328225264545e-08
7679,2588200.0,1113240.0,1720.0,Saturated,,NotOutflow,7680,4,2,4.880790690671284e-08
7680,2588280.0,1113240.0,1720.0,Saturated,,NotOutflow,7041,2,4,4.8792300254835124e-08
7681,2588360.0,1113240.0,1720.0,Saturated,,NotOutflow,7695,2,1,5.929876159811356e-10
7682,2588440.0,1113240.0,1720.0,Saturated,,NotOutflow,7665,1,2,1.4128679146716166e-08
7683,2588600.0,1113240.0,1720.0,Unsaturated,,NotOutflow,1680,0,1,0.01
7684,2588680.0,1113240.0,1720.0,Saturated,,NotOutflow,7668,2,3,6.855341572779925e-09
7685,2588760.0,1113240.0,1720.0,Saturated,,NotOutflow,7684,4,1,7.057178734161356e-09
7686,2588840.0,1113240.0,1720.0,Saturated,,NotOutflow,7685,3,2,3.5951211857199673e-09
7687,2588920.0,1113240.0,1720.0,Saturated,,NotOutflow,7048,3,2,3.4403602927243025e-09
7688,2589000.0,1113240.0,1720.0,Unsaturated,,NotOutflow,7049,0,1,0.01
7689,2587640.0,1113320.0,1720.0,Unsaturated,,NotOutflow,7056,0,1,0.01
7690,2587720.0,1113320.0,1720.0,Unsaturated,,NotOutflow,7057,0,1,0.01
7691,2587880.0,1113320.0,1720.0,Saturated,,NotOutflow,7677,1,1,5.841789784407258e-10
7692,2587960.0,1113320.0,1720.0,Unsaturated,,NotOutflow,7060,0,1,0.01
7693,2588200.0,1113320.0,1720.0,Unsaturated,,NotOutflow,7063,0,1,0.01
7694,2588280.0,1113320.0,1720.0,Unsaturated,,NotOutflow,7064,1,1,0.01
7695,2588360.0,1113320.0,1720.0,Saturated,,NotOutflow,7696,2,1,5.929876159811356e-10
7696,2588440.0,1113320.0,1720.0,Saturated,,NotOutflow,7682,3,2,2.215379999461598e-08
7697,2588520.0,1113320.0,1720.0,Saturated,,NotOutflow,7696,3,3,2.215379999461598e-08
7698,2588760.0,1113320.0,1720.0,Unsaturated,,NotOutflow,1706,1,1,0.01
7699,2588840.0,1113320.0,1720.0,Saturated,,NotOutflow,7686,2,1,8.887329525010844e-10
7700,2588920.0,1113320.0,1720.0,Saturated,,NotOutflow,7701,4,2,3.092015752096128e-09
7701,2589000.0,1113320.0,1720.0,Saturated,,NotOutflow,7707,2,1,3.092015752096128e-09
7702,2588440.0,1113400.0,1720.0,Unsaturated,,NotOutflow,7084,0,1,0.01
7703,2588520.0,1113400.0,1720.0,Saturated,,NotOutflow,7697,2,1,2.4050493795393427e-08
7704,2588600.0,1113400.0,1720.0,Unsaturated,,NotOutflow,7086,0,1,0.01
7705,2588680.0,1113400.0,1720.0,Unsaturated,,NotOutflow,7087,0,1,0.01
7706,2588920.0,1113400.0,1720.0,Saturated,,NotOutflow,7700,1,1,3.542792267852329e-10
7707,2589000.0,1113400.0,1720.0,Saturated,,NotOutflow,7708,3,3,3.092015752096128e-09
7708,2589080.0,1113400.0,1720.0,Saturated,,NotOutflow,7707,1,1,3.0920157520961275e-09
7709,2589160.0,1113400.0,1720.0,Unsaturated,,NotOutflow,7090,0,1,0.01
7710,2588600.0,1113480.0,1720.0,Unsaturated,,NotOutflow,7102,0,1,0.01
7711,2588680.0,1113480.0,1720.0,Unsaturated,,NotOutflow,7103,0,1,0.01
7712,2588760.0,1113480.0,1720.0,Unsaturated,,NotOutflow,7104,0,1,0.01
7713,2588840.0,1113480.0,1720.0,Unsaturated,,NotOutflow,7105,0,1,0.01
7714,2589080.0,1113480.0,1720.0,Unsaturated,,NotOutflow,7106,0,1,0.01
7715,2589160.0,1113480.0,1720.0,Saturated,,NotOutflow,-1,0,0,0.0
7716,2589240.0,1113480.0,1720.0,Unsaturated,,NotOutflow,7108,0,1,0.01
7717,2588760.0,1113560.0,1720.0,Unsaturated,,NotOutflow,7119,0,1,0.01
7718,2588840.0,1113560.0,1720.0,Unsaturated,,NotOutflow,7120,0,1,0.01
7719,2588920.0,1113560.0,1720.0,Unsaturated,,NotOutflow,7121,0,1,0.01
7720,2587880.0,1109000.0,1800.0,Unsaturated,,NotOutflow,-1,0,0,0.01
7721,2587960.0,1109000.0,1800.0,Saturated,,NotOutflow,7723,2,1,1.2042105277605569e-08
7722,2587880.0,1109080.0,1800.0,Saturated,,NotOutflow,7724,2,2,1.504037232088548e-08
7723,2587960.0,1109080.0,1800.0,Saturated,Inlet,NotOutflow,7722,4,3,1.504037232088548e-08
7724,2587880.0,1109160.0,1800.0,Saturated,,NotOutflow,7726,1,2,7.528344506863295e-09
7725,2587960.0,1109160.0,1800.0,Unsaturated,,NotOutflow,7149,1,1,0.01
7726,2587880.0,1109240.0,1800.0,Saturated,,NotOutflow,7728,2,1,8.128085970906317e-09
7727,2587800.0,1109320.0,1800.0,Saturated,,NotOutflow,7729,1,1,5.997414640430215e-10
7728,2587880.0,1109320.0,1800.0,Saturated,,NotOutflow,7730,1,2,7.528344506863295e-09
7729,2587800.0,1109400.0,1800.0,Saturated,,NotOutflow,7732,2,1,8.128085970906317e-09
7730,2587880.0,1109400.0,1800.0,Saturated,,NotOutflow,7729,2,1,7.528344506863295e-09
7731,2586040.0,1109480.0,1800.0,Saturated,Inlet,NotOutflow,7733,2,1,4.915450306397472e-09
7732,2587800.0,1109480.0,1800.0,Saturated,Inlet,NotOutflow,7736,4,1,1.876324824517489e-08
7733,2586040.0,1109560.0,1800.0,Saturated,,NotOutflow,7737,2,4,3.4747545191646854e-09
7734,2586120.0,1109560.0,1800.0,Unsaturated,,NotOutflow,22,0,1,0.01
7735,2587720.0,1109560.0,1800.0,Unsaturated,,NotOutflow,7160,0,1,0.01
7736,2587800.0,1109560.0,1800.0,Saturated,,NotOutflow,7161,2,3,9.548443451132933e-09
7737,2586040.0,1109640.0,1800.0,Saturated,,NotOutflow,7738,2,2,3.4747545191646854e-09
7738,2586120.0,1109640.0,1800.0,Saturated,Inlet,NotOutflow,7741,1,3,2.485072771804927e-09
7739,2587720.0,1109640.0,1800.0,Saturated,,NotOutflow,7743,2,2,9.214804794041958e-09
7740,2587800.0,1109640.0,1800.0,Saturated,,NotOutflow,7739,2,2,9.214804794041958e-09
7741,2586120.0,1109720.0,1800.0,Saturated,Inlet,NotOutflow,7742,1,1,3.838374828824053e-09
7742,2586200.0,1109720.0,1800.0,Saturated,,NotOutflow,7745,1,1,3.838374828824053e-09
7743,2587720.0,1109720.0,1800.0,Saturated,,NotOutflow,7747,3,2,9.82357323998298e-09
7744,2587800.0,1109720.0,1800.0,Unsaturated,,NotOutflow,7169,0,1,0.01
7745,2586200.0,1109800.0,1800.0,Saturated,,NotOutflow,7171,1,1,3.838374828824053e-09
7746,2587640.0,1109800.0,1800.0,Unsaturated,,NotOutflow,-1,1,0,0.01
7747,2587720.0,1109800.0,1800.0,Saturated,Inlet,NotOutflow,7749,4,3,1.176557864072623e-08
7748,2587640.0,1109880.0,1800.0,Saturated,,NotOutflow,7750,3,2,1.2220177626255412e-08
7749,2587720.0,1109880.0,1800.0,Saturated,,NotOutflow,7748,2,2,1.176557864072623e-08
7750,2587640.0,1109960.0,1800.0,Saturated,Inlet,NotOutflow,7752,2,2,1.3132982324622224e-08
7751,2587720.0,1109960.0,1800.0,Unsaturated,,NotOutflow,7179,0,1,0.01
7752,2587640.0,1110040.0,1800.0,Saturated,Inlet,NotOutflow,7180,3,2,2.7727264275575137e-08
7753,2587560.0,1110120.0,1800.0,Unsaturated,,NotOutflow,7182,0,1,0.01
7754,2587640.0,1110120.0,1800.0,Saturated,,NotOutflow,7752,3,2,1.2341176776316389e-09
7755,2587560.0,1110200.0,1800.0,Saturated,,NotOutflow,7757,1,1,6.46002850485412e-10
7756,2587640.0,1110200.0,1800.0,Saturated,Inlet,NotOutflow,7754,1,2,1.2138385074895066e-09
7757,2587560.0,1110280.0,1800.0,Saturated,,NotOutflow,7186,1,1,6.46002850485412e-10
7758,2587560.0,1110360.0,1800.0,Unsaturated,,NotOutflow,7188,0,1,0.01
7759,2587480.0,1110600.0,1800.0,Unsaturated,,NotOutflow,7193,0,1,0.01
7760,2587480.0,1110680.0,1800.0,Unsaturated,,NotOutflow,7195,0,1,0.01
7761,2587400.0,1110760.0,1800.0,Saturated,,NotOutflow,7763,1,1,3.2691131079313798e-09
7762,2587480.0,1110760.0,1800.0,Unsaturated,,NotOutflow,7197,0,1,0.01
7763,2587400.0,1110840.0,1800.0,Saturated,Inlet,NotOutflow,7765,3,2,1.6499543593126932e-08
7764,2587320.0,1110920.0,1800.0,Unsaturated,,NotOutflow,7202,0,1,0.01
7765,2587400.0,1110920.0,1800.0,Saturated,Inlet,NotOutflow,7768,1,3,9.289465543335857e-09
7766,2587000.0,1111000.0,1800.0,Unsaturated,,NotOutflow,7205,0,1,0.01
7767,2587320.0,1111000.0,1800.0,Saturated,Inlet,NotOutflow,7771,1,1,2.4069207890058514e-08
7768,2587400.0,1111000.0,1800.0,Saturated,,NotOutflow,7767,2,1,2.136260377602026e-08
7769,2587000.0,1111080.0,1800.0,Unsaturated,,NotOutflow,7208,0,1,0.01
7770,2587080.0,1111080.0,1800.0,Unsaturated,,NotOutflow,7209,0,1,0.01
7771,2587320.0,1111080.0,1800.0,Saturated,,NotOutflow,7776,1,2,1.215779515431754e-08
7772,2587400.0,1111080.0,1800.0,Unsaturated,,NotOutflow,7211,0,1,0.01
7773,2587080.0,1111160.0,1800.0,Saturated,,NotOutflow,7774,1,1,7.090001610343572e-10
7774,2587160.0,1111160.0,1800.0,Saturated,,NotOutflow,7777,1,1,7.090001610343572e-10
7775,2587240.0,1111160.0,1800.0,Unsaturated,,NotOutflow,-1,0,0,0.01
7776,2587320.0,1111160.0,1800.0,Saturated,,NotOutflow,7779,1,1,1.215779515431754e-08
7777,2587160.0,1111240.0,1800.0,Saturated,,NotOutflow,7780,1,1,7.090001610343572e-10
7778,2587240.0,1111240.0,1800.0,Saturated,,NotOutflow,7781,1,1,1.215779515431754e-08
7779,2587320.0,1111240.0,1800.0,Saturated,,NotOutflow,7778,1,1,1.215779515431754e-08
7780,2587160.0,1111320.0,1800.0,Saturated,,NotOutflow,7781,1,1,7.090001610343572e-10
7781,2587240.0,1111320.0,1800.0,Saturated,,NotOutflow,7783,4,1,1.8064388338998008e-08
7782,2587320.0,1111320.0,1800.0,Unsaturated,,NotOutflow,7221,0,1,0.01
7783,2587240.0,1111400.0,1800.0,Saturated,Inlet,NotOutflow,7222,5,1,4.4694311152624795e-08
7784,2587320.0,1111400.0,1800.0,Saturated,,NotOutflow,7783,2,1,1.7646270245534017e-09
7785,2587160.0,1111480.0,1800.0,Unsaturated,,NotOutflow,7224,1,1,0.01
7786,2587240.0,1111480.0,1800.0,Saturated,,NotOutflow,7783,2,1,1.9396124630296324e-09
7787,2587320.0,1111480.0,1800.0,Saturated,,NotOutflow,7786,3,3,1.8544726198361421e-09
7788,2587160.0,1111560.0,1800.0,Saturated,,NotOutflow,7789,2,1,8.51398431934903e-11
7789,2587240.0,1111560.0,1800.0,Saturated,,NotOutflow,7786,2,1,8.51398431934903e-11
7790,2587320.0,1111560.0,1800.0,Saturated,,NotOutflow,7787,2,2,1.7646270245534017e-09
7791,2587400.0,1111560.0,1800.0,Saturated,,NotOutflow,7795,1,1,1.1965526608079086e-10
7792,2587160.0,1111640.0,1800.0,Saturated,,NotOutflow,7788,2,1,8.51398431934903e-11
7793,2587240.0,1111640.0,1800.0,Unsaturated,,NotOutflow,7234,0,1,0.01
7794,2587320.0,1111640.0,1800.0,Unsaturated,,NotOutflow,3111,1,1,0.01
7795,2587400.0,1111640.0,1800.0,Saturated,Inlet,NotOutflow,7235,2,2,5.840031625924238e-09
7796,2587080.0,1111720.0,1800.0,Unsaturated,,NotOutflow,1189,0,1,0.01
7797,2587160.0,1111720.0,1800.0,Saturated,,NotOutflow,7792,2,1,8.51398431934903e-11
7798,2587400.0,1111720.0,1800.0,Saturated,,NotOutflow,7799,1,1,4.766159374071911e-10
7799,2587480.0,1111720.0,1800.0,Saturated,,NotOutflow,7804,2,1,1.9040960283560004e-08
7800,2586840.0,1111800.0,1800.0,Unsaturated,,NotOutflow,7244,0,1,0.01
7801,2587000.0,1111800.0,1800.0,Unsaturated,,NotOutflow,7246,0,1,0.01
7802,2587080.0,1111800.0,1800.0,Saturated,,NotOutflow,7803,1,1,8.51398431934903e-11
7803,2587160.0,1111800.0,1800.0,Saturated,,NotOutflow,7797,1,1,8.51398431934903e-11
7804,2587480.0,1111800.0,1800.0,Saturated,,NotOutflow,7805,2,1,2.0303308912766326e-08
7805,2587560.0,1111800.0,1800.0,Saturated,,NotOutflow,7813,1,1,2.0303308912766326e-08
7806,2586920.0,1111880.0,1800.0,Unsaturated,,NotOutflow,7253,0,1,0.01
7807,2587080.0,1111880.0,1800.0,Saturated,,NotOutflow,7255,3,2,1.1698734102588598e-08
7808,2587160.0,1111880.0,1800.0,Saturated,,NotOutflow,7807,2,1,1.815344625192554e-09
7809,2587240.0,1111880.0,1800.0,Saturated,,NotOutflow,7808,2,1,3.427978148389376e-10
7810,2587320.0,1111880.0,1800.0,Saturated,,NotOutflow,7809,1,1,1.163840491153005e-10
7811,2587400.0,1111880.0,1800.0,Saturated,,NotOutflow,7810,1,1,1.163840491153005e-10
7812,2587480.0,1111880.0,1800.0,Saturated,,NotOutflow,7811,1,1,1.163840491153005e-10
7813,2587560.0,1111880.0,1800.0,Saturated,,NotOutflow,7822,2,1,6.123011982175499e-08
7814,2587640.0,1111880.0,1800.0,Unsaturated,,NotOutflow,7262,0,1,0.01
7815,2587000.0,1111960.0,1800.0,Unsaturated,,NotOutflow,7266,0,1,0.01
7816,2587080.0,1111960.0,1800.0,Saturated,,NotOutflow,7807,2,2,1.84192506902906e-09
7817,2587160.0,1111960.0,1800.0,Saturated,,NotOutflow,7832,2,1,1.134996679391359e-10
7818,2587240.0,1111960.0,1800.0,Unsaturated,,NotOutflow,7269,0,1,0.01
7819,2587320.0,1111960.0,1800.0,Unsaturated,,NotOutflow,7270,1,1,0.01
7820,2587400.0,1111960.0,1800.0,Unsaturated,,NotOutflow,7271,1,1,0.01
7821,2587480.0,1111960.0,1800.0,Saturated,,NotOutflow,7812,1,1,1.163840491153005e-10
7822,2587560.0,1111960.0,1800.0,Saturated,,NotOutflow,7823,2,2,6.123011982175499e-08
7823,2587640.0,1111960.0,1800.0,Saturated,Inlet,NotOutflow,7274,4,3,5.1175976858257993e-08
7824,2587720.0,1111960.0,1800.0,Saturated,,NotOutflow,7823,3,1,2.8295158840803296e-09
7825,2587800.0,1111960.0,1800.0,Saturated,,NotOutflow,7824,2,1,8.733423189237091e-10
7826,2587880.0,1111960.0,1800.0,Saturated,,NotOutflow,7825,2,1,8.733423189237091e-10
7827,2587960.0,1111960.0,1800.0,Unsaturated,,NotOutflow,7278,1,1,0.01
7828,2588040.0,1111960.0,1800.0,Unsaturated,,NotOutflow,7279,1,1,0.01
7829,2586520.0,1112040.0,1800.0,Unsaturated,,NotOutflow,7281,0,1,0.01
7830,2587000.0,1112040.0,1800.0,Unsaturated,,NotOutflow,7283,0,1,0.01
7831,2587080.0,1112040.0,1800.0,Saturated,Inlet,NotOutflow,7284,1,3,1.2418353961076378e-09
7832,2587160.0,1112040.0,1800.0,Saturated,,NotOutflow,7833,1,2,8.880242412829612e-11
7833,2587240.0,1112040.0,1800.0,Saturated,,NotOutflow,7286,1,3,4.1762688592379774e-11
7834,2587320.0,1112040.0,1800.0,Saturated,,NotOutflow,7854,3,3,2.876338331680166e-09
7835,2587400.0,1112040.0,1800.0,Saturated,,NotOutflow,7855,2,1,2.263827646162015e-09
7836,2587640.0,1112040.0,1800.0,Saturated,,NotOutflow,7837,3,3,1.9666075701845815e-08
7837,2587720.0,1112040.0,1800.0,Saturated,,NotOutflow,7859,2,1,1.9666075701845815e-08
7838,2587800.0,1112040.0,1800.0,Unsaturated,,NotOutflow,7291,1,1,0.01
7839,2587880.0,1112040.0,1800.0,Saturated,,NotOutflow,7292,1,2,2.1580805998720143e-09
7840,2587960.0,1112040.0,1800.0,Saturated,,NotOutflow,7293,3,2,4.95959764918918e-09
7841,2588040.0,1112040.0,1800.0,Saturated,,NotOutflow,7840,2,3,1.1089812753261695e-09
7842,2588120.0,1112040.0,1800.0,Saturated,,NotOutflow,7841,2,1,1.0319769974421796e-09
7843,2588200.0,1112040.0,1800.0,Saturated,,NotOutflow,7842,1,1,1.7943643011936332e-10
7844,2588280.0,1112040.0,1800.0,Saturated,,NotOutflow,7843,1,1,1.7943643011936332e-10
7845,2588360.0,1112040.0,1800.0,Saturated,,NotOutflow,8240,1,2,3.722958963332521e-10
7846,2588440.0,1112040.0,1800.0,Saturated,,NotOutflow,7845,1,2,5.517323264526154e-10
7847,2588520.0,1112040.0,1800.0,Unsaturated,,NotOutflow,7300,1,1,0.01
7848,2588600.0,1112040.0,1800.0,Unsaturated,,NotOutflow,7301,1,1,0.01
7849,2586520.0,1112120.0,1800.0,Unsaturated,,NotOutflow,7304,0,1,0.01
7850,2586600.0,1112120.0,1800.0,Unsaturated,,NotOutflow,7305,0,1,0.01
7851,2587000.0,1112120.0,1800.0,Saturated,,NotOutflow,7852,1,1,4.719667628626946e-10
7852,2587080.0,1112120.0,1800.0,Saturated,,NotOutflow,7831,4,3,1.5698415408269768e-09
7853,2587160.0,1112120.0,1800.0,Unsaturated,,NotOutflow,7308,0,1,0.01
7854,2587320.0,1112120.0,1800.0,Saturated,,NotOutflow,7855,2,3,2.346747312811981e-09
7855,2587400.0,1112120.0,1800.0,Saturated,,NotOutflow,7310,5,3,2.8551846293382185e-09
7856,2587480.0,1112120.0,1800.0,Saturated,,NotOutflow,7855,2,1,9.66977476674554e-10
7857,2587560.0,1112120.0,1800.0,Saturated,,NotOutflow,7856,1,1,1.2249692680054688e-10
7858,2587640.0,1112120.0,1800.0,Saturated,,NotOutflow,7836,3,2,1.5357870456552492e-09
7859,2587720.0,1112120.0,1800.0,Saturated,,NotOutflow,7882,3,2,1.9666075701845815e-08
7860,2588280.0,1112120.0,1800.0,Unsaturated,,NotOutflow,7316,1,1,0.01
7861,2588360.0,1112120.0,1800.0,Unsaturated,,NotOutflow,7317,1,1,0.01
7862,2588440.0,1112120.0,1800.0,Saturated,,NotOutflow,7846,1,1,7.176601149621462e-10
7863,2588520.0,1112120.0,1800.0,Saturated,,NotOutflow,7862,2,1,7.176601149621462e-10
7864,2588600.0,1112120.0,1800.0,Saturated,,NotOutflow,7863,1,1,6.161961147711527e-10
7865,2588680.0,1112120.0,1800.0,Saturated,,NotOutflow,7864,1,1,6.161961147711527e-10
7866,2588760.0,1112120.0,1800.0,Saturated,,NotOutflow,7865,2,1,6.161961147711527e-10
7867,2588840.0,1112120.0,1800.0,Saturated,,NotOutflow,8260,1,2,1.134839713199933e-11
7868,2588920.0,1112120.0,1800.0,Saturated,,NotOutflow,7867,1,2,1.4630808260250686e-11
7869,2589000.0,1112120.0,1800.0,Saturated,,NotOutflow,7868,1,1,2.668329163937624e-11
7870,2589080.0,1112120.0,1800.0,Unsaturated,,NotOutflow,7326,1,1,0.01
7871,2589160.0,1112120.0,1800.0,Unsaturated,,NotOutflow,-1,1,0,0.01
7872,2586360.0,1112200.0,1800.0,Unsaturated,,NotOutflow,7331,0,1,0.01
7873,2586600.0,1112200.0,1800.0,Unsaturated,,NotOutflow,7333,0,1,0.01
7874,2586680.0,1112200.0,1800.0,Unsaturated,,NotOutflow,7334,0,1,0.01
7875,2587000.0,1112200.0,1800.0,Saturated,,NotOutflow,7851,1,1,4.719667628626946e-10
7876,2587080.0,1112200.0,1800.0,Saturated,,NotOutflow,7852,2,2,9.318026429619175e-10
7877,2587160.0,1112200.0,1800.0,Saturated,,NotOutflow,7876,2,2,9.318026429619175e-10
7878,2587400.0,1112200.0,1800.0,Saturated,,NotOutflow,7879,1,1,1.451864815902598e-09
7879,2587480.0,1112200.0,1800.0,Saturated,,NotOutflow,7908,2,1,3.466604892670077e-08
7880,2587560.0,1112200.0,1800.0,Saturated,,NotOutflow,7909,2,1,2.2627477681987523e-08
7881,2587640.0,1112200.0,1800.0,Saturated,,NotOutflow,7858,2,1,1.0019101739822162e-10
7882,2587720.0,1112200.0,1800.0,Saturated,,NotOutflow,7883,3,4,2.671119702422603e-08
7883,2587800.0,1112200.0,1800.0,Saturated,,NotOutflow,7343,3,4,3.0918476509089796e-08
7884,2587880.0,1112200.0,1800.0,Saturated,,NotOutflow,7344,2,3,1.2233507742052761e-08
7885,2587960.0,1112200.0,1800.0,Unsaturated,,NotOutflow,7345,1,1,0.01
7886,2588120.0,1112200.0,1800.0,Unsaturated,,NotOutflow,2288,1,1,0.01
7887,2588840.0,1112200.0,1800.0,Unsaturated,,NotOutflow,7347,1,1,0.01
7888,2588920.0,1112200.0,1800.0,Unsaturated,,NotOutflow,7348,1,1,0.01
7889,2589000.0,1112200.0,1800.0,Saturated,,NotOutflow,7869,2,1,2.668329163937624e-11
7890,2589080.0,1112200.0,1800.0,Saturated,,NotOutflow,7889,1,1,2.0927179495633552e-11
7891,2589160.0,1112200.0,1800.0,Saturated,,NotOutflow,7890,1,1,2.0927179495633552e-11
7892,2589240.0,1112200.0,1800.0,Saturated,,NotOutflow,7891,1,1,2.0927179495633552e-11
7893,2589320.0,1112200.0,1800.0,Saturated,,NotOutflow,-1,0,0,0.0
7894,2589400.0,1112200.0,1800.0,Unsaturated,,NotOutflow,7354,0,1,0.01
7895,2589480.0,1112200.0,1800.0,Unsaturated,,NotOutflow,7355,0,1,0.01
7896,2589560.0,1112200.0,1800.0,Unsaturated,,NotOutflow,7356,1,1,0.01
7897,2589640.0,1112200.0,1800.0,Unsaturated,,NotOutflow,7357,1,1,0.01
7898,2586360.0,1112280.0,1800.0,Unsaturated,,NotOutflow,7362,0,1,0.01
7899,2586440.0,1112280.0,1800.0,Unsaturated,,NotOutflow,7363,0,1,0.01
7900,2586520.0,1112280.0,1800.0,Unsaturated,,NotOutflow,7364,0,1,0.01
7901,2586600.0,1112280.0,1800.0,Unsaturated,,NotOutflow,7365,0,1,0.01
7902,2586680.0,1112280.0,1800.0,Saturated,,NotOutflow,7366,2,2,3.0992484332121536e-10
7903,2586760.0,1112280.0,1800.0,Unsaturated,,NotOutflow,7367,0,1,0.01
7904,2586920.0,1112280.0,1800.0,Unsaturated,,NotOutflow,5917,0,1,0.01
7905,2587000.0,1112280.0,1800.0,Saturated,,NotOutflow,7368,2,3,1.3786768296691596e-09
7906,2587160.0,1112280.0,1800.0,Saturated,Inlet,NotOutflow,7907,4,2,9.322596556452892e-09
7907,2587240.0,1112280.0,1800.0,Saturated,,NotOutflow,7937,3,2,9.322596556452892e-09
7908,2587480.0,1112280.0,1800.0,Saturated,,NotOutflow,8293,1,2,2.2937604144678127e-08
7909,2587560.0,1112280.0,1800.0,Saturated,,NotOutflow,7910,2,2,2.2627477681987523e-08
7910,2587640.0,1112280.0,1800.0,Saturated,,NotOutflow,7940,2,1,4.611227054327099e-08
7911,2587720.0,1112280.0,1800.0,Unsaturated,,NotOutflow,7374,0,1,0.01
7912,2587800.0,1112280.0,1800.0,Saturated,,NotOutflow,7913,1,2,6.815194861632693e-09
7913,2587880.0,1112280.0,1800.0,Saturated,,NotOutflow,7943,4,3,2.9496875309869652e-08
7914,2587960.0,1112280.0,1800.0,Saturated,,NotOutflow,7913,2,3,2.4440108287195624e-08
7915,2588040.0,1112280.0,1800.0,Saturated,,NotOutflow,7914,5,1,3.4872974794532325e-08
7916,2588120.0,1112280.0,1800.0,Saturated,,NotOutflow,7915,2,1,4.056399643788665e-09
7917,2588200.0,1112280.0,1800.0,Saturated,,NotOutflow,7916,1,1,6.095460346366861e-10
7918,2588280.0,1112280.0,1800.0,Unsaturated,,NotOutflow,7381,1,1,0.01
7919,2589320.0,1112280.0,1800.0,Unsaturated,,NotOutflow,7382,1,1,0.01
7920,2589400.0,1112280.0,1800.0,Unsaturated,,NotOutflow,7383,1,1,0.01
7921,2589480.0,1112280.0,1800.0,Saturated,,NotOutflow,-1,1,0,0.0
7922,2589560.0,1112280.0,1800.0,Unsaturated,,NotOutflow,7385,1,1,0.01
7923,2589640.0,1112280.0,1800.0,Unsaturated,,NotOutflow,7386,1,1,0.01
7924,2589720.0,1112280.0,1800.0,Saturated,,NotOutflow,-1,0,0,0.0
7925,2589800.0,1112280.0,1800.0,Saturated,,NotOutflow,-1,0,0,0.0
7926,2589880.0,1112280.0,1800.0,Unsaturated,,NotOutflow,7389,0,1,0.01
7927,2586200.0,1112360.0,1800.0,Unsaturated,,NotOutflow,7393,0,1,0.01
7928,2586280.0,1112360.0,1800.0,Unsaturated,,NotOutflow,7394,0,1,0.01
7929,2586520.0,1112360.0,1800.0,Saturated,,NotOutflow,7397,1,1,1.8833462260159026e-10
7930,2586600.0,1112360.0,1800.0,Saturated,Inlet,NotOutflow,7931,0,2,3.7554123448971274e-10
7931,2586680.0,1112360.0,1800.0,Saturated,,NotOutflow,7955,4,4,3.7554123448971274e-10
7932,2586760.0,1112360.0,1800.0,Saturated,Inlet,NotOutflow,7956,2,2,4.836919242984776e-10
7933,2586840.0,1112360.0,1800.0,Unsaturated,,NotOutflow,7401,0,1,0.01
7934,2586920.0,1112360.0,1800.0,Saturated,,NotOutflow,7958,2,1,8.559605215063988e-10
7935,2587000.0,1112360.0,1800.0,Saturated,Inlet,NotOutflow,7905,2,2,1.2222855349116248e-09
7936,2587160.0,1112360.0,1800.0,Unsaturated,,NotOutflow,7404,0,1,0.01
7937,2587240.0,1112360.0,1800.0,Saturated,,NotOutflow,7960,2,3,5.2682054236216815e-09
7938,2587320.0,1112360.0,1800.0,Unsaturated,,NotOutflow,7406,0,1,0.01
7939,2587560.0,1112360.0,1800.0,Saturated,,NotOutflow,7940,1,1,1.1728444782022643e-08
7940,2587640.0,1112360.0,1800.0,Saturated,,NotOutflow,8316,5,2,1.101776933520831e-07
7941,2587720.0,1112360.0,1800.0,Saturated,,NotOutflow,7962,3,2,4.8552150233674604e-08
7942,2587800.0,1112360.0,1800.0,Saturated,,NotOutflow,7943,1,1,1.395899072243389e-09
7943,2587880.0,1112360.0,1800.0,Saturated,,NotOutflow,7410,3,2,6.346627958327984e-08
7944,2587960.0,1112360.0,1800.0,Unsaturated,,NotOutflow,7411,1,1,0.01
7945,2588040.0,1112360.0,1800.0,Saturated,,NotOutflow,7915,1,1,1.0199781958231e-08
7946,2588120.0,1112360.0,1800.0,Saturated,,NotOutflow,7945,2,1,1.0199781958231e-08
7947,2588200.0,1112360.0,1800.0,Saturated,,NotOutflow,7917,1,1,6.095460346366861e-10
7948,2588280.0,1112360.0,1800.0,Saturated,,NotOutflow,7947,1,1,6.095460346366861e-10
7949,2588360.0,1112360.0,1800.0,Saturated,,NotOutflow,7948,1,1,6.095460346366861e-10
7950,2588440.0,1112360.0,1800.0,Saturated,,NotOutflow,7949,1,2,6.095460346366861e-10
7951,2588520.0,1112360.0,1800.0,Saturated,,NotOutflow,8327,2,3,2.6462731533558254e-09
7952,2588600.0,1112360.0,1800.0,Unsaturated,,NotOutflow,7418,1,1,0.01
7953,2586280.0,1112440.0,1800.0,Unsaturated,,NotOutflow,7424,0,1,0.01
7954,2586360.0,1112440.0,1800.0,Unsaturated,,NotOutflow,7425,0,1,0.01
7955,2586680.0,1112440.0,1800.0,Saturated,,NotOutflow,7956,2,3,3.7554123448971274e-10
7956,2586760.0,1112440.0,1800.0,Saturated,,NotOutflow,7957,3,3,1.2155894135804306e-09
7957,2586840.0,1112440.0,1800.0,Saturated,,NotOutflow,7981,4,2,1.2298756101295145e-09
7958,2586920.0,1112440.0,1800.0,Saturated,,NotOutflow,7982,2,2,4.919576012456978e-10
7959,2587000.0,1112440.0,1800.0,Unsaturated,,NotOutflow,7432,1,1,0.01
7960,2587240.0,1112440.0,1800.0,Saturated,,NotOutflow,7961,1,1,5.2682054236216815e-09
7961,2587320.0,1112440.0,1800.0,Saturated,,NotOutflow,7984,1,1,5.2682054236216815e-09
7962,2587720.0,1112440.0,1800.0,Saturated,,NotOutflow,8336,2,2,4.8552150233674604e-08
7963,2587800.0,1112440.0,1800.0,Saturated,,NotOutflow,7987,2,2,4.8488824750742614e-08
7964,2587880.0,1112440.0,1800.0,Saturated,Inlet,NotOutflow,7943,3,1,6.346627958327984e-08
7965,2587960.0,1112440.0,1800.0,Saturated,,NotOutflow,7964,2,1,2.5936369762987572e-08
7966,2588120.0,1112440.0,1800.0,Saturated,,NotOutflow,7946,1,1,8.940802142882147e-09
7967,2588200.0,1112440.0,1800.0,Saturated,,NotOutflow,7966,2,2,8.940802142882147e-09
7968,2588440.0,1112440.0,1800.0,Unsaturated,,NotOutflow,7443,1,1,0.01
7969,2588520.0,1112440.0,1800.0,Saturated,,NotOutflow,7951,2,3,3.2540864153896076e-09
7970,2588600.0,1112440.0,1800.0,Saturated,,NotOutflow,7969,4,1,5.081983310255946e-09
7971,2588680.0,1112440.0,1800.0,Saturated,,NotOutflow,7970,1,1,3.4413143217528435e-09
7972,2588760.0,1112440.0,1800.0,Saturated,,NotOutflow,7971,3,1,3.4413143217528435e-09
7973,2588840.0,1112440.0,1800.0,Saturated,,NotOutflow,7972,1,1,8.944394701118414e-10
7974,2588920.0,1112440.0,1800.0,Unsaturated,,NotOutflow,7449,1,1,0.01
7975,2586120.0,1112520.0,1800.0,Unsaturated,,NotOutflow,7451,0,1,0.01
7976,2586200.0,1112520.0,1800.0,Unsaturated,,NotOutflow,7452,0,1,0.01
7977,2586280.0,1112520.0,1800.0,Unsaturated,,NotOutflow,7453,0,1,0.01
7978,2586360.0,1112520.0,1800.0,Unsaturated,,NotOutflow,7454,0,1,0.01
7979,2586440.0,1112520.0,1800.0,Unsaturated,,NotOutflow,7455,0,1,0.01
7980,2586760.0,1112520.0,1800.0,Unsaturated,,NotOutflow,7457,1,1,0.01
7981,2586840.0,1112520.0,1800.0,Saturated,Inlet,NotOutflow,7982,4,4,2.1934093221708773e-09
7982,2586920.0,1112520.0,1800.0,Saturated,Inlet,NotOutflow,7459,4,4,4.148838745342623e-09
7983,2587000.0,1112520.0,1800.0,Saturated,,NotOutflow,8006,2,1,2.7950821506465224e-10
7984,2587320.0,1112520.0,1800.0,Saturated,Inlet,NotOutflow,7985,4,1,1.4921944548488487e-08
7985,2587400.0,1112520.0,1800.0,Saturated,,NotOutflow,8010,2,2,7.558866054788983e-09
7986,2587720.0,1112520.0,1800.0,Unsaturated,,NotOutflow,-1,0,0,0.01
7987,2587800.0,1112520.0,1800.0,Saturated,,NotOutflow,7988,2,3,4.8488824750742614e-08
7988,2587880.0,1112520.0,1800.0,Saturated,,NotOutflow,7987,2,2,6.393984056489541e-08
7989,2587960.0,1112520.0,1800.0,Saturated,,NotOutflow,7965,1,1,8.34781737976464e-09
7990,2588040.0,1112520.0,1800.0,Saturated,,NotOutflow,7989,2,1,8.34781737976464e-09
7991,2588200.0,1112520.0,1800.0,Saturated,,NotOutflow,7967,3,2,8.940802142882147e-09
7992,2588280.0,1112520.0,1800.0,Saturated,,NotOutflow,7991,3,2,4.393250460663195e-09
7993,2588760.0,1112520.0,1800.0,Unsaturated,,NotOutflow,7471,1,1,0.01
7994,2588840.0,1112520.0,1800.0,Saturated,,NotOutflow,7973,1,1,8.944394701118414e-10
7995,2588920.0,1112520.0,1800.0,Saturated,,NotOutflow,8366,3,3,1.2682934597216182e-09
7996,2589000.0,1112520.0,1800.0,Saturated,,NotOutflow,7995,3,3,7.785595163108747e-10
7997,2589080.0,1112520.0,1800.0,Saturated,,NotOutflow,7996,1,1,9.211391865226015e-10
7998,2589160.0,1112520.0,1800.0,Saturated,,NotOutflow,7997,1,1,9.211391865226015e-10
7999,2589240.0,1112520.0,1800.0,Unsaturated,,NotOutflow,7477,1,1,0.01
8000,2586200.0,1112600.0,1800.0,Unsaturated,,NotOutflow,7479,0,1,0.01
8001,2586280.0,1112600.0,1800.0,Unsaturated,,NotOutflow,7480,0,1,0.01
8002,2586360.0,1112600.0,1800.0,Unsaturated,,NotOutflow,7481,0,1,0.01
8003,2586440.0,1112600.0,1800.0,Unsaturated,,NotOutflow,7482,0,1,0.01
8004,2586840.0,1112600.0,1800.0,Saturated,,NotOutflow,8005,2,1,9.041866871063957e-11
8005,2586920.0,1112600.0,1800.0,Saturated,Inlet,NotOutflow,7485,4,1,6.243362495161794e-09
8006,2587000.0,1112600.0,1800.0,Saturated,,NotOutflow,8007,2,1,2.7950821506465224e-10
8007,2587080.0,1112600.0,1800.0,Saturated,,NotOutflow,8008,2,2,1.5190199041753093e-10
8008,2587160.0,1112600.0,1800.0,Saturated,,NotOutflow,8034,2,1,1.5190199041753093e-10
8009,2587320.0,1112600.0,1800.0,Saturated,,NotOutflow,7984,1,1,1.4866374562174935e-09
8010,2587400.0,1112600.0,1800.0,Saturated,Inlet,NotOutflow,7490,2,2,9.866651382547559e-09
8011,2587640.0,1112600.0,1800.0,Unsaturated,,NotOutflow,7491,0,1,0.01
8012,2587720.0,1112600.0,1800.0,Saturated,,NotOutflow,8041,1,1,2.9870099723277287e-07
8013,2587800.0,1112600.0,1800.0,Unsaturated,,NotOutflow,7493,0,1,0.01
8014,2587880.0,1112600.0,1800.0,Saturated,,NotOutflow,8015,1,1,2.474866301247904e-08
8015,2587960.0,1112600.0,1800.0,Saturated,,NotOutflow,8042,1,1,2.474866301247904e-08
8016,2588040.0,1112600.0,1800.0,Saturated,Inlet,NotOutflow,7990,3,2,8.34781737976464e-09
8017,2588120.0,1112600.0,1800.0,Saturated,,NotOutflow,8016,4,2,2.131703720750616e-09
8018,2588280.0,1112600.0,1800.0,Saturated,,NotOutflow,7992,2,1,3.793392524137271e-09
8019,2588360.0,1112600.0,1800.0,Saturated,,NotOutflow,7499,2,2,7.539397034008029e-10
8020,2589080.0,1112600.0,1800.0,Unsaturated,,NotOutflow,7501,1,1,0.01
8021,2589160.0,1112600.0,1800.0,Saturated,,NotOutflow,7998,2,1,9.211391865226015e-10
8022,2589240.0,1112600.0,1800.0,Saturated,,NotOutflow,8021,2,1,3.9898983813191706e-10
8023,2589320.0,1112600.0,1800.0,Saturated,,NotOutflow,8022,1,1,9.697314867422901e-11
8024,2589400.0,1112600.0,1800.0,Saturated,,NotOutflow,7505,1,2,1.025014121836112e-09
8025,2589480.0,1112600.0,1800.0,Unsaturated,,NotOutflow,7506,1,1,0.01
8026,2586280.0,1112680.0,1800.0,Unsaturated,,NotOutflow,7507,0,1,0.01
8027,2586360.0,1112680.0,1800.0,Unsaturated,,NotOutflow,7508,0,1,0.01
8028,2586440.0,1112680.0,1800.0,Unsaturated,,NotOutflow,7509,0,1,0.01
8029,2586520.0,1112680.0,1800.0,Unsaturated,,NotOutflow,7510,0,1,0.01
8030,2586840.0,1112680.0,1800.0,Unsaturated,,NotOutflow,7512,0,1,0.01
8031,2586920.0,1112680.0,1800.0,Saturated,,NotOutflow,8005,3,1,2.165709098383861e-09
8032,2587000.0,1112680.0,1800.0,Saturated,,NotOutflow,8031,3,1,2.0161746006343204e-09
8033,2587080.0,1112680.0,1800.0,Saturated,,NotOutflow,8034,3,2,1.276062246471213e-10
8034,2587160.0,1112680.0,1800.0,Saturated,,NotOutflow,8395,2,2,1.5190199041753093e-10
8035,2587240.0,1112680.0,1800.0,Saturated,,NotOutflow,8396,1,1,1.276062246471213e-10
8036,2587320.0,1112680.0,1800.0,Unsaturated,,NotOutflow,7518,1,1,0.01
8037,2587400.0,1112680.0,1800.0,Saturated,,NotOutflow,8038,2,1,2.3119610048557457e-09
8038,2587480.0,1112680.0,1800.0,Saturated,,NotOutflow,8064,2,1,9.036526845018898e-09
8039,2587560.0,1112680.0,1800.0,Unsaturated,,NotOutflow,7521,0,1,0.01
8040,2587640.0,1112680.0,1800.0,Saturated,,NotOutflow,8066,2,1,2.9870099723277287e-07
8041,2587720.0,1112680.0,1800.0,Saturated,,NotOutflow,8040,1,1,2.9870099723277287e-07
8042,2587960.0,1112680.0,1800.0,Saturated,,NotOutflow,8043,2,3,1.309327066743937e-08
8043,2588040.0,1112680.0,1800.0,Saturated,,NotOutflow,8068,4,2,1.911239793779068e-08
8044,2588120.0,1112680.0,1800.0,Saturated,,NotOutflow,8017,2,4,7.130206622443402e-10
8045,2588360.0,1112680.0,1800.0,Saturated,,NotOutflow,8406,2,2,1.3965935968975083e-09
8046,2588440.0,1112680.0,1800.0,Saturated,,NotOutflow,8045,1,1,1.212612847591651e-09
8047,2589320.0,1112680.0,1800.0,Unsaturated,,NotOutflow,7531,1,1,0.01
8048,2589400.0,1112680.0,1800.0,Unsaturated,,NotOutflow,7532,1,1,0.01
8049,2589480.0,1112680.0,1800.0,Saturated,,NotOutflow,-1,0,0,0.0
8050,2589560.0,1112680.0,1800.0,Saturated,,NotOutflow,-1,1,0,0.0
8051,2589640.0,1112680.0,1800.0,Saturated,,NotOutflow,-1,0,0,0.0
8052,2586360.0,1112760.0,1800.0,Unsaturated,,NotOutflow,7539,0,1,0.01
8053,2586440.0,1112760.0,1800.0,Unsaturated,,NotOutflow,7540,0,1,0.01
8054,2586520.0,1112760.0,1800.0,Unsaturated,,NotOutflow,7541,0,1,0.01
8055,2586600.0,1112760.0,1800.0,Unsaturated,,NotOutflow,7542,0,1,0.01
8056,2586840.0,1112760.0,1800.0,Unsaturated,,NotOutflow,7544,0,1,0.01
8057,2586920.0,1112760.0,1800.0,Unsaturated,,NotOutflow,7545,0,1,0.01
8058,2587000.0,1112760.0,1800.0,Saturated,Inlet,NotOutflow,8032,1,1,1.0739446856139516e-09
8059,2587080.0,1112760.0,1800.0,Saturated,,NotOutflow,8033,1,1,3.731440530577247e-11
8060,2587160.0,1112760.0,1800.0,Saturated,,NotOutflow,7548,1,2,3.100136746741943e-10
8061,2587240.0,1112760.0,1800.0,Saturated,,NotOutflow,8062,1,1,2.2134066509282124e-11
8062,2587320.0,1112760.0,1800.0,Saturated,,NotOutflow,8063,2,2,1.4293939957565399e-09
8063,2587400.0,1112760.0,1800.0,Saturated,,NotOutflow,7551,2,1,1.4293939957565399e-09
8064,2587480.0,1112760.0,1800.0,Saturated,,NotOutflow,8065,2,1,9.243199944580728e-09
8065,2587560.0,1112760.0,1800.0,Saturated,,NotOutflow,7553,2,2,2.9870099723277287e-07
8066,2587640.0,1112760.0,1800.0,Saturated,,NotOutflow,8065,1,1,2.9870099723277287e-07
8067,2587960.0,1112760.0,1800.0,Saturated,,NotOutflow,8068,2,2,1.165539234503967e-08
8068,2588040.0,1112760.0,1800.0,Saturated,,NotOutflow,8416,5,3,3.945029265042062e-08
8069,2588120.0,1112760.0,1800.0,Saturated,,NotOutflow,8044,3,4,1.0826425107107073e-09
8070,2588200.0,1112760.0,1800.0,Saturated,,NotOutflow,8069,2,2,7.130206622443402e-10
8071,2588360.0,1112760.0,1800.0,Saturated,,NotOutflow,8045,1,1,1.1021996965560578e-09
8072,2588440.0,1112760.0,1800.0,Saturated,,NotOutflow,8046,2,4,1.212612847591651e-09
8073,2588520.0,1112760.0,1800.0,Saturated,,NotOutflow,8072,2,2,3.5016543373055862e-09
8074,2589640.0,1112760.0,1800.0,Unsaturated,,NotOutflow,7560,0,1,0.01
8075,2586520.0,1112840.0,1800.0,Unsaturated,,NotOutflow,7566,0,1,0.01
8076,2586600.0,1112840.0,1800.0,Unsaturated,,NotOutflow,7567,0,1,0.01
8077,2586680.0,1112840.0,1800.0,Unsaturated,,NotOutflow,7568,0,1,0.01
8078,2586840.0,1112840.0,1800.0,Unsaturated,,NotOutflow,7570,0,1,0.01
8079,2587000.0,1112840.0,1800.0,Saturated,,NotOutflow,8058,1,1,5.100688285226488e-10
8080,2587080.0,1112840.0,1800.0,Saturated,Inlet,NotOutflow,8079,1,2,5.100688285226488e-10
8081,2587160.0,1112840.0,1800.0,Saturated,Inlet,NotOutflow,8082,0,3,4.030151756046838e-10
8082,2587240.0,1112840.0,1800.0,Saturated,,NotOutflow,7574,1,2,3.5355327626497654e-10
8083,2587320.0,1112840.0,1800.0,Unsaturated,,NotOutflow,7575,0,1,0.01
8084,2587400.0,1112840.0,1800.0,Unsaturated,,NotOutflow,7576,1,1,0.01
8085,2587480.0,1112840.0,1800.0,Unsaturated,,NotOutflow,7577,1,1,0.01
8086,2587560.0,1112840.0,1800.0,Saturated,Inlet,NotOutflow,8087,3,1,2.1434764141526097e-08
8087,2587640.0,1112840.0,1800.0,Saturated,,NotOutflow,8104,2,2,1.09188440817134e-08
8088,2588040.0,1112840.0,1800.0,Saturated,,NotOutflow,8068,1,1,1.1408884916098388e-08
8089,2588120.0,1112840.0,1800.0,Saturated,,NotOutflow,8107,3,3,2.2142211372494523e-08
8090,2588200.0,1112840.0,1800.0,Saturated,Inlet,NotOutflow,7582,5,4,1.5063679004255843e-08
8091,2588280.0,1112840.0,1800.0,Saturated,,NotOutflow,8090,1,1,6.834202928506238e-09
8092,2588440.0,1112840.0,1800.0,Saturated,,NotOutflow,8072,1,1,6.907940492217302e-10
8093,2588520.0,1112840.0,1800.0,Saturated,,NotOutflow,8073,5,2,3.5016543373055862e-09
8094,2588600.0,1112840.0,1800.0,Saturated,,NotOutflow,8093,1,1,7.57298800714487e-16
8095,2586760.0,1112920.0,1800.0,Unsaturated,,NotOutflow,7591,0,1,0.01
8096,2586840.0,1112920.0,1800.0,Unsaturated,,NotOutflow,7592,0,1,0.01
8097,2587080.0,1112920.0,1800.0,Saturated,Inlet,NotOutflow,7593,1,2,6.176828856599567e-10
8098,2587160.0,1112920.0,1800.0,Unsaturated,,NotOutflow,7594,0,1,0.01
8099,2587240.0,1112920.0,1800.0,Saturated,,NotOutflow,7595,1,1,4.9461899339707304e-11
8100,2587320.0,1112920.0,1800.0,Unsaturated,,NotOutflow,7596,0,1,0.01
8101,2587400.0,1112920.0,1800.0,Unsaturated,,NotOutflow,7597,0,1,0.01
8102,2587480.0,1112920.0,1800.0,Unsaturated,,NotOutflow,7598,0,1,0.01
8103,2587560.0,1112920.0,1800.0,Unsaturated,,NotOutflow,7599,0,1,0.01
8104,2587640.0,1112920.0,1800.0,Saturated,,NotOutflow,8105,2,1,1.09188440817134e-08
8105,2587720.0,1112920.0,1800.0,Saturated,,NotOutflow,8106,2,2,1.09188440817134e-08
8106,2587800.0,1112920.0,1800.0,Saturated,,NotOutflow,8120,1,1,1.09188440817134e-08
8107,2588120.0,1112920.0,1800.0,Saturated,,NotOutflow,8089,3,2,2.8765592508588965e-08
8108,2588200.0,1112920.0,1800.0,Saturated,,NotOutflow,8107,3,3,2.512201939395241e-08
8109,2588280.0,1112920.0,1800.0,Saturated,,NotOutflow,8091,3,2,6.834202928506238e-09
8110,2588360.0,1112920.0,1800.0,Saturated,,NotOutflow,8109,1,1,1.2881606483707617e-09
8111,2588520.0,1112920.0,1800.0,Saturated,,NotOutflow,8093,2,2,1.3299442450860399e-09
8112,2588600.0,1112920.0,1800.0,Saturated,,NotOutflow,8126,3,4,1.514916670449835e-09
8113,2588680.0,1112920.0,1800.0,Unsaturated,,NotOutflow,7608,0,1,0.01
8114,2587320.0,1113000.0,1800.0,Unsaturated,,NotOutflow,7617,0,1,0.01
8115,2587400.0,1113000.0,1800.0,Unsaturated,,NotOutflow,7618,0,1,0.01
8116,2587480.0,1113000.0,1800.0,Unsaturated,,NotOutflow,7619,0,1,0.01
8117,2587560.0,1113000.0,1800.0,Unsaturated,,NotOutflow,7620,0,1,0.01
8118,2587640.0,1113000.0,1800.0,Unsaturated,,NotOutflow,7621,0,1,0.01
8119,2587720.0,1113000.0,1800.0,Saturated,,NotOutflow,8120,1,1,1.088286858984327e-10
8120,2587800.0,1113000.0,1800.0,Saturated,Inlet,NotOutflow,8121,4,1,1.4008133280323527e-08
8121,2587880.0,1113000.0,1800.0,Saturated,Inlet,NotOutflow,8129,2,2,2.6372060538221773e-08
8122,2588200.0,1113000.0,1800.0,Saturated,,NotOutflow,8108,2,2,2.512201939395241e-08
8123,2588280.0,1113000.0,1800.0,Saturated,,NotOutflow,8122,3,3,2.879383541141893e-08
8124,2588360.0,1113000.0,1800.0,Saturated,Inlet,NotOutflow,7628,4,2,7.96662860675705e-09
8125,2588440.0,1113000.0,1800.0,Saturated,,NotOutflow,8124,1,1,6.226028664222257e-09
8126,2588600.0,1113000.0,1800.0,Saturated,,NotOutflow,8127,2,1,3.108024427537152e-09
8127,2588680.0,1113000.0,1800.0,Saturated,,NotOutflow,8136,3,1,5.591087484205459e-09
8128,2587640.0,1113080.0,1800.0,Unsaturated,,NotOutflow,7640,0,1,0.01
8129,2587880.0,1113080.0,1800.0,Saturated,Inlet,NotOutflow,8130,1,2,1.58585059585422e-08
8130,2587960.0,1113080.0,1800.0,Saturated,Inlet,NotOutflow,7643,2,1,4.804688877070597e-08
8131,2588040.0,1113080.0,1800.0,Unsaturated,,NotOutflow,7644,0,1,0.01
8132,2588280.0,1113080.0,1800.0,Saturated,,NotOutflow,8123,3,1,1.8760723033440794e-08
8133,2588360.0,1113080.0,1800.0,Saturated,,NotOutflow,8132,2,2,1.320792757593408e-08
8134,2588440.0,1113080.0,1800.0,Saturated,Inlet,NotOutflow,8125,4,4,6.226028664222257e-09
8135,2588520.0,1113080.0,1800.0,Saturated,,NotOutflow,8134,2,2,1.8692666885217944e-09
8136,2588680.0,1113080.0,1800.0,Saturated,,NotOutflow,8137,3,2,6.308810455650052e-09
8137,2588760.0,1113080.0,1800.0,Saturated,Inlet,NotOutflow,8145,2,3,4.950579012836219e-09
8138,2588040.0,1113160.0,1800.0,Saturated,,NotOutflow,8139,1,1,1.5767778015026115e-11
8139,2588120.0,1113160.0,1800.0,Saturated,,NotOutflow,8140,1,1,1.5767778015026115e-11
8140,2588200.0,1113160.0,1800.0,Saturated,,NotOutflow,8148,1,1,1.5767778015026115e-11
8141,2588360.0,1113160.0,1800.0,Saturated,,NotOutflow,8133,3,2,1.320792757593408e-08
8142,2588440.0,1113160.0,1800.0,Saturated,,NotOutflow,8141,4,3,1.637883489214317e-08
8143,2588520.0,1113160.0,1800.0,Saturated,Inlet,NotOutflow,7666,5,3,4.774995185485468e-09
8144,2588600.0,1113160.0,1800.0,Saturated,Inlet,NotOutflow,8143,1,2,1.6190438804727372e-09
8145,2588760.0,1113160.0,1800.0,Saturated,,NotOutflow,8146,1,1,4.950579012836219e-09
8146,2588840.0,1113160.0,1800.0,Saturated,,NotOutflow,7670,1,1,4.950579012836219e-09
8147,2588120.0,1113240.0,1800.0,Unsaturated,,NotOutflow,7678,0,1,0.01
8148,2588200.0,1113240.0,1800.0,Saturated,,NotOutflow,8149,1,1,1.5767778015026115e-11
8149,2588280.0,1113240.0,1800.0,Saturated,Inlet,NotOutflow,7680,2,1,5.905946731247507e-10
8150,2588360.0,1113240.0,1800.0,Unsaturated,,NotOutflow,7681,0,1,0.01
8151,2588440.0,1113240.0,1800.0,Saturated,,NotOutflow,8142,1,1,8.025120847899814e-09
8152,2588600.0,1113240.0,1800.0,Saturated,,NotOutflow,8144,2,2,7.639744251309551e-10
8153,2588680.0,1113240.0,1800.0,Saturated,Inlet,NotOutflow,7684,2,2,1.2893973949469477e-09
8154,2588760.0,1113240.0,1800.0,Unsaturated,,NotOutflow,7685,0,1,0.01
8155,2588840.0,1113240.0,1800.0,Saturated,,NotOutflow,-1,0,0,0.0
8156,2588920.0,1113240.0,1800.0,Unsaturated,,NotOutflow,7687,0,1,0.01
8157,2588280.0,1113320.0,1800.0,Unsaturated,,NotOutflow,7694,0,1,0.01
8158,2588360.0,1113320.0,1800.0,Unsaturated,,NotOutflow,7695,0,1,0.01
8159,2588440.0,1113320.0,1800.0,Unsaturated,,NotOutflow,7696,0,1,0.01
8160,2588520.0,1113320.0,1800.0,Unsaturated,,NotOutflow,7697,0,1,0.01
8161,2588760.0,1113320.0,1800.0,Unsaturated,,NotOutflow,7698,0,1,0.01
8162,2588840.0,1113320.0,1800.0,Unsaturated,,NotOutflow,7699,0,1,0.01
8163,2588920.0,1113320.0,1800.0,Unsaturated,,NotOutflow,7700,0,1,0.01
8164,2589000.0,1113320.0,1800.0,Unsaturated,,NotOutflow,7701,0,1,0.01
8165,2589000.0,1113400.0,1800.0,Unsaturated,,NotOutflow,7707,0,1,0.01
8166,2587880.0,1109000.0,1880.0,Saturated,,NotOutflow,8168,1,1,9.814879795873376e-10
8167,2587960.0,1109000.0,1880.0,Saturated,Inlet,NotOutflow,7721,2,2,9.032744651159985e-09
8168,2587880.0,1109080.0,1880.0,Saturated,Inlet,NotOutflow,8169,3,4,4.315421837530454e-09
8169,2587960.0,1109080.0,1880.0,Saturated,,NotOutflow,8167,2,2,2.6593632681039975e-09
8170,2587880.0,1109160.0,1880.0,Saturated,,NotOutflow,8168,2,2,8.915631640307372e-10
8171,2587960.0,1109160.0,1880.0,Unsaturated,,NotOutflow,7725,0,1,0.01
8172,2587800.0,1109240.0,1880.0,Unsaturated,,NotOutflow,-1,0,0,0.01
8173,2587880.0,1109240.0,1880.0,Saturated,,NotOutflow,8170,2,2,8.915631640307372e-10
8174,2587800.0,1109320.0,1880.0,Saturated,,NotOutflow,8175,1,1,8.915631640307372e-10
8175,2587880.0,1109320.0,1880.0,Saturated,,NotOutflow,8173,1,1,8.915631640307372e-10
8176,2587800.0,1109400.0,1880.0,Saturated,,NotOutflow,8174,1,1,8.915631640307372e-10
8177,2587880.0,1109400.0,1880.0,Unsaturated,,NotOutflow,7730,0,1,0.01
8178,2586040.0,1109480.0,1880.0,Saturated,Inlet,NotOutflow,7731,1,1,1.6285847026771322e-09
8179,2587720.0,1109480.0,1880.0,Unsaturated,,NotOutflow,-1,1,0,0.01
8180,2587800.0,1109480.0,1880.0,Saturated,Inlet,NotOutflow,7732,1,3,2.2123497902723163e-09
8181,2586040.0,1109560.0,1880.0,Saturated,,NotOutflow,8178,1,1,2.752826456580058e-10
8182,2587720.0,1109560.0,1880.0,Saturated,,NotOutflow,8184,1,1,9.162007122288966e-10
8183,2587800.0,1109560.0,1880.0,Saturated,,NotOutflow,8182,1,2,9.162007122288966e-10
8184,2587720.0,1109640.0,1880.0,Saturated,,NotOutflow,8186,3,1,1.9725958700540314e-09
8185,2587800.0,1109640.0,1880.0,Saturated,,NotOutflow,8184,2,1,6.087684459410227e-10
8186,2587720.0,1109720.0,1880.0,Saturated,,NotOutflow,8188,2,2,1.3638274241130089e-09
8187,2587640.0,1109800.0,1880.0,Unsaturated,,NotOutflow,7746,0,1,0.01
8188,2587720.0,1109800.0,1880.0,Saturated,Inlet,NotOutflow,7747,1,2,2.2625304956029546e-09
8189,2587640.0,1109880.0,1880.0,Saturated,,NotOutflow,7748,1,1,4.545989855291809e-10
8190,2587720.0,1109880.0,1880.0,Saturated,,NotOutflow,8189,1,1,4.545989855291809e-10
8191,2587640.0,1109960.0,1880.0,Unsaturated,,NotOutflow,7750,0,1,0.01
8192,2587240.0,1111320.0,1880.0,Unsaturated,,NotOutflow,7781,0,1,0.01
8193,2587240.0,1111400.0,1880.0,Saturated,,NotOutflow,7783,1,1,1.6548399870550653e-10
8194,2587320.0,1111400.0,1880.0,Unsaturated,,NotOutflow,7784,0,1,0.01
8195,2587160.0,1111480.0,1880.0,Unsaturated,,NotOutflow,7785,0,1,0.01
8196,2587240.0,1111480.0,1880.0,Saturated,,NotOutflow,8193,1,1,1.6548399870550653e-10
8197,2587320.0,1111480.0,1880.0,Saturated,,NotOutflow,7787,2,2,1.8544726198361421e-09
8198,2587160.0,1111560.0,1880.0,Unsaturated,,NotOutflow,7788,0,1,0.01
8199,2587240.0,1111560.0,1880.0,Unsaturated,,NotOutflow,7789,0,1,0.01
8200,2587320.0,1111560.0,1880.0,Saturated,,NotOutflow,8197,2,3,2.0199566185416487e-09
8201,2587400.0,1111560.0,1880.0,Saturated,,NotOutflow,8200,2,2,3.619099644389544e-09
8202,2587160.0,1111640.0,1880.0,Unsaturated,,NotOutflow,7792,0,1,0.01
8203,2587320.0,1111640.0,1880.0,Unsaturated,,NotOutflow,7794,1,1,0.01
8204,2587400.0,1111640.0,1880.0,Saturated,Inlet,NotOutflow,7795,3,3,4.843690240231511e-09
8205,2587160.0,1111720.0,1880.0,Unsaturated,,NotOutflow,7797,0,1,0.01
8206,2587400.0,1111720.0,1880.0,Saturated,,NotOutflow,8204,2,2,4.1327229235338185e-09
8207,2587480.0,1111720.0,1880.0,Saturated,,NotOutflow,8206,2,2,4.1327229235338185e-09
8208,2587480.0,1111800.0,1880.0,Saturated,,NotOutflow,8207,3,2,4.1327229235338185e-09
8209,2587560.0,1111800.0,1880.0,Saturated,,NotOutflow,8208,2,1,1.0131859142630191e-10
8210,2587160.0,1111880.0,1880.0,Saturated,,NotOutflow,7808,1,1,1.4725468103536165e-09
8211,2587240.0,1111880.0,1880.0,Saturated,,NotOutflow,8210,1,2,1.4725468103536165e-09
8212,2587320.0,1111880.0,1880.0,Saturated,,NotOutflow,8211,2,1,1.6989605760772535e-09
8213,2587400.0,1111880.0,1880.0,Saturated,,NotOutflow,8212,1,1,2.2641376572363708e-10
8214,2587480.0,1111880.0,1880.0,Saturated,,NotOutflow,8213,1,1,2.2641376572363708e-10
8215,2587560.0,1111880.0,1880.0,Saturated,,NotOutflow,8209,1,1,1.0131859142630191e-10
8216,2587160.0,1111960.0,1880.0,Unsaturated,,NotOutflow,7817,0,1,0.01
8217,2587320.0,1111960.0,1880.0,Unsaturated,,NotOutflow,7819,1,1,0.01
8218,2587400.0,1111960.0,1880.0,Unsaturated,,NotOutflow,7820,0,1,0.01
8219,2587480.0,1111960.0,1880.0,Saturated,,NotOutflow,8214,1,1,2.2641376572363708e-10
8220,2587560.0,1111960.0,1880.0,Saturated,,NotOutflow,8221,2,3,1.2091773443910533e-08
8221,2587640.0,1111960.0,1880.0,Saturated,Inlet,NotOutflow,7823,1,2,1.290127393813029e-08
8222,2587720.0,1111960.0,1880.0,Unsaturated,,NotOutflow,7824,0,1,0.01
8223,2587800.0,1111960.0,1880.0,Unsaturated,,NotOutflow,7825,0,1,0.01
8224,2587880.0,1111960.0,1880.0,Unsaturated,,NotOutflow,7826,1,1,0.01
8225,2587960.0,1111960.0,1880.0,Unsaturated,,NotOutflow,7827,1,1,0.01
8226,2588040.0,1111960.0,1880.0,Unsaturated,,NotOutflow,7828,1,1,0.01
8227,2587160.0,1112040.0,1880.0,Saturated,,NotOutflow,8228,1,1,2.4697243810839777e-11
8228,2587240.0,1112040.0,1880.0,Saturated,,NotOutflow,8229,3,1,5.06717571438676e-11
8229,2587320.0,1112040.0,1880.0,Saturated,Inlet,NotOutflow,7834,3,2,4.311997749816274e-09
8230,2587400.0,1112040.0,1880.0,Unsaturated,,NotOutflow,7835,1,1,0.01
8231,2587640.0,1112040.0,1880.0,Saturated,,NotOutflow,7836,1,1,1.9485408712582835e-10
8232,2587720.0,1112040.0,1880.0,Unsaturated,,NotOutflow,7837,1,1,0.01
8233,2587800.0,1112040.0,1880.0,Unsaturated,,NotOutflow,7838,1,1,0.01
8234,2587880.0,1112040.0,1880.0,Saturated,,NotOutflow,-1,0,0,0.0
8235,2587960.0,1112040.0,1880.0,Saturated,,NotOutflow,7840,2,3,6.8698098553219595e-09
8236,2588040.0,1112040.0,1880.0,Saturated,,NotOutflow,8235,3,2,7.747721762674583e-09
8237,2588120.0,1112040.0,1880.0,Saturated,,NotOutflow,7842,1,1,8.525405673228163e-10
8238,2588200.0,1112040.0,1880.0,Saturated,,NotOutflow,8237,1,1,8.525405673228163e-10
8239,2588280.0,1112040.0,1880.0,Saturated,,NotOutflow,8238,2,2,8.525405673228163e-10
8240,2588360.0,1112040.0,1880.0,Saturated,,NotOutflow,8239,2,2,5.38223684842783e-10
8241,2588440.0,1112040.0,1880.0,Saturated,,NotOutflow,8240,2,1,2.2107297088262486e-10
8242,2588520.0,1112040.0,1880.0,Unsaturated,,NotOutflow,7847,1,1,0.01
8243,2588600.0,1112040.0,1880.0,Unsaturated,,NotOutflow,7848,1,1,0.01
8244,2587080.0,1112120.0,1880.0,Saturated,,NotOutflow,7852,1,1,1.6607213500236478e-10
8245,2587320.0,1112120.0,1880.0,Saturated,,NotOutflow,8246,2,1,1.3831954748312142e-09
8246,2587400.0,1112120.0,1880.0,Saturated,,NotOutflow,8267,2,2,1.3831954748312142e-09
8247,2587480.0,1112120.0,1880.0,Saturated,,NotOutflow,7856,1,2,8.444805498740072e-10
8248,2587560.0,1112120.0,1880.0,Saturated,,NotOutflow,8247,2,1,8.487961945234909e-10
8249,2587640.0,1112120.0,1880.0,Saturated,,NotOutflow,8231,2,3,1.9485408712582835e-10
8250,2587720.0,1112120.0,1880.0,Unsaturated,,NotOutflow,7859,0,1,0.01
8251,2588120.0,1112120.0,1880.0,Unsaturated,,NotOutflow,1267,1,1,0.01
8252,2588200.0,1112120.0,1880.0,Unsaturated,,NotOutflow,6662,1,1,0.01
8253,2588280.0,1112120.0,1880.0,Unsaturated,,NotOutflow,7860,1,1,0.01
8254,2588360.0,1112120.0,1880.0,Unsaturated,,NotOutflow,7861,1,1,0.01
8255,2588440.0,1112120.0,1880.0,Saturated,,NotOutflow,8241,1,1,5.514518237309407e-11
8256,2588520.0,1112120.0,1880.0,Saturated,,NotOutflow,8526,1,3,1.1117597333938267e-09
8257,2588600.0,1112120.0,1880.0,Saturated,,NotOutflow,8256,1,1,1.2683689159579143e-09
8258,2588680.0,1112120.0,1880.0,Saturated,,NotOutflow,8257,1,1,1.2683689159579143e-09
8259,2588760.0,1112120.0,1880.0,Saturated,,NotOutflow,8258,1,2,1.2683689159579143e-09
8260,2588840.0,1112120.0,1880.0,Saturated,,NotOutflow,8259,3,1,1.881282619600816e-09
8261,2588920.0,1112120.0,1880.0,Saturated,,NotOutflow,8260,2,1,1.1082358864886741e-09
8262,2589000.0,1112120.0,1880.0,Saturated,,NotOutflow,8261,1,1,1.0961834031095486e-09
8263,2589080.0,1112120.0,1880.0,Unsaturated,,NotOutflow,7870,1,1,0.01
8264,2589160.0,1112120.0,1880.0,Unsaturated,,NotOutflow,7871,1,1,0.01
8265,2587080.0,1112200.0,1880.0,Saturated,,NotOutflow,8244,1,1,1.6607213500236478e-10
8266,2587160.0,1112200.0,1880.0,Saturated,,NotOutflow,8265,1,1,1.6607213500236478e-10
8267,2587400.0,1112200.0,1880.0,Saturated,,NotOutflow,8268,1,1,1.3831954748312142e-09
8268,2587480.0,1112200.0,1880.0,Saturated,,NotOutflow,8293,2,1,1.3831954748312142e-09
8269,2587560.0,1112200.0,1880.0,Unsaturated,,NotOutflow,7880,1,1,0.01
8270,2587640.0,1112200.0,1880.0,Saturated,,NotOutflow,8249,1,2,5.204371525582342e-11
8271,2587720.0,1112200.0,1880.0,Saturated,Inlet,NotOutflow,7882,3,5,8.780338549616949e-09
8272,2587800.0,1112200.0,1880.0,Saturated,,NotOutflow,8296,2,3,1.3591467928267884e-09
8273,2587880.0,1112200.0,1880.0,Saturated,,NotOutflow,8272,1,1,3.9212047437645387e-10
8274,2587960.0,1112200.0,1880.0,Unsaturated,,NotOutflow,7885,1,1,0.01
8275,2588040.0,1112200.0,1880.0,Unsaturated,,NotOutflow,6694,1,1,0.01
8276,2588120.0,1112200.0,1880.0,Unsaturated,,NotOutflow,7886,1,1,0.01
8277,2588200.0,1112200.0,1880.0,Unsaturated,,NotOutflow,-1,1,0,0.01
8278,2588840.0,1112200.0,1880.0,Unsaturated,,NotOutflow,7887,1,1,0.01
8279,2588920.0,1112200.0,1880.0,Unsaturated,,NotOutflow,7888,1,1,0.01
8280,2589000.0,1112200.0,1880.0,Saturated,,NotOutflow,8262,2,3,1.0961834031095486e-09
8281,2589080.0,1112200.0,1880.0,Saturated,,NotOutflow,8280,1,1,4.299151811040919e-11
8282,2589160.0,1112200.0,1880.0,Saturated,,NotOutflow,8281,1,1,4.299151811040919e-11
8283,2589240.0,1112200.0,1880.0,Saturated,,NotOutflow,8282,1,2,4.299151811040919e-11
8284,2589320.0,1112200.0,1880.0,Saturated,,NotOutflow,8553,1,2,1.0713802572907968e-10
8285,2589400.0,1112200.0,1880.0,Saturated,,NotOutflow,8284,1,1,1.7105672333512243e-10
8286,2589480.0,1112200.0,1880.0,Saturated,,NotOutflow,8285,1,1,1.7105672333512243e-10
8287,2589560.0,1112200.0,1880.0,Unsaturated,,NotOutflow,7896,1,1,0.01
8288,2589640.0,1112200.0,1880.0,Unsaturated,,NotOutflow,7897,0,1,0.01
8289,2587000.0,1112280.0,1880.0,Unsaturated,,NotOutflow,7905,0,1,0.01
8290,2587160.0,1112280.0,1880.0,Saturated,,NotOutflow,7906,1,3,3.7024122779863496e-09
8291,2587240.0,1112280.0,1880.0,Unsaturated,,NotOutflow,7907,1,1,0.01
8292,2587400.0,1112280.0,1880.0,Unsaturated,,NotOutflow,-1,0,0,0.01
8293,2587480.0,1112280.0,1880.0,Saturated,,NotOutflow,8560,3,2,2.4320799619509338e-08
8294,2587560.0,1112280.0,1880.0,Saturated,,NotOutflow,8315,1,1,7.678485859931381e-09
8295,2587720.0,1112280.0,1880.0,Saturated,,NotOutflow,8296,1,1,7.509753909887613e-11
8296,2587800.0,1112280.0,1880.0,Saturated,,NotOutflow,8318,2,1,1.4342443319256643e-09
8297,2587880.0,1112280.0,1880.0,Saturated,,NotOutflow,8273,1,1,3.9212047437645387e-10
8298,2587960.0,1112280.0,1880.0,Saturated,,NotOutflow,8299,2,3,1.9404394164404012e-08
8299,2588040.0,1112280.0,1880.0,Saturated,,NotOutflow,7915,4,3,1.8621734673493834e-08
8300,2588120.0,1112280.0,1880.0,Saturated,,NotOutflow,8299,1,2,6.67091065935982e-09
8301,2588200.0,1112280.0,1880.0,Saturated,,NotOutflow,8300,1,1,1.0117764268511801e-08
8302,2588280.0,1112280.0,1880.0,Unsaturated,,NotOutflow,7918,1,1,0.01
8303,2589320.0,1112280.0,1880.0,Unsaturated,,NotOutflow,7919,0,1,0.01
8304,2589400.0,1112280.0,1880.0,Unsaturated,,NotOutflow,7920,1,1,0.01
8305,2589480.0,1112280.0,1880.0,Unsaturated,,NotOutflow,7921,1,1,0.01
8306,2589560.0,1112280.0,1880.0,Unsaturated,,NotOutflow,7922,0,1,0.01
8307,2589640.0,1112280.0,1880.0,Unsaturated,,NotOutflow,7923,0,1,0.01
8308,2589720.0,1112280.0,1880.0,Saturated,,NotOutflow,-1,0,0,0.0
8309,2586760.0,1112360.0,1880.0,Unsaturated,,NotOutflow,7932,0,1,0.01
8310,2586920.0,1112360.0,1880.0,Unsaturated,,NotOutflow,7934,0,1,0.01
8311,2587000.0,1112360.0,1880.0,Unsaturated,,NotOutflow,7935,0,1,0.01
8312,2587160.0,1112360.0,1880.0,Saturated,,NotOutflow,8313,1,1,1.218622898894321e-09
8313,2587240.0,1112360.0,1880.0,Saturated,,NotOutflow,7937,2,2,1.737100333187868e-09
8314,2587480.0,1112360.0,1880.0,Unsaturated,,NotOutflow,-1,0,0,0.01
8315,2587560.0,1112360.0,1880.0,Saturated,,NotOutflow,8316,1,1,7.678485859931381e-09
8316,2587640.0,1112360.0,1880.0,Saturated,,NotOutflow,8335,3,3,1.3362143832062958e-07
8317,2587720.0,1112360.0,1880.0,Unsaturated,,NotOutflow,7941,1,1,0.01
8318,2587800.0,1112360.0,1880.0,Saturated,,NotOutflow,8319,2,1,1.603370652942303e-09
8319,2587880.0,1112360.0,1880.0,Saturated,,NotOutflow,8338,1,1,1.603370652942303e-09
8320,2587960.0,1112360.0,1880.0,Unsaturated,,NotOutflow,7944,0,1,0.01
8321,2588040.0,1112360.0,1880.0,Saturated,,NotOutflow,8299,3,2,3.7098559372906662e-09
8322,2588120.0,1112360.0,1880.0,Saturated,,NotOutflow,8341,3,2,7.826594909101796e-10
8323,2588200.0,1112360.0,1880.0,Saturated,,NotOutflow,8301,1,1,1.0117764268511801e-08
8324,2588280.0,1112360.0,1880.0,Saturated,,NotOutflow,8323,2,1,1.0117764268511801e-08
8325,2588360.0,1112360.0,1880.0,Saturated,,NotOutflow,8324,1,1,9.974293041729665e-09
8326,2588440.0,1112360.0,1880.0,Saturated,,NotOutflow,8325,1,1,9.974293041729665e-09
8327,2588520.0,1112360.0,1880.0,Saturated,,NotOutflow,8326,3,2,9.974293041729665e-09
8328,2588600.0,1112360.0,1880.0,Unsaturated,,NotOutflow,7952,1,1,0.01
8329,2586760.0,1112440.0,1880.0,Saturated,Inlet,NotOutflow,7956,1,1,9.394170915810156e-10
8330,2586840.0,1112440.0,1880.0,Unsaturated,,NotOutflow,7957,0,1,0.01
8331,2586920.0,1112440.0,1880.0,Unsaturated,,NotOutflow,7958,0,1,0.01
8332,2587000.0,1112440.0,1880.0,Unsaturated,,NotOutflow,7959,0,1,0.01
8333,2587240.0,1112440.0,1880.0,Saturated,,NotOutflow,8313,2,2,1.737100333187868e-09
8334,2587320.0,1112440.0,1880.0,Saturated,,NotOutflow,8333,2,2,1.737100333187868e-09
8335,2587640.0,1112440.0,1880.0,Saturated,,NotOutflow,8336,1,1,1.3362143832062958e-07
8336,2587720.0,1112440.0,1880.0,Saturated,,NotOutflow,8337,3,2,1.839446526747315e-07
8337,2587800.0,1112440.0,1880.0,Saturated,,NotOutflow,8357,2,1,1.839446526747315e-07
8338,2587880.0,1112440.0,1880.0,Saturated,Inlet,NotOutflow,7964,4,1,5.283833381160101e-09
8339,2587960.0,1112440.0,1880.0,Saturated,,NotOutflow,8338,2,1,1.8636453777937645e-09
8340,2588040.0,1112440.0,1880.0,Unsaturated,,NotOutflow,7439,0,1,0.01
8341,2588120.0,1112440.0,1880.0,Saturated,,NotOutflow,8342,2,2,7.826594909101796e-10
8342,2588200.0,1112440.0,1880.0,Saturated,,NotOutflow,7967,1,1,7.826594909101796e-10
8343,2588440.0,1112440.0,1880.0,Unsaturated,,NotOutflow,7968,1,1,0.01
8344,2588520.0,1112440.0,1880.0,Saturated,,NotOutflow,8327,1,1,1.8278968948663384e-09
8345,2588600.0,1112440.0,1880.0,Saturated,,NotOutflow,8603,2,2,2.6002189065528756e-09
8346,2588680.0,1112440.0,1880.0,Saturated,,NotOutflow,8345,1,1,2.6002189065528756e-09
8347,2588760.0,1112440.0,1880.0,Saturated,,NotOutflow,8346,1,2,2.6002189065528756e-09
8348,2588840.0,1112440.0,1880.0,Saturated,,NotOutflow,8347,1,1,5.113374517756675e-09
8349,2588920.0,1112440.0,1880.0,Unsaturated,,NotOutflow,7974,1,1,0.01
8350,2586760.0,1112520.0,1880.0,Unsaturated,,NotOutflow,7980,0,1,0.01
8351,2586840.0,1112520.0,1880.0,Unsaturated,,NotOutflow,7981,0,1,0.01
8352,2586920.0,1112520.0,1880.0,Unsaturated,,NotOutflow,7982,0,1,0.01
8353,2587000.0,1112520.0,1880.0,Unsaturated,,NotOutflow,7983,0,1,0.01
8354,2587320.0,1112520.0,1880.0,Saturated,Inlet,NotOutflow,7984,3,3,4.320983049659291e-09
8355,2587400.0,1112520.0,1880.0,Unsaturated,,NotOutflow,7985,0,1,0.01
8356,2587720.0,1112520.0,1880.0,Saturated,,NotOutflow,8357,2,1,4.940241711404762e-10
8357,2587800.0,1112520.0,1880.0,Saturated,,NotOutflow,8379,5,1,2.9870099723277287e-07
8358,2587880.0,1112520.0,1880.0,Saturated,,NotOutflow,8357,3,2,7.926801749932136e-08
8359,2587960.0,1112520.0,1880.0,Saturated,,NotOutflow,8339,2,2,1.8636453777937645e-09
8360,2588040.0,1112520.0,1880.0,Unsaturated,,NotOutflow,7990,0,1,0.01
8361,2588120.0,1112520.0,1880.0,Saturated,,NotOutflow,8341,1,1,1.846700479529361e-10
8362,2588200.0,1112520.0,1880.0,Saturated,,NotOutflow,7991,2,3,4.2933960866699485e-09
8363,2588280.0,1112520.0,1880.0,Saturated,,NotOutflow,8362,1,1,3.6817532887112104e-09
8364,2588760.0,1112520.0,1880.0,Unsaturated,,NotOutflow,7993,1,1,0.01
8365,2588840.0,1112520.0,1880.0,Saturated,,NotOutflow,8348,1,1,5.113374517756675e-09
8366,2588920.0,1112520.0,1880.0,Saturated,Inlet,NotOutflow,8365,3,3,5.113374517756675e-09
8367,2589000.0,1112520.0,1880.0,Saturated,Inlet,NotOutflow,8366,4,2,3.973671233810469e-09
8368,2589080.0,1112520.0,1880.0,Saturated,,NotOutflow,8367,1,1,4.6015194342485433e-10
8369,2589160.0,1112520.0,1880.0,Saturated,,NotOutflow,8368,1,1,4.6015194342485433e-10
8370,2589240.0,1112520.0,1880.0,Unsaturated,,NotOutflow,7999,1,1,0.01
8371,2586840.0,1112600.0,1880.0,Unsaturated,,NotOutflow,8004,0,1,0.01
8372,2586920.0,1112600.0,1880.0,Unsaturated,,NotOutflow,8005,0,1,0.01
8373,2587000.0,1112600.0,1880.0,Unsaturated,,NotOutflow,8006,0,1,0.01
8374,2587080.0,1112600.0,1880.0,Unsaturated,,NotOutflow,8007,0,1,0.01
8375,2587160.0,1112600.0,1880.0,Unsaturated,,NotOutflow,8008,0,1,0.01
8376,2587320.0,1112600.0,1880.0,Saturated,,NotOutflow,8354,2,3,1.8462041990664067e-09
8377,2587400.0,1112600.0,1880.0,Saturated,Inlet,NotOutflow,8376,3,3,3.3328416552839007e-09
8378,2587720.0,1112600.0,1880.0,Saturated,,NotOutflow,8012,1,1,2.9870099723277287e-07
8379,2587800.0,1112600.0,1880.0,Saturated,,NotOutflow,8378,2,1,2.9870099723277287e-07
8380,2587880.0,1112600.0,1880.0,Saturated,,NotOutflow,8358,3,1,7.926801749932136e-08
8381,2587960.0,1112600.0,1880.0,Saturated,,NotOutflow,8380,3,2,2.7263825485081213e-09
8382,2588040.0,1112600.0,1880.0,Saturated,,NotOutflow,8381,1,1,1.5394611595976752e-09
8383,2588200.0,1112600.0,1880.0,Saturated,,NotOutflow,8384,1,1,2.4037500685073135e-10
8384,2588280.0,1112600.0,1880.0,Saturated,,NotOutflow,8363,2,3,3.6817532887112104e-09
8385,2588360.0,1112600.0,1880.0,Unsaturated,,NotOutflow,8019,0,1,0.01
8386,2589080.0,1112600.0,1880.0,Unsaturated,,NotOutflow,8020,1,1,0.01
8387,2589160.0,1112600.0,1880.0,Saturated,,NotOutflow,8369,1,1,4.6015194342485433e-10
8388,2589240.0,1112600.0,1880.0,Saturated,,NotOutflow,8387,1,2,4.6015194342485433e-10
8389,2589320.0,1112600.0,1880.0,Saturated,,NotOutflow,8388,2,1,7.621686328825424e-10
8390,2589400.0,1112600.0,1880.0,Saturated,Inlet,NotOutflow,8024,1,2,1.1219872705103409e-09
8391,2589480.0,1112600.0,1880.0,Unsaturated,,NotOutflow,8025,0,1,0.01
8392,2586920.0,1112680.0,1880.0,Unsaturated,,NotOutflow,8031,0,1,0.01
8393,2587000.0,1112680.0,1880.0,Unsaturated,,NotOutflow,8032,0,1,0.01
8394,2587080.0,1112680.0,1880.0,Unsaturated,,NotOutflow,8033,0,1,0.01
8395,2587160.0,1112680.0,1880.0,Saturated,,NotOutflow,8396,1,1,1.5190199041753093e-10
8396,2587240.0,1112680.0,1880.0,Saturated,,NotOutflow,8411,2,1,2.7950821506465224e-10
8397,2587320.0,1112680.0,1880.0,Unsaturated,,NotOutflow,8036,0,1,0.01
8398,2587400.0,1112680.0,1880.0,Saturated,Inlet,NotOutflow,8377,2,3,1.146628957457296e-09
8399,2587480.0,1112680.0,1880.0,Saturated,,NotOutflow,8414,1,1,2.066730995618308e-10
8400,2587640.0,1112680.0,1880.0,Unsaturated,,NotOutflow,8040,0,1,0.01
8401,2587880.0,1112680.0,1880.0,Saturated,,NotOutflow,8380,2,1,7.654163495081324e-08
8402,2587960.0,1112680.0,1880.0,Saturated,,NotOutflow,8401,2,2,7.654163495081324e-08
8403,2588040.0,1112680.0,1880.0,Saturated,,NotOutflow,8382,2,1,1.5394611595976752e-09
8404,2588120.0,1112680.0,1880.0,Saturated,,NotOutflow,8403,1,1,8.201590182855773e-10
8405,2588280.0,1112680.0,1880.0,Saturated,,NotOutflow,8384,2,2,7.310866568999083e-09
8406,2588360.0,1112680.0,1880.0,Saturated,Inlet,NotOutflow,8405,4,1,7.310866568999083e-09
8407,2589320.0,1112680.0,1880.0,Unsaturated,,NotOutflow,8047,0,1,0.01
8408,2589400.0,1112680.0,1880.0,Unsaturated,,NotOutflow,8048,0,1,0.01
8409,2589480.0,1112680.0,1880.0,Saturated,,NotOutflow,-1,0,0,0.0
8410,2589560.0,1112680.0,1880.0,Unsaturated,,NotOutflow,8050,0,1,0.01
8411,2587240.0,1112760.0,1880.0,Saturated,,NotOutflow,8412,1,1,2.7950821506465224e-10
8412,2587320.0,1112760.0,1880.0,Saturated,Inlet,NotOutflow,8062,2,1,1.4293939957565399e-09
8413,2587400.0,1112760.0,1880.0,Unsaturated,,NotOutflow,8063,0,1,0.01
8414,2587480.0,1112760.0,1880.0,Saturated,,NotOutflow,8064,1,1,2.066730995618308e-10
8415,2587960.0,1112760.0,1880.0,Saturated,Inlet,NotOutflow,8402,3,2,7.654163495081324e-08
8416,2588040.0,1112760.0,1880.0,Saturated,,NotOutflow,8425,3,3,4.3694857645998855e-08
8417,2588120.0,1112760.0,1880.0,Saturated,,NotOutflow,8426,3,3,2.6472945811785764e-09
8418,2588360.0,1112760.0,1880.0,Saturated,,NotOutflow,8406,1,1,1.2886033009844385e-09
8419,2588440.0,1112760.0,1880.0,Saturated,,NotOutflow,8418,2,1,1.2886033009844385e-09
8420,2587400.0,1112840.0,1880.0,Unsaturated,,NotOutflow,8084,0,1,0.01
8421,2587480.0,1112840.0,1880.0,Unsaturated,,NotOutflow,8085,0,1,0.01
8422,2587560.0,1112840.0,1880.0,Unsaturated,,NotOutflow,8086,0,1,0.01
8423,2587640.0,1112840.0,1880.0,Unsaturated,,NotOutflow,8087,0,1,0.01
8424,2587960.0,1112840.0,1880.0,Saturated,,NotOutflow,8415,1,1,6.318655341414182e-08
8425,2588040.0,1112840.0,1880.0,Saturated,Inlet,NotOutflow,8424,2,2,6.318655341414182e-08
8426,2588120.0,1112840.0,1880.0,Saturated,,NotOutflow,8425,3,3,3.303143612933523e-08
8427,2588200.0,1112840.0,1880.0,Saturated,Inlet,NotOutflow,8090,2,2,3.78136214352746e-09
8428,2588440.0,1112840.0,1880.0,Saturated,,NotOutflow,8419,1,1,5.978092517627081e-10
8429,2588520.0,1112840.0,1880.0,Saturated,,NotOutflow,8093,1,2,1.5091955873286358e-09
8430,2587640.0,1112920.0,1880.0,Unsaturated,,NotOutflow,8104,0,1,0.01
8431,2588040.0,1112920.0,1880.0,Unsaturated,,NotOutflow,2549,0,1,0.01
8432,2588120.0,1112920.0,1880.0,Saturated,Inlet,NotOutflow,8426,2,1,3.303143612933523e-08
8433,2588200.0,1112920.0,1880.0,Saturated,,NotOutflow,8432,2,3,9.53592269982158e-09
8434,2588280.0,1112920.0,1880.0,Saturated,,NotOutflow,8433,1,1,4.574977528029595e-10
8435,2588520.0,1112920.0,1880.0,Saturated,,NotOutflow,8429,1,3,2.107004839091344e-09
8436,2588600.0,1112920.0,1880.0,Saturated,,NotOutflow,8440,2,2,9.575286715127824e-10
8437,2588200.0,1113000.0,1880.0,Saturated,,NotOutflow,8433,2,2,9.53592269982158e-09
8438,2588280.0,1113000.0,1880.0,Saturated,Inlet,NotOutflow,8437,1,3,5.8641066823550585e-09
8439,2588360.0,1113000.0,1880.0,Saturated,,NotOutflow,8124,1,2,5.112515615321979e-10
8440,2588600.0,1113000.0,1880.0,Saturated,Inlet,NotOutflow,8126,2,2,1.593107757087317e-09
8441,2588680.0,1113000.0,1880.0,Saturated,,NotOutflow,8446,1,1,7.177229714445922e-10
8442,2588280.0,1113080.0,1880.0,Unsaturated,,NotOutflow,8132,0,1,0.01
8443,2588360.0,1113080.0,1880.0,Saturated,,NotOutflow,8444,1,1,3.845527426839691e-10
8444,2588440.0,1113080.0,1880.0,Saturated,Inlet,NotOutflow,8134,1,2,1.1916337929747655e-09
8445,2588600.0,1113080.0,1880.0,Unsaturated,,NotOutflow,7649,0,1,0.01
8446,2588680.0,1113080.0,1880.0,Saturated,,NotOutflow,8136,1,1,7.177229714445922e-10
8447,2588760.0,1113080.0,1880.0,Unsaturated,,NotOutflow,8137,0,1,0.01
8448,2588360.0,1113160.0,1880.0,Unsaturated,,NotOutflow,8141,0,1,0.01
8449,2588440.0,1113160.0,1880.0,Saturated,,NotOutflow,8142,1,1,5.462210067283301e-10
8450,2588520.0,1113160.0,1880.0,Unsaturated,,NotOutflow,8143,0,1,0.01
8451,2587880.0,1109000.0,1960.0,Saturated,,NotOutflow,8452,2,1,4.648265248605071e-09
8452,2587960.0,1109000.0,1960.0,Saturated,Inlet,NotOutflow,8167,2,1,6.001567305624199e-09
8453,2587880.0,1109080.0,1960.0,Saturated,Inlet,NotOutflow,8168,3,2,4.256314706422119e-09
8454,2587960.0,1109080.0,1960.0,Unsaturated,,NotOutflow,8169,1,1,0.01
8455,2587880.0,1109160.0,1960.0,Saturated,,NotOutflow,8453,1,1,8.831994118513003e-10
8456,2587800.0,1109240.0,1960.0,Saturated,,NotOutflow,8458,3,2,2.591969204569868e-10
8457,2587880.0,1109240.0,1960.0,Saturated,,NotOutflow,8455,3,3,8.831994118513003e-10
8458,2587800.0,1109320.0,1960.0,Saturated,,NotOutflow,8459,3,3,3.4892828020119255e-10
8459,2587880.0,1109320.0,1960.0,Saturated,,NotOutflow,8457,1,1,3.4892828020119255e-10
8460,2587800.0,1109400.0,1960.0,Saturated,,NotOutflow,8458,3,2,5.958963241764087e-10
8461,2587720.0,1109480.0,1960.0,Unsaturated,,NotOutflow,8179,0,1,0.01
8462,2587800.0,1109480.0,1960.0,Saturated,Inlet,NotOutflow,8180,2,2,3.275580055453846e-09
8463,2587720.0,1109560.0,1960.0,Saturated,,NotOutflow,8464,1,1,9.056753451350141e-10
8464,2587800.0,1109560.0,1960.0,Saturated,,NotOutflow,8462,1,1,9.056753451350141e-10
8465,2587720.0,1109640.0,1960.0,Saturated,Inlet,NotOutflow,8463,0,2,9.056753451350141e-10
8466,2587800.0,1109640.0,1960.0,Unsaturated,,NotOutflow,8185,0,1,0.01
8467,2587720.0,1109720.0,1960.0,Unsaturated,,NotOutflow,8186,0,1,0.01
8468,2587320.0,1111480.0,1960.0,Unsaturated,,NotOutflow,8197,0,1,0.01
8469,2587320.0,1111560.0,1960.0,Saturated,Inlet,NotOutflow,8470,0,2,8.086204279569031e-10
8470,2587400.0,1111560.0,1960.0,Saturated,,NotOutflow,8472,1,1,8.086204279569031e-10
8471,2587320.0,1111640.0,1960.0,Unsaturated,,NotOutflow,8203,0,1,0.01
8472,2587400.0,1111640.0,1960.0,Saturated,Inlet,NotOutflow,8204,2,2,3.859915902917715e-09
8473,2587400.0,1111720.0,1960.0,Saturated,,NotOutflow,8472,3,2,7.004682796089371e-10
8474,2587480.0,1111720.0,1960.0,Saturated,Inlet,NotOutflow,8476,2,2,1.0086106960965679e-09
8475,2587400.0,1111800.0,1960.0,Unsaturated,,NotOutflow,-1,0,0,0.01
8476,2587480.0,1111800.0,1960.0,Saturated,,NotOutflow,8208,2,3,4.0314043321075164e-09
8477,2587560.0,1111800.0,1960.0,Unsaturated,,NotOutflow,8209,0,1,0.01
8478,2588520.0,1111800.0,1960.0,Saturated,,NotOutflow,-1,0,0,0.0
8479,2588600.0,1111800.0,1960.0,Unsaturated,,NotOutflow,-1,1,0,0.01
8480,2587320.0,1111880.0,1960.0,Saturated,,NotOutflow,8212,1,1,1.4725468103536165e-09
8481,2587400.0,1111880.0,1960.0,Saturated,,NotOutflow,8480,2,1,9.086709532623139e-10
8482,2587480.0,1111880.0,1960.0,Saturated,,NotOutflow,8476,2,2,4.0314043321075164e-09
8483,2587560.0,1111880.0,1960.0,Saturated,,NotOutflow,8482,2,2,4.0314043321075164e-09
8484,2588440.0,1111880.0,1960.0,Saturated,,NotOutflow,-1,0,0,0.0
8485,2588520.0,1111880.0,1960.0,Unsaturated,,NotOutflow,-1,1,0,0.01
8486,2587320.0,1111960.0,1960.0,Unsaturated,,NotOutflow,8217,0,1,0.01
8487,2587400.0,1111960.0,1960.0,Saturated,,NotOutflow,8481,2,1,9.086709532623139e-10
8488,2587480.0,1111960.0,1960.0,Saturated,,NotOutflow,8487,2,2,9.086709532623139e-10
8489,2587560.0,1111960.0,1960.0,Saturated,Inlet,NotOutflow,8220,4,4,1.2091773443910533e-08
8490,2587640.0,1111960.0,1960.0,Saturated,,NotOutflow,8489,2,1,8.578339001269049e-09
8491,2587720.0,1111960.0,1960.0,Saturated,,NotOutflow,8490,1,1,8.136874750276254e-09
8492,2587800.0,1111960.0,1960.0,Saturated,,NotOutflow,8491,1,1,8.136874750276254e-09
8493,2587880.0,1111960.0,1960.0,Unsaturated,,NotOutflow,8224,0,1,0.01
8494,2587960.0,1111960.0,1960.0,Unsaturated,,NotOutflow,8225,0,1,0.01
8495,2588040.0,1111960.0,1960.0,Unsaturated,,NotOutflow,8226,1,1,0.01
8496,2588120.0,1111960.0,1960.0,Unsaturated,,NotOutflow,-1,1,0,0.01
8497,2588360.0,1111960.0,1960.0,Unsaturated,,NotOutflow,-1,1,0,0.01
8498,2588440.0,1111960.0,1960.0,Unsaturated,,NotOutflow,-1,1,0,0.01
8499,2587240.0,1112040.0,1960.0,Unsaturated,,NotOutflow,8228,0,1,0.01
8500,2587320.0,1112040.0,1960.0,Saturated,Inlet,NotOutflow,8229,1,2,9.733483735800643e-10
8501,2587400.0,1112040.0,1960.0,Unsaturated,,NotOutflow,8230,0,1,0.01
8502,2587640.0,1112040.0,1960.0,Saturated,,NotOutflow,8490,1,1,4.414642509927935e-10
8503,2587720.0,1112040.0,1960.0,Unsaturated,,NotOutflow,8232,0,1,0.01
8504,2587800.0,1112040.0,1960.0,Unsaturated,,NotOutflow,8233,1,1,0.01
8505,2587880.0,1112040.0,1960.0,Saturated,,NotOutflow,-1,1,0,0.0
8506,2587960.0,1112040.0,1960.0,Saturated,,NotOutflow,8235,2,2,3.206933908082091e-09
8507,2588040.0,1112040.0,1960.0,Saturated,,NotOutflow,8236,1,1,6.33828039165288e-09
8508,2588120.0,1112040.0,1960.0,Saturated,,NotOutflow,8507,1,1,6.33828039165288e-09
8509,2588200.0,1112040.0,1960.0,Saturated,,NotOutflow,8508,2,1,6.33828039165288e-09
8510,2588280.0,1112040.0,1960.0,Saturated,,NotOutflow,8702,2,3,2.773196826212556e-09
8511,2588360.0,1112040.0,1960.0,Saturated,,NotOutflow,8510,2,2,4.051844082500169e-09
8512,2588440.0,1112040.0,1960.0,Saturated,,NotOutflow,8511,1,1,7.630580756085639e-09
8513,2588520.0,1112040.0,1960.0,Unsaturated,,NotOutflow,8242,0,1,0.01
8514,2588600.0,1112040.0,1960.0,Unsaturated,,NotOutflow,8243,1,1,0.01
8515,2587320.0,1112120.0,1960.0,Saturated,,NotOutflow,8500,4,2,4.1082831401067633e-10
8516,2587400.0,1112120.0,1960.0,Saturated,,NotOutflow,8515,3,2,4.2334154131217e-12
8517,2587480.0,1112120.0,1960.0,Saturated,,NotOutflow,8516,2,2,4.2334154131217e-12
8518,2587560.0,1112120.0,1960.0,Saturated,,NotOutflow,8248,2,2,8.190583886699928e-10
8519,2587640.0,1112120.0,1960.0,Saturated,,NotOutflow,8518,2,4,8.190583886699928e-10
8520,2587720.0,1112120.0,1960.0,Saturated,,NotOutflow,8519,2,1,8.38824855817361e-10
8521,2588120.0,1112120.0,1960.0,Unsaturated,,NotOutflow,8251,0,1,0.01
8522,2588200.0,1112120.0,1960.0,Unsaturated,,NotOutflow,8252,1,1,0.01
8523,2588280.0,1112120.0,1960.0,Unsaturated,,NotOutflow,8253,1,1,0.01
8524,2588360.0,1112120.0,1960.0,Unsaturated,,NotOutflow,8254,1,1,0.01
8525,2588440.0,1112120.0,1960.0,Saturated,,NotOutflow,8512,2,1,7.630580756085639e-09
8526,2588520.0,1112120.0,1960.0,Saturated,,NotOutflow,8525,3,1,7.630580756085639e-09
8527,2588600.0,1112120.0,1960.0,Saturated,,NotOutflow,8526,1,1,2.6031835068725135e-09
8528,2588680.0,1112120.0,1960.0,Saturated,,NotOutflow,8527,1,1,2.6031835068725135e-09
8529,2588760.0,1112120.0,1960.0,Saturated,,NotOutflow,8528,2,1,2.6031835068725135e-09
8530,2588840.0,1112120.0,1960.0,Saturated,,NotOutflow,8260,1,3,7.616983359801423e-10
8531,2588920.0,1112120.0,1960.0,Saturated,,NotOutflow,8530,1,2,1.1430952124654212e-09
8532,2589000.0,1112120.0,1960.0,Saturated,,NotOutflow,8531,2,2,2.0702817386280696e-09
8533,2589080.0,1112120.0,1960.0,Unsaturated,,NotOutflow,8263,1,1,0.01
8534,2589160.0,1112120.0,1960.0,Unsaturated,,NotOutflow,8264,1,1,0.01
8535,2587320.0,1112200.0,1960.0,Saturated,,NotOutflow,8515,2,1,4.065948985975546e-10
8536,2587400.0,1112200.0,1960.0,Saturated,Inlet,NotOutflow,8559,1,2,9.46707158421572e-10
8537,2587480.0,1112200.0,1960.0,Unsaturated,,NotOutflow,8268,0,1,0.01
8538,2587560.0,1112200.0,1960.0,Unsaturated,,NotOutflow,8269,1,1,0.01
8539,2587640.0,1112200.0,1960.0,Saturated,,NotOutflow,8519,1,1,8.190583886699928e-10
8540,2587720.0,1112200.0,1960.0,Saturated,Inlet,NotOutflow,8271,2,5,6.443524671067091e-09
8541,2587800.0,1112200.0,1960.0,Saturated,,NotOutflow,8732,1,1,1.5302605695013347e-10
8542,2587880.0,1112200.0,1960.0,Saturated,,NotOutflow,8564,2,2,2.5632137385881508e-09
8543,2587960.0,1112200.0,1960.0,Unsaturated,,NotOutflow,8274,1,1,0.01
8544,2588040.0,1112200.0,1960.0,Unsaturated,,NotOutflow,8275,0,1,0.01
8545,2588120.0,1112200.0,1960.0,Unsaturated,,NotOutflow,8276,1,1,0.01
8546,2588200.0,1112200.0,1960.0,Unsaturated,,NotOutflow,8277,1,1,0.01
8547,2588840.0,1112200.0,1960.0,Unsaturated,,NotOutflow,8278,1,1,0.01
8548,2588920.0,1112200.0,1960.0,Unsaturated,,NotOutflow,8279,1,1,0.01
8549,2589000.0,1112200.0,1960.0,Saturated,,NotOutflow,8532,3,2,2.0702817386280696e-09
8550,2589080.0,1112200.0,1960.0,Saturated,,NotOutflow,8549,1,1,1.4167920005384806e-09
8551,2589160.0,1112200.0,1960.0,Saturated,,NotOutflow,8550,1,1,1.4167920005384806e-09
8552,2589240.0,1112200.0,1960.0,Saturated,,NotOutflow,8551,2,1,1.4167920005384806e-09
8553,2589320.0,1112200.0,1960.0,Saturated,,NotOutflow,8743,2,2,3.8908742250788985e-10
8554,2589400.0,1112200.0,1960.0,Saturated,,NotOutflow,8553,1,1,3.460992429344464e-10
8555,2589480.0,1112200.0,1960.0,Saturated,,NotOutflow,8554,1,3,3.460992429344464e-10
8556,2589560.0,1112200.0,1960.0,Unsaturated,,NotOutflow,8287,0,1,0.01
8557,2587160.0,1112280.0,1960.0,Saturated,Inlet,NotOutflow,8290,1,1,5.087107311883036e-09
8558,2587240.0,1112280.0,1960.0,Unsaturated,,NotOutflow,8291,0,1,0.01
8559,2587400.0,1112280.0,1960.0,Saturated,,NotOutflow,8560,1,2,6.340042192270247e-10
8560,2587480.0,1112280.0,1960.0,Saturated,Inlet,NotOutflow,8561,3,3,1.9919280456245494e-08
8561,2587560.0,1112280.0,1960.0,Saturated,,NotOutflow,8577,1,1,1.9919280456245494e-08
8562,2587720.0,1112280.0,1960.0,Saturated,,NotOutflow,8563,2,1,2.635163840509294e-10
8563,2587800.0,1112280.0,1960.0,Saturated,,NotOutflow,8580,2,1,2.635163840509294e-10
8564,2587880.0,1112280.0,1960.0,Saturated,,NotOutflow,8565,3,2,2.5632137385881508e-09
8565,2587960.0,1112280.0,1960.0,Saturated,,NotOutflow,8298,5,2,7.839690793488074e-09
8566,2588040.0,1112280.0,1960.0,Saturated,,NotOutflow,8565,3,2,2.632952486508728e-09
8567,2588120.0,1112280.0,1960.0,Saturated,,NotOutflow,8566,1,1,4.0994925152895753e-10
8568,2588200.0,1112280.0,1960.0,Saturated,,NotOutflow,8567,2,1,4.0994925152895753e-10
8569,2588280.0,1112280.0,1960.0,Unsaturated,,NotOutflow,8302,1,1,0.01
8570,2589400.0,1112280.0,1960.0,Unsaturated,,NotOutflow,8304,1,1,0.01
8571,2589480.0,1112280.0,1960.0,Unsaturated,,NotOutflow,8305,1,1,0.01
8572,2589560.0,1112280.0,1960.0,Saturated,,NotOutflow,-1,0,0,0.0
8573,2589640.0,1112280.0,1960.0,Saturated,,NotOutflow,-1,0,0,0.0
8574,2587160.0,1112360.0,1960.0,Saturated,,NotOutflow,8557,1,1,1.027201140825657e-09
8575,2587240.0,1112360.0,1960.0,Saturated,,NotOutflow,8574,1,1,1.027201140825657e-09
8576,2587480.0,1112360.0,1960.0,Saturated,Inlet,NotOutflow,8560,2,2,1.6134228806069301e-09
8577,2587560.0,1112360.0,1960.0,Saturated,,NotOutflow,8578,2,2,2.0599050933320615e-08
8578,2587640.0,1112360.0,1960.0,Saturated,Inlet,NotOutflow,8316,3,2,1.3362143832062958e-07
8579,2587720.0,1112360.0,1960.0,Unsaturated,,NotOutflow,8317,1,1,0.01
8580,2587800.0,1112360.0,1960.0,Saturated,,NotOutflow,8318,2,2,1.6912632101663846e-10
8581,2587880.0,1112360.0,1960.0,Saturated,,NotOutflow,8597,2,1,9.4390063034291e-11
8582,2587960.0,1112360.0,1960.0,Saturated,,NotOutflow,8565,2,1,2.6435245683911948e-09
8583,2588040.0,1112360.0,1960.0,Saturated,,NotOutflow,8321,2,3,3.5251858893377302e-09
8584,2588120.0,1112360.0,1960.0,Unsaturated,,NotOutflow,8322,1,1,0.01
8585,2588200.0,1112360.0,1960.0,Saturated,,NotOutflow,8568,2,1,4.0994925152895753e-10
8586,2588280.0,1112360.0,1960.0,Saturated,,NotOutflow,8585,2,2,4.0994925152895753e-10
8587,2588360.0,1112360.0,1960.0,Saturated,,NotOutflow,8586,1,1,1.434712267821367e-10
8588,2588440.0,1112360.0,1960.0,Saturated,,NotOutflow,8587,1,1,1.434712267821367e-10
8589,2588520.0,1112360.0,1960.0,Saturated,Inlet,NotOutflow,8327,3,2,9.974293041729665e-09
8590,2588600.0,1112360.0,1960.0,Unsaturated,,NotOutflow,8328,1,1,0.01
8591,2587240.0,1112440.0,1960.0,Saturated,Inlet,NotOutflow,8575,1,2,1.027201140825657e-09
8592,2587320.0,1112440.0,1960.0,Saturated,,NotOutflow,8608,2,2,7.039444799791308e-10
8593,2587560.0,1112440.0,1960.0,Unsaturated,,NotOutflow,-1,1,0,0.01
8594,2587640.0,1112440.0,1960.0,Saturated,,NotOutflow,8595,2,1,2.2650882915678027e-09
8595,2587720.0,1112440.0,1960.0,Saturated,,NotOutflow,8336,2,1,2.2650882915678027e-09
8596,2587800.0,1112440.0,1960.0,Unsaturated,,NotOutflow,8337,1,1,0.01
8597,2587880.0,1112440.0,1960.0,Saturated,,NotOutflow,8338,2,1,9.4390063034291e-11
8598,2587960.0,1112440.0,1960.0,Unsaturated,,NotOutflow,8339,1,1,0.01
8599,2588040.0,1112440.0,1960.0,Saturated,,NotOutflow,8583,2,1,6.261554701870474e-09
8600,2588120.0,1112440.0,1960.0,Saturated,,NotOutflow,8599,1,1,3.5251858893377302e-09
8601,2588440.0,1112440.0,1960.0,Unsaturated,,NotOutflow,8343,1,1,0.01
8602,2588520.0,1112440.0,1960.0,Saturated,,NotOutflow,8589,1,2,2.4578469630959797e-09
8603,2588600.0,1112440.0,1960.0,Saturated,Inlet,NotOutflow,8602,3,2,2.5405737302643424e-09
8604,2588680.0,1112440.0,1960.0,Saturated,,NotOutflow,8603,1,1,2.6196218090715924e-10
8605,2588760.0,1112440.0,1960.0,Saturated,,NotOutflow,8604,2,1,2.6196218090715924e-10
8606,2588840.0,1112440.0,1960.0,Saturated,,NotOutflow,8605,1,1,1.3065045959867057e-10
8607,2588920.0,1112440.0,1960.0,Unsaturated,,NotOutflow,8349,1,1,0.01
8608,2587320.0,1112520.0,1960.0,Saturated,Inlet,NotOutflow,8354,2,3,2.854295295384255e-09
8609,2587720.0,1112520.0,1960.0,Unsaturated,,NotOutflow,8356,1,1,0.01
8610,2587800.0,1112520.0,1960.0,Unsaturated,,NotOutflow,8357,1,1,0.01
8611,2587880.0,1112520.0,1960.0,Unsaturated,,NotOutflow,8358,1,1,0.01
8612,2587960.0,1112520.0,1960.0,Saturated,,NotOutflow,8359,2,1,3.691252303706158e-10
8613,2588120.0,1112520.0,1960.0,Saturated,Inlet,NotOutflow,8600,2,1,3.5251858893377302e-09
8614,2588200.0,1112520.0,1960.0,Saturated,Inlet,NotOutflow,8613,1,2,1.8959891951651925e-09
8615,2588760.0,1112520.0,1960.0,Unsaturated,,NotOutflow,8364,1,1,0.01
8616,2588840.0,1112520.0,1960.0,Saturated,,NotOutflow,8606,1,1,1.3065045959867057e-10
8617,2588920.0,1112520.0,1960.0,Saturated,Inlet,NotOutflow,8366,1,2,9.51325505415695e-10
8618,2589000.0,1112520.0,1960.0,Saturated,,NotOutflow,8367,2,1,2.0154823610575913e-09
8619,2589080.0,1112520.0,1960.0,Saturated,,NotOutflow,8798,1,2,1.8588726695049277e-10
8620,2589160.0,1112520.0,1960.0,Saturated,,NotOutflow,8619,1,1,3.713475249723276e-10
8621,2589240.0,1112520.0,1960.0,Unsaturated,,NotOutflow,8370,0,1,0.01
8622,2587320.0,1112600.0,1960.0,Saturated,,NotOutflow,8623,2,2,3.1338756618393617e-10
8623,2587400.0,1112600.0,1960.0,Saturated,Inlet,NotOutflow,8377,1,2,1.5317117918665945e-09
8624,2587800.0,1112600.0,1960.0,Unsaturated,,NotOutflow,8379,1,1,0.01
8625,2587880.0,1112600.0,1960.0,Unsaturated,,NotOutflow,8380,1,1,0.01
8626,2587960.0,1112600.0,1960.0,Saturated,,NotOutflow,8612,3,2,3.691252303706158e-10
8627,2588040.0,1112600.0,1960.0,Saturated,,NotOutflow,8626,1,1,3.241842181960893e-10
8628,2588200.0,1112600.0,1960.0,Saturated,,NotOutflow,8614,1,2,1.579374990908472e-09
8629,2588280.0,1112600.0,1960.0,Saturated,Inlet,NotOutflow,8628,2,2,1.885034326556375e-09
8630,2589080.0,1112600.0,1960.0,Unsaturated,,NotOutflow,8386,1,1,0.01
8631,2589160.0,1112600.0,1960.0,Saturated,Inlet,NotOutflow,8620,1,2,3.713475249723276e-10
8632,2589240.0,1112600.0,1960.0,Saturated,,NotOutflow,8633,1,1,1.9252833211897512e-10
8633,2589320.0,1112600.0,1960.0,Saturated,,NotOutflow,8634,2,2,1.9252833211897512e-10
8634,2589400.0,1112600.0,1960.0,Saturated,Inlet,NotOutflow,8390,1,2,7.335641688206634e-10
8635,2587400.0,1112680.0,1960.0,Unsaturated,,NotOutflow,8398,0,1,0.01
8636,2587880.0,1112680.0,1960.0,Unsaturated,,NotOutflow,8401,0,1,0.01
8637,2587960.0,1112680.0,1960.0,Saturated,,NotOutflow,8626,1,1,3.691252303706158e-10
8638,2588040.0,1112680.0,1960.0,Saturated,Inlet,NotOutflow,8642,1,3,9.841768266485106e-10
8639,2588280.0,1112680.0,1960.0,Saturated,Inlet,NotOutflow,8640,3,2,1.6037276754883735e-09
8640,2588360.0,1112680.0,1960.0,Saturated,Inlet,NotOutflow,8406,2,2,3.0319926072472792e-09
8641,2587960.0,1112760.0,1960.0,Saturated,Inlet,NotOutflow,8415,1,1,5.500553523800636e-08
8642,2588040.0,1112760.0,1960.0,Saturated,Inlet,NotOutflow,8643,1,2,2.013294665471548e-09
8643,2588120.0,1112760.0,1960.0,Saturated,Inlet,NotOutflow,8417,1,1,3.366596722490674e-09
8644,2588360.0,1112760.0,1960.0,Saturated,,NotOutflow,8640,1,1,8.571207627462754e-10
8645,2588440.0,1112760.0,1960.0,Saturated,,NotOutflow,8644,1,1,8.571207627462754e-10
8646,2588360.0,1112840.0,1960.0,Unsaturated,,NotOutflow,6922,0,1,0.01
8647,2588440.0,1112840.0,1960.0,Saturated,,NotOutflow,8645,1,1,8.571207627462754e-10
8648,2588520.0,1112840.0,1960.0,Saturated,,NotOutflow,8647,1,1,8.571207627462754e-10
8649,2588440.0,1112920.0,1960.0,Unsaturated,,NotOutflow,6944,0,1,0.01
8650,2588520.0,1112920.0,1960.0,Saturated,Inlet,NotOutflow,8435,0,2,4.5560874653302294e-09
8651,2588600.0,1112920.0,1960.0,Unsaturated,,NotOutflow,8436,0,1,0.01
8652,2588600.0,1113000.0,1960.0,Unsaturated,,NotOutflow,8440,0,1,0.01
8653,2587880.0,1109000.0,2040.0,Saturated,Inlet,NotOutflow,8451,2,2,1.7963289570810294e-09
8654,2587960.0,1109000.0,2040.0,Unsaturated,,NotOutflow,8452,0,1,0.01
8655,2587880.0,1109080.0,2040.0,Saturated,Inlet,NotOutflow,8453,2,3,4.423681319882724e-09
8656,2587960.0,1109080.0,2040.0,Unsaturated,,NotOutflow,8454,0,1,0.01
8657,2587880.0,1109160.0,2040.0,Saturated,Inlet,NotOutflow,8655,2,1,4.423681319882724e-09
8658,2587800.0,1109240.0,2040.0,Unsaturated,,NotOutflow,8456,0,1,0.01
8659,2587880.0,1109240.0,2040.0,Saturated,Inlet,NotOutflow,8657,1,2,8.068020488872483e-10
8660,2587800.0,1109320.0,2040.0,Unsaturated,,NotOutflow,8458,0,1,0.01
8661,2587800.0,1109400.0,2040.0,Unsaturated,,NotOutflow,8460,0,1,0.01
8662,2588760.0,1111320.0,2040.0,Unsaturated,,NotOutflow,-1,1,0,0.01
8663,2588680.0,1111400.0,2040.0,Unsaturated,,NotOutflow,-1,1,0,0.01
8664,2588760.0,1111400.0,2040.0,Saturated,,NotOutflow,-1,0,0,0.0
8665,2588680.0,1111480.0,2040.0,Saturated,,NotOutflow,-1,0,0,0.0
8666,2588760.0,1111480.0,2040.0,Saturated,,NotOutflow,-1,0,0,0.0
8667,2588680.0,1111560.0,2040.0,Saturated,,NotOutflow,-1,0,0,0.0
8668,2588760.0,1111560.0,2040.0,Unsaturated,,NotOutflow,-1,1,0,0.01
8669,2588680.0,1111640.0,2040.0,Saturated,,NotOutflow,-1,0,0,0.0
8670,2587400.0,1111720.0,2040.0,Unsaturated,,NotOutflow,8473,0,1,0.01
8671,2587480.0,1111720.0,2040.0,Unsaturated,,NotOutflow,8474,0,1,0.01
8672,2588600.0,1111720.0,2040.0,Saturated,,NotOutflow,-1,0,0,0.0
8673,2588680.0,1111720.0,2040.0,Saturated,,NotOutflow,-1,0,0,0.0
8674,2587480.0,1111800.0,2040.0,Saturated,,NotOutflow,8678,1,1,2.199090351030246e-10
8675,2588520.0,1111800.0,2040.0,Saturated,,NotOutflow,-1,0,0,0.0
8676,2588600.0,1111800.0,2040.0,Unsaturated,,NotOutflow,8479,1,1,0.01
8677,2587400.0,1111880.0,2040.0,Unsaturated,,NotOutflow,8481,0,1,0.01
8678,2587480.0,1111880.0,2040.0,Saturated,,NotOutflow,8679,1,1,2.199090351030246e-10
8679,2587560.0,1111880.0,2040.0,Saturated,,NotOutflow,8684,1,1,2.199090351030246e-10
8680,2588440.0,1111880.0,2040.0,Saturated,,NotOutflow,-1,0,0,0.0
8681,2588520.0,1111880.0,2040.0,Unsaturated,,NotOutflow,8485,1,1,0.01
8682,2587400.0,1111960.0,2040.0,Unsaturated,,NotOutflow,8487,0,1,0.01
8683,2587480.0,1111960.0,2040.0,Saturated,,NotOutflow,8488,1,1,1.0606860784947463e-11
8684,2587560.0,1111960.0,2040.0,Saturated,Inlet,NotOutflow,8489,5,3,4.159605982230443e-09
8685,2587640.0,1111960.0,2040.0,Saturated,,NotOutflow,8684,4,2,4.178787353540989e-10
8686,2587720.0,1111960.0,2040.0,Saturated,,NotOutflow,8687,2,2,9.528967332683271e-11
8687,2587800.0,1111960.0,2040.0,Saturated,,NotOutflow,8492,2,3,8.136874750276254e-09
8688,2587880.0,1111960.0,2040.0,Saturated,,NotOutflow,8687,2,2,8.183562742358488e-09
8689,2587960.0,1111960.0,2040.0,Saturated,,NotOutflow,8688,2,2,8.183562742358488e-09
8690,2588040.0,1111960.0,2040.0,Unsaturated,,NotOutflow,8495,1,1,0.01
8691,2588120.0,1111960.0,2040.0,Unsaturated,,NotOutflow,8496,1,1,0.01
8692,2588360.0,1111960.0,2040.0,Unsaturated,,NotOutflow,8497,1,1,0.01
8693,2588440.0,1111960.0,2040.0,Unsaturated,,NotOutflow,8498,1,1,0.01
8694,2587560.0,1112040.0,2040.0,Saturated,,NotOutflow,8684,1,1,1.3973047914241764e-10
8695,2587640.0,1112040.0,2040.0,Saturated,,NotOutflow,8685,2,2,2.025065176987392e-10
8696,2587800.0,1112040.0,2040.0,Unsaturated,,NotOutflow,8504,1,1,0.01
8697,2587880.0,1112040.0,2040.0,Unsaturated,,NotOutflow,8505,1,1,0.01
8698,2587960.0,1112040.0,2040.0,Saturated,Inlet,NotOutflow,8689,4,2,8.183562742358488e-09
8699,2588040.0,1112040.0,2040.0,Saturated,,NotOutflow,8698,2,1,6.2001336889332926e-09
8700,2588120.0,1112040.0,2040.0,Saturated,,NotOutflow,8699,1,1,5.602261599622491e-09
8701,2588200.0,1112040.0,2040.0,Saturated,,NotOutflow,8700,2,3,5.602261599622491e-09
8702,2588280.0,1112040.0,2040.0,Saturated,Inlet,NotOutflow,8701,3,1,1.0976211617467793e-08
8703,2588360.0,1112040.0,2040.0,Saturated,,NotOutflow,8702,3,1,7.601768426326848e-09
8704,2588440.0,1112040.0,2040.0,Saturated,,NotOutflow,8703,1,1,2.5263711470440306e-09
8705,2588520.0,1112040.0,2040.0,Saturated,,NotOutflow,8704,2,2,2.5263711470440306e-09
8706,2588600.0,1112040.0,2040.0,Unsaturated,,NotOutflow,8514,1,1,0.01
8707,2588680.0,1112040.0,2040.0,Unsaturated,,NotOutflow,-1,1,0,0.01
8708,2587320.0,1112120.0,2040.0,Unsaturated,,NotOutflow,8515,0,1,0.01
8709,2587400.0,1112120.0,2040.0,Unsaturated,,NotOutflow,8516,0,1,0.01
8710,2587480.0,1112120.0,2040.0,Saturated,,NotOutflow,8711,1,1,1.355797521914725e-12
8711,2587560.0,1112120.0,2040.0,Saturated,,NotOutflow,8518,2,2,4.2334154131217e-12
8712,2587640.0,1112120.0,2040.0,Saturated,,NotOutflow,8695,4,3,3.4223699684115686e-10
8713,2587720.0,1112120.0,2040.0,Unsaturated,,NotOutflow,8520,0,1,0.01
8714,2588200.0,1112120.0,2040.0,Unsaturated,,NotOutflow,8522,0,1,0.01
8715,2588280.0,1112120.0,2040.0,Unsaturated,,NotOutflow,8523,0,1,0.01
8716,2588360.0,1112120.0,2040.0,Unsaturated,,NotOutflow,8524,1,1,0.01
8717,2588440.0,1112120.0,2040.0,Unsaturated,,NotOutflow,8525,1,1,0.01
8718,2588520.0,1112120.0,2040.0,Saturated,Inlet,NotOutflow,8526,3,3,3.915637515819299e-09
8719,2588600.0,1112120.0,2040.0,Saturated,,NotOutflow,8718,2,2,2.7867811232258987e-09
8720,2588680.0,1112120.0,2040.0,Saturated,,NotOutflow,8719,2,2,2.7867811232258987e-09
8721,2588760.0,1112120.0,2040.0,Saturated,,NotOutflow,8720,2,3,2.7867811232258987e-09
8722,2588840.0,1112120.0,2040.0,Saturated,Inlet,NotOutflow,8721,4,1,5.304421811320898e-09
8723,2588920.0,1112120.0,2040.0,Saturated,,NotOutflow,8722,3,1,3.1897920779139843e-09
8724,2589000.0,1112120.0,2040.0,Saturated,Inlet,NotOutflow,8723,2,3,1.8624258707147398e-09
8725,2589080.0,1112120.0,2040.0,Unsaturated,,NotOutflow,8533,0,1,0.01
8726,2589160.0,1112120.0,2040.0,Unsaturated,,NotOutflow,8534,1,1,0.01
8727,2587320.0,1112200.0,2040.0,Unsaturated,,NotOutflow,8535,0,1,0.01
8728,2587400.0,1112200.0,2040.0,Unsaturated,,NotOutflow,8536,0,1,0.01
8729,2587560.0,1112200.0,2040.0,Unsaturated,,NotOutflow,8538,0,1,0.01
8730,2587640.0,1112200.0,2040.0,Saturated,Inlet,NotOutflow,8731,3,2,1.2149273753986236e-09
8731,2587720.0,1112200.0,2040.0,Saturated,Inlet,NotOutflow,8540,3,4,3.291541960531537e-09
8732,2587800.0,1112200.0,2040.0,Saturated,,NotOutflow,8731,3,3,8.232918040831144e-10
8733,2587880.0,1112200.0,2040.0,Saturated,Inlet,NotOutflow,8542,3,2,2.5632137385881508e-09
8734,2587960.0,1112200.0,2040.0,Unsaturated,,NotOutflow,8543,1,1,0.01
8735,2588120.0,1112200.0,2040.0,Unsaturated,,NotOutflow,8545,0,1,0.01
8736,2588200.0,1112200.0,2040.0,Unsaturated,,NotOutflow,8546,0,1,0.01
8737,2588840.0,1112200.0,2040.0,Unsaturated,,NotOutflow,8547,1,1,0.01
8738,2588920.0,1112200.0,2040.0,Unsaturated,,NotOutflow,8548,1,1,0.01
8739,2589000.0,1112200.0,2040.0,Saturated,,NotOutflow,8724,3,2,1.8728419650887295e-09
8740,2589080.0,1112200.0,2040.0,Saturated,,NotOutflow,8739,3,2,1.8728419650887295e-09
8741,2589160.0,1112200.0,2040.0,Saturated,,NotOutflow,8740,2,2,1.694476429678421e-09
8742,2589240.0,1112200.0,2040.0,Saturated,Inlet,NotOutflow,8741,3,3,1.694476429678421e-09
8743,2589320.0,1112200.0,2040.0,Saturated,Inlet,NotOutflow,8742,3,1,2.9494064656190867e-09
8744,2589400.0,1112200.0,2040.0,Saturated,Inlet,NotOutflow,8743,1,2,6.105957479130364e-10
8745,2589480.0,1112200.0,2040.0,Saturated,,NotOutflow,8744,2,2,1.9677810201385661e-10
8746,2587400.0,1112280.0,2040.0,Saturated,,NotOutflow,8747,1,1,3.127029391945474e-10
8747,2587480.0,1112280.0,2040.0,Saturated,,NotOutflow,8758,1,1,3.127029391945474e-10
8748,2587720.0,1112280.0,2040.0,Saturated,,NotOutflow,8562,2,1,9.4390063034291e-11
8749,2587800.0,1112280.0,2040.0,Unsaturated,,NotOutflow,8563,1,1,0.01
8750,2587880.0,1112280.0,2040.0,Unsaturated,,NotOutflow,8564,1,1,0.01
8751,2587960.0,1112280.0,2040.0,Unsaturated,,NotOutflow,8565,1,1,0.01
8752,2588040.0,1112280.0,2040.0,Saturated,,NotOutflow,8566,2,1,2.5401082423671786e-09
8753,2588120.0,1112280.0,2040.0,Saturated,,NotOutflow,8752,1,1,2.5401082423671786e-09
8754,2588200.0,1112280.0,2040.0,Unsaturated,,NotOutflow,8568,0,1,0.01
8755,2588280.0,1112280.0,2040.0,Unsaturated,,NotOutflow,8569,1,1,0.01
8756,2589400.0,1112280.0,2040.0,Unsaturated,,NotOutflow,8570,0,1,0.01
8757,2589480.0,1112280.0,2040.0,Unsaturated,,NotOutflow,8571,0,1,0.01
8758,2587480.0,1112360.0,2040.0,Saturated,Inlet,NotOutflow,8576,1,2,1.260602606774302e-09
8759,2587560.0,1112360.0,2040.0,Saturated,,NotOutflow,8760,2,1,1.0498761557362931e-09
8760,2587640.0,1112360.0,2040.0,Saturated,Inlet,NotOutflow,8578,1,2,1.909154041614943e-09
8761,2587720.0,1112360.0,2040.0,Unsaturated,,NotOutflow,8579,0,1,0.01
8762,2587800.0,1112360.0,2040.0,Unsaturated,,NotOutflow,8580,1,1,0.01
8763,2587960.0,1112360.0,2040.0,Unsaturated,,NotOutflow,8582,1,1,0.01
8764,2588040.0,1112360.0,2040.0,Unsaturated,,NotOutflow,8583,0,1,0.01
8765,2588120.0,1112360.0,2040.0,Unsaturated,,NotOutflow,8584,1,1,0.01
8766,2588200.0,1112360.0,2040.0,Unsaturated,,NotOutflow,8585,0,1,0.01
8767,2588280.0,1112360.0,2040.0,Saturated,,NotOutflow,8586,1,1,4.0994925152895753e-10
8768,2588360.0,1112360.0,2040.0,Saturated,,NotOutflow,8767,1,1,4.0994925152895753e-10
8769,2588440.0,1112360.0,2040.0,Saturated,,NotOutflow,8884,1,2,7.235006860175372e-10
8770,2588520.0,1112360.0,2040.0,Saturated,Inlet,NotOutflow,8589,2,2,2.0579955430110525e-09
8771,2588600.0,1112360.0,2040.0,Unsaturated,,NotOutflow,8590,1,1,0.01
8772,2587560.0,1112440.0,2040.0,Unsaturated,,NotOutflow,8593,0,1,0.01
8773,2587640.0,1112440.0,2040.0,Saturated,,NotOutflow,8594,1,1,4.940241711404762e-10
8774,2587720.0,1112440.0,2040.0,Unsaturated,,NotOutflow,8595,0,1,0.01
8775,2587800.0,1112440.0,2040.0,Unsaturated,,NotOutflow,8596,0,1,0.01
8776,2587880.0,1112440.0,2040.0,Unsaturated,,NotOutflow,8597,0,1,0.01
8777,2587960.0,1112440.0,2040.0,Unsaturated,,NotOutflow,8598,1,1,0.01
8778,2588040.0,1112440.0,2040.0,Saturated,,NotOutflow,8599,3,1,2.7363688125327443e-09
8779,2588120.0,1112440.0,2040.0,Saturated,,NotOutflow,8778,1,1,9.28442441415497e-11
8780,2588440.0,1112440.0,2040.0,Unsaturated,,NotOutflow,8601,1,1,0.01
8781,2588520.0,1112440.0,2040.0,Saturated,,NotOutflow,8770,3,1,1.0943027271640458e-09
8782,2588600.0,1112440.0,2040.0,Saturated,Inlet,NotOutflow,8891,1,3,8.232446167032572e-10
8783,2588680.0,1112440.0,2040.0,Saturated,,NotOutflow,8782,2,1,5.258326201396989e-10
8784,2588760.0,1112440.0,2040.0,Saturated,Inlet,NotOutflow,8783,2,3,5.258326201396989e-10
8785,2588840.0,1112440.0,2040.0,Saturated,,NotOutflow,8784,2,2,2.678537848948509e-10
8786,2588920.0,1112440.0,2040.0,Unsaturated,,NotOutflow,8607,0,1,0.01
8787,2587720.0,1112520.0,2040.0,Unsaturated,,NotOutflow,8609,0,1,0.01
8788,2587800.0,1112520.0,2040.0,Unsaturated,,NotOutflow,8610,0,1,0.01
8789,2587880.0,1112520.0,2040.0,Unsaturated,,NotOutflow,8611,0,1,0.01
8790,2587960.0,1112520.0,2040.0,Unsaturated,,NotOutflow,8612,0,1,0.01
8791,2588040.0,1112520.0,2040.0,Saturated,Inlet,NotOutflow,8778,1,1,2.6435245683911948e-09
8792,2588120.0,1112520.0,2040.0,Saturated,Inlet,NotOutflow,8791,2,3,1.2902225113720684e-09
8793,2588200.0,1112520.0,2040.0,Saturated,,NotOutflow,8792,1,1,3.056593356479027e-10
8794,2588760.0,1112520.0,2040.0,Unsaturated,,NotOutflow,8615,0,1,0.01
8795,2588840.0,1112520.0,2040.0,Saturated,,NotOutflow,8785,2,2,2.678537848948509e-10
8796,2588920.0,1112520.0,2040.0,Saturated,Inlet,NotOutflow,8797,2,3,6.599799054127349e-10
8797,2589000.0,1112520.0,2040.0,Saturated,Inlet,NotOutflow,8618,2,2,1.830022103035756e-09
8798,2589080.0,1112520.0,2040.0,Saturated,,NotOutflow,8797,1,1,1.8588726695049277e-10
8799,2587800.0,1112600.0,2040.0,Unsaturated,,NotOutflow,8624,0,1,0.01
8800,2587880.0,1112600.0,2040.0,Unsaturated,,NotOutflow,8625,0,1,0.01
8801,2587960.0,1112600.0,2040.0,Unsaturated,,NotOutflow,8626,0,1,0.01
8802,2588120.0,1112600.0,2040.0,Unsaturated,,NotOutflow,8017,0,1,0.01
8803,2588200.0,1112600.0,2040.0,Saturated,,NotOutflow,8793,1,1,3.056593356479027e-10
8804,2588280.0,1112600.0,2040.0,Unsaturated,,NotOutflow,8629,0,1,0.01
8805,2589080.0,1112600.0,2040.0,Unsaturated,,NotOutflow,8630,0,1,0.01
8806,2589160.0,1112600.0,2040.0,Unsaturated,,NotOutflow,8631,0,1,0.01
8807,2588280.0,1112680.0,2040.0,Unsaturated,,NotOutflow,8639,0,1,0.01
8808,2587880.0,1109000.0,2120.0,Unsaturated,,NotOutflow,8653,0,1,0.01
8809,2588760.0,1111320.0,2120.0,Unsaturated,,NotOutflow,8662,1,1,0.01
8810,2588680.0,1111400.0,2120.0,Unsaturated,,NotOutflow,8663,0,1,0.01
8811,2588760.0,1111400.0,2120.0,Saturated,,NotOutflow,-1,1,0,0.0
8812,2588680.0,1111480.0,2120.0,Saturated,,NotOutflow,-1,1,0,0.0
8813,2588760.0,1111480.0,2120.0,Saturated,,NotOutflow,-1,1,0,0.0
8814,2588680.0,1111560.0,2120.0,Saturated,,NotOutflow,-1,1,0,0.0
8815,2588760.0,1111560.0,2120.0,Unsaturated,,NotOutflow,8668,0,1,0.01
8816,2588680.0,1111640.0,2120.0,Saturated,,NotOutflow,-1,1,0,0.0
8817,2588600.0,1111720.0,2120.0,Saturated,,NotOutflow,-1,1,0,0.0
8818,2588680.0,1111720.0,2120.0,Saturated,,NotOutflow,-1,1,0,0.0
8819,2588520.0,1111800.0,2120.0,Saturated,,NotOutflow,-1,0,0,0.0
8820,2588600.0,1111800.0,2120.0,Unsaturated,,NotOutflow,8676,0,1,0.01
8821,2588440.0,1111880.0,2120.0,Saturated,,NotOutflow,-1,0,0,0.0
8822,2588520.0,1111880.0,2120.0,Unsaturated,,NotOutflow,8681,0,1,0.01
8823,2587560.0,1111960.0,2120.0,Unsaturated,,NotOutflow,8684,0,1,0.01
8824,2587640.0,1111960.0,2120.0,Saturated,,NotOutflow,8685,1,1,1.6868422557312737e-10
8825,2587720.0,1111960.0,2120.0,Saturated,,NotOutflow,8824,1,1,1.6868422557312737e-10
8826,2587800.0,1111960.0,2120.0,Saturated,,NotOutflow,8825,1,1,1.6868422557312737e-10
8827,2587880.0,1111960.0,2120.0,Saturated,,NotOutflow,8826,2,1,1.6868422557312737e-10
8828,2587960.0,1111960.0,2120.0,Saturated,,NotOutflow,8827,2,1,1.6868422557312737e-10
8829,2588040.0,1111960.0,2120.0,Unsaturated,,NotOutflow,8690,1,1,0.01
8830,2588120.0,1111960.0,2120.0,Unsaturated,,NotOutflow,8691,1,1,0.01
8831,2588360.0,1111960.0,2120.0,Unsaturated,,NotOutflow,8692,0,1,0.01
8832,2588440.0,1111960.0,2120.0,Unsaturated,,NotOutflow,8693,0,1,0.01
8833,2587640.0,1112040.0,2120.0,Unsaturated,,NotOutflow,8695,0,1,0.01
8834,2587800.0,1112040.0,2120.0,Unsaturated,,NotOutflow,8696,0,1,0.01
8835,2587880.0,1112040.0,2120.0,Unsaturated,,NotOutflow,8697,0,1,0.01
8836,2587960.0,1112040.0,2120.0,Saturated,Inlet,NotOutflow,8698,1,2,9.21696980772393e-10
8837,2588040.0,1112040.0,2120.0,Saturated,,NotOutflow,8699,2,2,5.978720893108007e-10
8838,2588120.0,1112040.0,2120.0,Saturated,,NotOutflow,8837,3,2,5.978720893108007e-10
8839,2588200.0,1112040.0,2120.0,Saturated,,NotOutflow,8838,3,2,5.978720893108007e-10
8840,2588280.0,1112040.0,2120.0,Saturated,,NotOutflow,8839,2,1,5.978720893108007e-10
8841,2588360.0,1112040.0,2120.0,Saturated,,NotOutflow,8703,2,2,1.4415154233242514e-09
8842,2588440.0,1112040.0,2120.0,Saturated,,NotOutflow,8843,1,2,1.913990868675924e-09
8843,2588520.0,1112040.0,2120.0,Saturated,,NotOutflow,8705,2,2,1.913990868675924e-09
8844,2588600.0,1112040.0,2120.0,Unsaturated,,NotOutflow,8706,1,1,0.01
8845,2588680.0,1112040.0,2120.0,Unsaturated,,NotOutflow,8707,1,1,0.01
8846,2587640.0,1112120.0,2120.0,Unsaturated,,NotOutflow,8712,0,1,0.01
8847,2588360.0,1112120.0,2120.0,Unsaturated,,NotOutflow,8716,1,1,0.01
8848,2588440.0,1112120.0,2120.0,Unsaturated,,NotOutflow,8717,1,1,0.01
8849,2588520.0,1112120.0,2120.0,Saturated,,NotOutflow,8718,2,1,8.031044754302769e-10
8850,2588600.0,1112120.0,2120.0,Saturated,,NotOutflow,8849,1,1,1.3693330624459068e-10
8851,2588680.0,1112120.0,2120.0,Saturated,,NotOutflow,8850,1,1,1.3693330624459068e-10
8852,2588760.0,1112120.0,2120.0,Saturated,,NotOutflow,8851,1,1,1.3693330624459068e-10
8853,2588840.0,1112120.0,2120.0,Saturated,,NotOutflow,8722,1,2,5.014044428651681e-10
8854,2588920.0,1112120.0,2120.0,Saturated,,NotOutflow,8723,1,1,4.0017968103659625e-10
8855,2589000.0,1112120.0,2120.0,Saturated,Inlet,NotOutflow,8724,2,2,7.195383903974026e-10
8856,2589080.0,1112120.0,2120.0,Saturated,,NotOutflow,8855,1,1,1.7497094303609035e-10
8857,2589160.0,1112120.0,2120.0,Unsaturated,,NotOutflow,8726,0,1,0.01
8858,2587640.0,1112200.0,2120.0,Unsaturated,,NotOutflow,8730,0,1,0.01
8859,2587720.0,1112200.0,2120.0,Unsaturated,,NotOutflow,8731,0,1,0.01
8860,2587800.0,1112200.0,2120.0,Saturated,Inlet,NotOutflow,8861,2,2,1.2014495217815737e-09
8861,2587880.0,1112200.0,2120.0,Saturated,Inlet,NotOutflow,8860,2,2,1.4113610206287774e-09
8862,2587960.0,1112200.0,2120.0,Unsaturated,,NotOutflow,8734,0,1,0.01
8863,2588840.0,1112200.0,2120.0,Unsaturated,,NotOutflow,8737,0,1,0.01
8864,2588920.0,1112200.0,2120.0,Unsaturated,,NotOutflow,8738,1,1,0.01
8865,2589000.0,1112200.0,2120.0,Unsaturated,,NotOutflow,8739,1,1,0.01
8866,2589080.0,1112200.0,2120.0,Saturated,,NotOutflow,8740,1,2,1.7836553541030866e-10
8867,2589160.0,1112200.0,2120.0,Saturated,Inlet,NotOutflow,8866,0,2,3.53336478446399e-10
8868,2589240.0,1112200.0,2120.0,Saturated,,NotOutflow,8742,1,1,2.1053937864490373e-10
8869,2587720.0,1112280.0,2120.0,Unsaturated,,NotOutflow,8748,0,1,0.01
8870,2587800.0,1112280.0,2120.0,Unsaturated,,NotOutflow,8749,0,1,0.01
8871,2587880.0,1112280.0,2120.0,Unsaturated,,NotOutflow,8750,0,1,0.01
8872,2587960.0,1112280.0,2120.0,Unsaturated,,NotOutflow,8751,0,1,0.01
8873,2588040.0,1112280.0,2120.0,Unsaturated,,NotOutflow,8752,0,1,0.01
8874,2588120.0,1112280.0,2120.0,Saturated,,NotOutflow,8753,1,1,2.5401082423671786e-09
8875,2588200.0,1112280.0,2120.0,Saturated,Inlet,NotOutflow,8874,1,1,2.5401082423671786e-09
8876,2588280.0,1112280.0,2120.0,Unsaturated,,NotOutflow,8755,0,1,0.01
8877,2587800.0,1112360.0,2120.0,Unsaturated,,NotOutflow,8762,0,1,0.01
8878,2587880.0,1112360.0,2120.0,Unsaturated,,NotOutflow,8581,0,1,0.01
8879,2587960.0,1112360.0,2120.0,Unsaturated,,NotOutflow,8763,0,1,0.01
8880,2588120.0,1112360.0,2120.0,Unsaturated,,NotOutflow,8765,0,1,0.01
8881,2588200.0,1112360.0,2120.0,Saturated,Inlet,NotOutflow,8875,1,2,1.412356528184573e-09
8882,2588280.0,1112360.0,2120.0,Saturated,,NotOutflow,8881,2,2,8.846239368057364e-10
8883,2588360.0,1112360.0,2120.0,Saturated,,NotOutflow,8882,2,2,8.846239368057364e-10
8884,2588440.0,1112360.0,2120.0,Saturated,,NotOutflow,8883,3,2,8.846239368057364e-10
8885,2588520.0,1112360.0,2120.0,Saturated,Inlet,NotOutflow,8770,2,2,1.5332668963021987e-09
8886,2588600.0,1112360.0,2120.0,Unsaturated,,NotOutflow,8771,0,1,0.01
8887,2587960.0,1112440.0,2120.0,Unsaturated,,NotOutflow,8777,0,1,0.01
8888,2588040.0,1112440.0,2120.0,Unsaturated,,NotOutflow,8778,0,1,0.01
8889,2588440.0,1112440.0,2120.0,Unsaturated,,NotOutflow,8780,0,1,0.01
8890,2588520.0,1112440.0,2120.0,Saturated,Inlet,NotOutflow,8885,1,3,1.0943710242866288e-09
8891,2588600.0,1112440.0,2120.0,Saturated,Inlet,NotOutflow,8890,2,1,1.7281151822817763e-09
8892,2588680.0,1112440.0,2120.0,Unsaturated,,NotOutflow,8783,0,1,0.01
8893,2588760.0,1112440.0,2120.0,Unsaturated,,NotOutflow,8784,0,1,0.01
8894,2588120.0,1112520.0,2120.0,Unsaturated,,NotOutflow,8792,0,1,0.01
8895,2588760.0,1111320.0,2200.0,Unsaturated,,NotOutflow,8809,0,1,0.01
8896,2588760.0,1111400.0,2200.0,Unsaturated,,NotOutflow,8811,0,1,0.01
8897,2588680.0,1111480.0,2200.0,Unsaturated,,NotOutflow,8812,0,1,0.01
8898,2588760.0,1111480.0,2200.0,Unsaturated,,NotOutflow,8813,0,1,0.01
8899,2588680.0,1111560.0,2200.0,Unsaturated,,NotOutflow,8814,0,1,0.01
8900,2588680.0,1111640.0,2200.0,Unsaturated,,NotOutflow,8816,0,1,0.01
8901,2588600.0,1111720.0,2200.0,Unsaturated,,NotOutflow,8817,0,1,0.01
8902,2588680.0,1111720.0,2200.0,Unsaturated,,NotOutflow,8818,0,1,0.01
8903,2587880.0,1111960.0,2200.0,Unsaturated,,NotOutflow,8827,0,1,0.01
8904,2587960.0,1111960.0,2200.0,Unsaturated,,NotOutflow,8828,0,1,0.01
8905,2588040.0,1111960.0,2200.0,Unsaturated,,NotOutflow,8829,0,1,0.01
8906,2588120.0,1111960.0,2200.0,Unsaturated,,NotOutflow,8830,0,1,0.01
8907,2587960.0,1112040.0,2200.0,Saturated,Inlet,NotOutflow,8836,0,2,5.26505349254218e-10
8908,2588040.0,1112040.0,2200.0,Saturated,,NotOutflow,8837,1,1,3.7370507837084806e-11
8909,2588120.0,1112040.0,2200.0,Unsaturated,,NotOutflow,8838,0,1,0.01
8910,2588200.0,1112040.0,2200.0,Unsaturated,,NotOutflow,8839,0,1,0.01
8911,2588280.0,1112040.0,2200.0,Unsaturated,,NotOutflow,8840,0,1,0.01
8912,2588360.0,1112040.0,2200.0,Saturated,,NotOutflow,8841,1,1,7.949674519110903e-10
8913,2588440.0,1112040.0,2200.0,Saturated,Inlet,NotOutflow,8842,1,2,3.1584109293998857e-09
8914,2588520.0,1112040.0,2200.0,Saturated,Inlet,NotOutflow,8913,1,2,2.261750810037068e-09
8915,2588600.0,1112040.0,2200.0,Unsaturated,,NotOutflow,8844,0,1,0.01
8916,2588680.0,1112040.0,2200.0,Unsaturated,,NotOutflow,8845,0,1,0.01
8917,2588360.0,1112120.0,2200.0,Unsaturated,,NotOutflow,8847,0,1,0.01
8918,2588440.0,1112120.0,2200.0,Unsaturated,,NotOutflow,8848,0,1,0.01
8919,2588520.0,1112120.0,2200.0,Saturated,Inlet,NotOutflow,8914,1,1,1.2362944079488461e-09
8920,2588600.0,1112120.0,2200.0,Saturated,Inlet,NotOutflow,8919,1,2,6.724185508575433e-10
8921,2588680.0,1112120.0,2200.0,Saturated,,NotOutflow,8920,2,2,1.9738651300993819e-10
8922,2588760.0,1112120.0,2200.0,Saturated,,NotOutflow,8921,2,2,1.9738651300993819e-10
8923,2588840.0,1112120.0,2200.0,Saturated,Inlet,NotOutflow,8853,1,3,6.383377491097589e-10
8924,2588920.0,1112120.0,2200.0,Saturated,,NotOutflow,8925,1,1,3.808712713066059e-10
8925,2589000.0,1112120.0,2200.0,Saturated,,NotOutflow,8855,1,1,3.808712713066059e-10
8926,2588920.0,1112200.0,2200.0,Unsaturated,,NotOutflow,8864,0,1,0.01
8927,2589000.0,1112200.0,2200.0,Unsaturated,,NotOutflow,8865,0,1,0.01
